-- phpMyAdmin SQL Dump
-- version 4.5.4.1deb2ubuntu2.1
-- http://www.phpmyadmin.net
--
-- Host: localhost
-- Generation Time: Dec 05, 2019 at 12:53 PM
-- Server version: 5.7.27-0ubuntu0.16.04.1
-- PHP Version: 7.2.19-1+ubuntu16.04.1+deb.sury.org+1

SET SQL_MODE = "NO_AUTO_VALUE_ON_ZERO";
SET time_zone = "+00:00";


/*!40101 SET @OLD_CHARACTER_SET_CLIENT=@@CHARACTER_SET_CLIENT */;
/*!40101 SET @OLD_CHARACTER_SET_RESULTS=@@CHARACTER_SET_RESULTS */;
/*!40101 SET @OLD_COLLATION_CONNECTION=@@COLLATION_CONNECTION */;
/*!40101 SET NAMES utf8mb4 */;

--
-- Database: `adminbusinessplus`
--

-- --------------------------------------------------------

--
-- Table structure for table `actionp_edit_comments`
--

CREATE TABLE `actionp_edit_comments` (
  `id` int(10) UNSIGNED NOT NULL,
  `deleted_at` timestamp NULL DEFAULT NULL,
  `created_at` timestamp NULL DEFAULT NULL,
  `updated_at` timestamp NULL DEFAULT NULL,
  `user_id` int(10) UNSIGNED NOT NULL DEFAULT '1',
  `comment` text COLLATE utf8_unicode_ci NOT NULL,
  `action_plan_id` int(10) UNSIGNED NOT NULL DEFAULT '1'
) ENGINE=InnoDB DEFAULT CHARSET=utf8 COLLATE=utf8_unicode_ci;

--
-- Dumping data for table `actionp_edit_comments`
--

INSERT INTO `actionp_edit_comments` (`id`, `deleted_at`, `created_at`, `updated_at`, `user_id`, `comment`, `action_plan_id`) VALUES
(64, NULL, '2019-06-19 01:02:04', '2019-06-19 01:02:04', 22, 'sdsds', 115),
(65, NULL, '2019-06-19 06:21:57', '2019-06-19 06:21:57', 22, 'sdsds', 115),
(66, NULL, '2019-06-19 06:38:14', '2019-06-19 06:38:14', 22, 'sdsds', 115),
(67, NULL, '2019-06-22 16:41:11', '2019-06-22 16:41:11', 20, 'Correction', 92),
(68, NULL, '2019-06-27 16:14:44', '2019-06-27 16:14:44', 20, 'Correction', 106),
(69, NULL, '2019-06-28 05:56:32', '2019-06-28 05:56:32', 20, 'test', 89),
(70, NULL, '2019-06-28 06:48:07', '2019-06-28 06:48:07', 20, 'gh', 125),
(71, NULL, '2019-06-28 06:50:50', '2019-06-28 06:50:50', 20, 'sds', 125),
(72, NULL, '2019-06-28 06:54:13', '2019-06-28 06:54:13', 20, 'test', 125),
(73, NULL, '2019-06-28 06:58:02', '2019-06-28 06:58:02', 20, 'test', 125),
(74, NULL, '2019-06-28 09:37:45', '2019-06-28 09:37:45', 20, '30', 125),
(75, NULL, '2019-06-28 09:39:49', '2019-06-28 09:39:49', 20, 'hhiiii', 125),
(76, NULL, '2019-06-29 08:59:30', '2019-06-29 08:59:30', 20, 'hhiii', 106),
(77, NULL, '2019-06-29 09:00:26', '2019-06-29 09:00:26', 22, 'hhhhh', 115),
(78, NULL, '2019-07-02 10:54:33', '2019-07-02 10:54:33', 20, 'test', 87),
(79, NULL, '2019-07-02 10:57:31', '2019-07-02 10:57:31', 20, 'test', 92),
(80, NULL, '2019-07-02 11:30:51', '2019-07-02 11:30:51', 20, 'test', 120),
(81, NULL, '2019-07-02 11:35:21', '2019-07-02 11:35:21', 20, 'test', 106),
(82, NULL, '2019-07-02 11:40:38', '2019-07-02 11:40:38', 20, 'test', 131),
(83, NULL, '2019-07-30 10:04:21', '2019-07-30 10:04:21', 20, 'add kpi', 121),
(84, NULL, '2019-07-30 10:05:20', '2019-07-30 10:05:20', 20, 'add kpi', 124),
(85, NULL, '2019-07-31 06:53:13', '2019-07-31 06:53:13', 20, 'hhhhh', 81),
(86, NULL, '2019-08-01 16:43:59', '2019-08-01 16:43:59', 20, 'hhii', 126),
(87, NULL, '2019-08-01 16:44:16', '2019-08-01 16:44:16', 20, 'hhiiiiii', 89),
(88, NULL, '2019-08-01 16:44:30', '2019-08-01 16:44:30', 20, 'hhhiii', 124),
(89, NULL, '2019-08-01 16:44:44', '2019-08-01 16:44:44', 20, 'hhhiii', 106),
(90, NULL, '2019-08-01 16:44:55', '2019-08-01 16:44:55', 20, 'hhiiii', 122),
(91, NULL, '2019-08-01 16:45:07', '2019-08-01 16:45:07', 20, 'hhiiii', 118),
(92, NULL, '2019-08-01 16:54:14', '2019-08-01 16:54:14', 20, 'hhhiiii', 127),
(93, NULL, '2019-08-01 16:54:51', '2019-08-01 16:54:51', 20, 'hhhiii', 87),
(94, NULL, '2019-08-01 16:54:51', '2019-08-01 16:54:51', 20, 'hhhiii', 87),
(95, NULL, '2019-08-06 06:06:19', '2019-08-06 06:06:19', 20, 'Prashant', 121),
(96, NULL, '2019-09-27 16:19:16', '2019-09-27 16:19:16', 20, 'Change', 132),
(97, NULL, '2019-09-27 16:20:39', '2019-09-27 16:20:39', 20, 'Trial', 81),
(98, NULL, '2019-09-27 16:21:12', '2019-09-27 16:21:12', 20, 'Trial', 87),
(99, NULL, '2019-10-02 09:42:21', '2019-10-02 09:42:21', 20, 'change', 132),
(100, NULL, '2019-10-04 09:47:10', '2019-10-04 09:47:10', 20, 'change owner ', 90),
(101, NULL, '2019-10-04 09:47:49', '2019-10-04 09:47:49', 20, 'change kpi ', 89),
(102, NULL, '2019-10-04 09:48:13', '2019-10-04 09:48:13', 20, 'hhiii', 91),
(103, NULL, '2019-10-04 09:48:13', '2019-10-04 09:48:13', 20, 'hhiii', 91),
(104, NULL, '2019-10-04 10:35:42', '2019-10-04 10:35:42', 20, 'test', 89),
(105, NULL, '2019-10-04 10:36:02', '2019-10-04 10:36:02', 20, 'test', 90),
(106, NULL, '2019-10-04 11:22:11', '2019-10-04 11:22:11', 20, 'test', 90),
(107, NULL, '2019-10-04 12:21:30', '2019-10-04 12:21:30', 20, 'test', 132),
(108, NULL, '2019-10-05 06:43:56', '2019-10-05 06:43:56', 48, 'test', 151),
(109, NULL, '2019-10-05 10:21:06', '2019-10-05 10:21:06', 48, 'test', 139),
(110, NULL, '2019-10-05 10:21:50', '2019-10-05 10:21:50', 48, 'test', 139),
(111, NULL, '2019-10-05 10:22:32', '2019-10-05 10:22:32', 48, 'test', 145),
(112, NULL, '2019-10-05 10:23:11', '2019-10-05 10:23:11', 48, 'test', 146),
(113, NULL, '2019-10-05 10:23:50', '2019-10-05 10:23:50', 48, 'test', 153),
(114, NULL, '2019-10-05 10:24:48', '2019-10-05 10:24:48', 48, 'test', 152),
(115, NULL, '2019-10-05 10:25:20', '2019-10-05 10:25:20', 48, 'test', 147),
(116, NULL, '2019-10-05 10:26:13', '2019-10-05 10:26:13', 48, 'test', 142),
(117, NULL, '2019-10-05 10:27:16', '2019-10-05 10:27:16', 48, 'test', 140),
(118, NULL, '2019-10-05 10:46:31', '2019-10-05 10:46:31', 48, 'test', 154),
(119, NULL, '2019-10-05 10:46:54', '2019-10-05 10:46:54', 48, 'test', 150),
(120, NULL, '2019-10-05 10:47:04', '2019-10-05 10:47:04', 48, 'test', 143),
(121, NULL, '2019-10-05 10:47:25', '2019-10-05 10:47:25', 48, 'test', 148),
(122, NULL, '2019-10-18 02:03:53', '2019-10-18 02:03:53', 20, 'Correction', 87),
(123, NULL, '2019-10-18 08:46:08', '2019-10-18 08:46:08', 20, 'test', 126),
(124, NULL, '2019-10-18 08:46:34', '2019-10-18 08:46:34', 20, 'test', 126),
(125, NULL, '2019-10-18 08:49:44', '2019-10-18 08:49:44', 20, 'test', 127),
(126, NULL, '2019-10-19 06:04:57', '2019-10-19 06:04:57', 20, 'test', 87),
(127, NULL, '2019-10-19 09:10:19', '2019-10-19 09:10:19', 20, 'Modified', 91),
(128, NULL, '2019-10-19 09:14:07', '2019-10-19 09:14:07', 20, 'Modified', 123),
(129, NULL, '2019-10-19 09:19:06', '2019-10-19 09:19:06', 20, 'Modified', 117),
(130, NULL, '2019-10-19 10:49:23', '2019-10-19 10:49:23', 20, 'Modified', 123),
(131, NULL, '2019-10-19 11:04:43', '2019-10-19 11:04:43', 20, 'Modify', 131),
(132, NULL, '2019-10-19 11:08:30', '2019-10-19 11:08:30', 20, 'Modify', 106),
(133, NULL, '2019-10-19 11:23:28', '2019-10-19 11:23:28', 20, ' Change', 124),
(134, NULL, '2019-10-19 14:51:17', '2019-10-19 14:51:17', 20, 'Change', 87),
(135, NULL, '2019-10-19 14:52:55', '2019-10-19 14:52:55', 20, 'Modify', 155),
(136, NULL, '2019-10-19 14:58:09', '2019-10-19 14:58:09', 20, 'Modify', 132),
(137, NULL, '2019-10-19 15:42:46', '2019-10-19 15:42:46', 20, 'Modified', 117),
(138, NULL, '2019-10-22 13:08:54', '2019-10-22 13:08:54', 20, 'Change', 81),
(139, NULL, '2019-10-22 13:41:32', '2019-10-22 13:41:32', 20, 'Change', 81),
(140, NULL, '2019-10-30 14:08:20', '2019-10-30 14:08:20', 20, 'review', 158),
(141, NULL, '2019-11-06 13:58:59', '2019-11-06 13:58:59', 20, 'change for date', 123),
(142, NULL, '2019-11-06 14:08:14', '2019-11-06 14:08:14', 20, 'change for date', 91),
(143, NULL, '2019-11-06 14:13:24', '2019-11-06 14:13:24', 20, 'test', 132),
(144, NULL, '2019-11-06 14:15:23', '2019-11-06 14:15:23', 20, 'test', 126),
(145, NULL, '2019-11-06 14:16:13', '2019-11-06 14:16:13', 20, 'test', 127),
(146, NULL, '2019-11-06 14:26:50', '2019-11-06 14:26:50', 20, 'test', 118),
(147, NULL, '2019-11-06 14:28:56', '2019-11-06 14:28:56', 20, 'test', 122),
(148, NULL, '2019-11-07 05:53:13', '2019-11-07 05:53:13', 20, 'test', 117),
(149, NULL, '2019-11-07 05:58:19', '2019-11-07 05:58:19', 20, 'test', 117),
(150, NULL, '2019-11-07 05:59:09', '2019-11-07 05:59:09', 20, 'test', 158),
(151, NULL, '2019-11-07 06:40:44', '2019-11-07 06:40:44', 20, 'test', 89),
(152, NULL, '2019-11-07 06:41:44', '2019-11-07 06:41:44', 20, 'test', 90),
(153, NULL, '2019-11-07 06:42:33', '2019-11-07 06:42:33', 20, 'test', 124),
(154, NULL, '2019-11-07 06:50:37', '2019-11-07 06:50:37', 20, 'change  date', 90),
(155, NULL, '2019-11-07 06:51:12', '2019-11-07 06:51:12', 20, 'change date', 124),
(156, NULL, '2019-11-07 06:51:50', '2019-11-07 06:51:50', 20, 'change date', 124),
(157, NULL, '2019-11-27 04:48:48', '2019-11-27 04:48:48', 20, 'Change  reminder date', 132),
(158, NULL, '2019-11-27 04:52:31', '2019-11-27 04:52:31', 20, 'test', 132),
(159, NULL, '2019-11-27 04:53:34', '2019-11-27 04:53:34', 20, 'change Reminder date ', 81),
(160, NULL, '2019-11-27 04:53:53', '2019-11-27 04:53:53', 20, 'change Reminder date ', 156),
(161, NULL, '2019-11-27 04:54:08', '2019-11-27 04:54:08', 20, 'change Reminder date ', 120),
(162, NULL, '2019-11-27 04:54:19', '2019-11-27 04:54:19', 20, 'change Reminder date ', 87),
(163, NULL, '2019-11-27 04:54:27', '2019-11-27 04:54:27', 20, 'change Reminder date ', 155),
(164, NULL, '2019-11-27 04:54:36', '2019-11-27 04:54:36', 20, 'change Reminder date ', 126),
(165, NULL, '2019-11-27 04:54:46', '2019-11-27 04:54:46', 20, 'change Reminder date ', 127),
(166, NULL, '2019-11-27 04:55:10', '2019-11-27 04:55:10', 20, 'change Reminder date ', 137),
(167, NULL, '2019-11-27 04:55:20', '2019-11-27 04:55:20', 20, 'change Reminder date ', 89),
(168, NULL, '2019-11-27 04:55:29', '2019-11-27 04:55:29', 20, 'change Reminder date ', 90),
(169, NULL, '2019-11-27 04:55:45', '2019-11-27 04:55:45', 20, 'change Reminder date ', 124),
(170, NULL, '2019-11-27 04:55:59', '2019-11-27 04:55:59', 20, 'change Reminder date ', 91),
(171, NULL, '2019-11-27 04:56:30', '2019-11-27 04:56:30', 20, 'change Reminder date ', 117),
(172, NULL, '2019-11-27 04:56:42', '2019-11-27 04:56:42', 20, 'change Reminder date ', 158),
(173, NULL, '2019-11-27 04:57:15', '2019-11-27 04:57:15', 20, 'change Reminder date ', 92),
(174, NULL, '2019-11-27 04:57:25', '2019-11-27 04:57:25', 20, 'change Reminder date ', 118),
(175, NULL, '2019-11-27 04:57:34', '2019-11-27 04:57:34', 20, 'change Reminder date ', 122),
(176, NULL, '2019-11-27 04:57:43', '2019-11-27 04:57:43', 20, 'change Reminder date ', 130),
(177, NULL, '2019-11-27 04:57:52', '2019-11-27 04:57:52', 20, 'change Reminder date ', 131),
(178, NULL, '2019-11-27 04:58:13', '2019-11-27 04:58:13', 20, 'change Reminder date ', 121),
(179, NULL, '2019-11-27 04:58:35', '2019-11-27 04:58:35', 20, 'change Reminder date ', 106),
(180, NULL, '2019-11-27 04:58:44', '2019-11-27 04:58:44', 20, 'change Reminder date ', 157),
(181, NULL, '2019-11-27 06:33:10', '2019-11-27 06:33:10', 20, 'test', 106),
(182, NULL, '2019-11-27 06:44:08', '2019-11-27 06:44:08', 20, 'test', 106),
(183, NULL, '2019-11-27 06:44:13', '2019-11-27 06:44:13', 20, 'test', 106),
(184, NULL, '2019-12-02 10:25:59', '2019-12-02 10:25:59', 20, 'test', 120);

-- --------------------------------------------------------

--
-- Table structure for table `action_plans`
--

CREATE TABLE `action_plans` (
  `id` int(10) UNSIGNED NOT NULL,
  `deleted_at` timestamp NULL DEFAULT NULL,
  `created_at` timestamp NULL DEFAULT NULL,
  `updated_at` timestamp NULL DEFAULT NULL,
  `definition` text COLLATE utf8_unicode_ci NOT NULL,
  `target` varchar(200) COLLATE utf8_unicode_ci NOT NULL,
  `start_date` date NOT NULL,
  `control_point` varchar(255) COLLATE utf8_unicode_ci NOT NULL,
  `owner` int(10) UNSIGNED NOT NULL DEFAULT '1',
  `co_owner` varchar(256) COLLATE utf8_unicode_ci NOT NULL DEFAULT '[]',
  `status` int(10) UNSIGNED NOT NULL DEFAULT '1',
  `unit_id` int(10) UNSIGNED NOT NULL DEFAULT '1',
  `user_id` int(10) UNSIGNED NOT NULL DEFAULT '1',
  `initiatives_id` int(10) UNSIGNED NOT NULL DEFAULT '1',
  `dept_id` int(10) UNSIGNED NOT NULL DEFAULT '1',
  `percentage` varchar(256) COLLATE utf8_unicode_ci NOT NULL,
  `end_date` date NOT NULL,
  `sr_no` varchar(20) COLLATE utf8_unicode_ci NOT NULL DEFAULT '',
  `previous_status` int(10) UNSIGNED NOT NULL,
  `reminder_date` varchar(20) COLLATE utf8_unicode_ci NOT NULL
) ENGINE=InnoDB DEFAULT CHARSET=utf8 COLLATE=utf8_unicode_ci;

--
-- Dumping data for table `action_plans`
--

INSERT INTO `action_plans` (`id`, `deleted_at`, `created_at`, `updated_at`, `definition`, `target`, `start_date`, `control_point`, `owner`, `co_owner`, `status`, `unit_id`, `user_id`, `initiatives_id`, `dept_id`, `percentage`, `end_date`, `sr_no`, `previous_status`, `reminder_date`) VALUES
(7, '2019-02-28 05:24:17', '2019-01-25 01:38:02', '2019-02-19 03:51:01', 'sfsfdsdf111111111111', '20', '2019-01-10', 'Monthly', 15, '[1,15]', 1, 2, 15, 1, 1, '0', '0000-00-00', '', 0, '0000-00-00'),
(8, '2019-03-01 12:59:17', '2019-01-25 01:38:53', '2019-02-18 05:38:11', 'sfsfdsdf1', '20', '2019-01-10', 'Monthly', 15, '[1,15]', 1, 2, 15, 2, 1, '0', '0000-00-00', '', 0, '0000-00-00'),
(9, '2019-03-01 12:59:17', '2019-01-30 10:33:42', '2019-01-30 10:33:42', 'Action first', '5', '2019-01-30', 'Monthly', 1, '[1,2]', 1, 3, 20, 2, 1, '0', '0000-00-00', '', 0, '0000-00-00'),
(10, '2019-03-01 12:59:17', '2019-01-30 10:34:29', '2019-02-13 07:36:36', 'Action second', '20', '2019-01-30', 'Quarterly', 1, '[17,18,20]', 1, 3, 20, 2, 1, '0', '0000-00-00', '', 0, '0000-00-00'),
(11, '2019-03-01 12:58:50', '2019-01-30 11:35:21', '2019-02-21 01:37:04', 'Action plan 3', '30', '2019-01-31', 'Monthly', 1, '[15]', 1, 3, 20, 4, 1, '0', '0000-00-00', '', 0, '0000-00-00'),
(12, '2019-03-01 12:59:14', '2019-01-30 11:36:43', '2019-01-31 12:57:16', 'Action plan', '20', '2019-01-30', 'Half Yearly', 1, '[1]', 1, 3, 20, 3, 1, '0', '0000-00-00', '', 0, '0000-00-00'),
(13, '2019-03-01 12:59:14', '2019-02-01 05:33:36', '2019-02-01 05:33:36', 'Action 3', '20', '2019-02-01', 'Quarterly', 1, '[2]', 1, 3, 20, 3, 1, '0', '0000-00-00', '', 0, '0000-00-00'),
(14, '2019-03-01 12:59:14', '2019-02-01 05:46:30', '2019-02-01 05:46:30', 'Action3', '44', '2019-02-01', 'Quarterly', 1, '[3]', 1, 3, 20, 3, 1, '0', '0000-00-00', '', 0, '0000-00-00'),
(15, '2019-03-01 12:59:14', '2019-02-01 05:55:28', '2019-02-01 05:55:28', 'Action3', '222', '2019-02-01', 'Quarterly', 1, '[16]', 1, 3, 20, 3, 1, '0', '0000-00-00', '', 0, '0000-00-00'),
(16, '2019-03-01 12:59:14', '2019-02-01 05:57:34', '2019-02-01 05:57:34', 'Action3', '222', '2019-02-01', 'Quarterly', 1, '[2]', 1, 3, 20, 3, 1, '0', '0000-00-00', '', 0, '0000-00-00'),
(17, '2019-02-28 05:24:14', '2019-02-03 10:56:27', '2019-02-03 10:58:27', 'Review Zone wise progress', '20', '2019-02-12', 'Quarterly', 1, '[1]', 1, 2, 15, 5, 1, '0', '0000-00-00', '', 0, '0000-00-00'),
(18, '2019-02-28 05:20:44', '2019-02-05 18:07:38', '2019-02-21 13:36:47', 'sgshajajaja', '50%', '2019-02-13', 'Quarterly', 1, '[16]', 1, 3, 15, 4, 1, '0', '0000-00-00', '', 0, '0000-00-00'),
(19, '2019-02-08 10:00:44', '2019-02-08 09:42:17', '2019-02-08 09:42:17', 'ACTION details ', 'none ', '2019-02-06', 'Quarterly', 1, '[3]', 1, 1, 21, 9, 1, '0', '0000-00-00', '', 0, '0000-00-00'),
(20, '2019-02-08 10:01:21', '2019-02-08 09:43:45', '2019-02-08 09:43:45', 'action 2 ', 'valued ', '2018-12-06', 'Yearly', 1, '[15]', 1, 1, 21, 8, 1, '0', '0000-00-00', '', 0, '0000-00-00'),
(21, '2019-02-28 05:31:06', '2019-02-08 09:52:37', '2019-02-28 05:31:06', 'action details ', 'requried ', '2019-02-08', 'Half Yearly', 1, '[1,2,3,15,16,17,18,19,20,21]', 1, 1, 21, 10, 1, '0', '0000-00-00', '', 0, '0000-00-00'),
(22, '2019-02-28 05:30:55', '2019-02-08 10:22:52', '2019-02-28 05:30:55', 'action ', '121', '2019-02-04', 'Quarterly', 1, '[1,2,3,15,16,17,18,19,20,21]', 1, 1, 21, 9, 1, '0', '0000-00-00', '', 0, '0000-00-00'),
(23, '2019-02-28 05:24:14', '2019-02-10 18:58:29', '2019-02-10 18:58:29', 'Set 5 dealers', '5 ', '2019-02-13', 'Quarterly', 1, '[15]', 1, 2, 15, 5, 1, '0', '0000-00-00', '', 0, '0000-00-00'),
(24, '2019-02-28 05:24:14', '2019-02-10 18:58:31', '2019-02-10 18:58:31', 'Set 5 dealers', '5 ', '2019-02-13', 'Quarterly', 1, '[15]', 1, 2, 15, 5, 1, '0', '0000-00-00', '', 0, '0000-00-00'),
(25, '2019-02-28 05:20:39', '2019-02-12 09:18:33', '2019-02-21 13:35:38', 'aaaaaaaaaaaa', 'bbbbbbbbbbb', '2019-02-12', 'Yearly', 1, '[2]', 1, 3, 15, 7, 1, '0', '0000-00-00', '', 0, '0000-00-00'),
(26, '2019-03-01 12:59:14', '2019-02-12 09:56:53', '2019-02-12 09:56:53', 'aaaaaaaa', 'aaaaaaaaaaaaaaaaa', '2019-02-12', 'Quarterly', 1, '[1]', 1, 3, 15, 3, 1, '0', '0000-00-00', '', 0, '0000-00-00'),
(27, '2019-03-01 12:59:14', '2019-02-12 10:00:00', '2019-02-12 10:00:00', 'aaaaaaaaaaaaaaaaa', 'aaaaaaaaaaaaa', '2019-02-12', 'Quarterly', 1, '[2,15]', 1, 3, 15, 3, 1, '0', '0000-00-00', '', 0, '0000-00-00'),
(28, '2019-02-28 05:24:17', '2019-02-25 13:49:39', '2019-02-25 13:49:39', 'ttttt', 'ttt', '2019-02-25', 'Quarterly', 1, '[2]', 1, 2, 20, 1, 1, '0', '0000-00-00', '', 0, '0000-00-00'),
(29, '2019-02-28 05:24:14', '2019-02-25 13:50:58', '2019-02-25 13:50:58', 'xacSACsa', 'sca', '2019-02-25', 'Monthly', 1, '[2]', 1, 2, 20, 5, 1, '0', '0000-00-00', '', 0, '0000-00-00'),
(30, '2019-02-28 05:24:14', '2019-02-25 13:50:59', '2019-02-25 13:50:59', 'xacSACsa', 'sca', '2019-02-25', 'Monthly', 1, '[2]', 1, 2, 20, 5, 1, '0', '0000-00-00', '', 0, '0000-00-00'),
(31, '2019-03-01 12:59:17', '2019-03-01 11:01:20', '2019-03-01 11:01:20', 'test', 'hhh', '2019-03-02', 'Monthly', 1, '[2,16]', 1, 3, 20, 2, 1, '0', '0000-00-00', '', 0, '0000-00-00'),
(32, '2019-03-01 12:59:14', '2019-03-01 11:01:46', '2019-03-01 11:01:46', 'test2', '2', '2019-03-01', 'Quarterly', 1, '[2]', 1, 3, 20, 3, 1, '0', '0000-00-00', '', 0, '0000-00-00'),
(33, '2019-03-01 12:59:14', '2019-03-01 11:02:06', '2019-03-01 11:02:06', 'test3', '2', '2019-03-01', 'Monthly', 1, '[3,16]', 1, 3, 20, 3, 1, '0', '0000-00-00', '', 0, '0000-00-00'),
(34, '2019-03-01 12:59:14', '2019-03-01 11:02:30', '2019-03-01 11:02:30', 'test4', '1', '2019-03-01', 'Monthly', 1, '[1,15]', 1, 3, 20, 3, 1, '0', '0000-00-00', '', 0, '0000-00-00'),
(35, '2019-03-01 01:51:57', '2019-03-01 13:00:05', '2019-03-01 13:18:00', 'Action', '0', '2019-03-01', 'Monthly', 1, '[1,2,19,20,21]', 1, 3, 20, 18, 1, '0', '0000-00-00', '', 0, '0000-00-00'),
(36, '2019-03-01 01:51:57', '2019-03-01 13:00:30', '2019-03-01 13:23:21', 'Action 1', '0', '2019-03-25', 'Monthly', 1, '[2,15,16]', 1, 3, 20, 18, 1, '0', '0000-00-00', '', 0, '0000-00-00'),
(37, '2019-03-01 01:52:27', '2019-03-01 13:01:07', '2019-03-01 13:23:15', 'Action first', '2', '2019-03-01', 'Monthly', 1, '[2,17,19,20,21,23]', 1, 3, 20, 11, 1, '0', '0000-00-00', '', 0, '0000-00-00'),
(38, '2019-03-01 01:51:54', '2019-03-01 13:01:26', '2019-03-01 13:23:10', 'Action 2', '1', '2019-03-01', 'Quarterly', 1, '[1,2,15]', 1, 3, 20, 16, 1, '0', '0000-00-00', '', 0, '0000-00-00'),
(39, '2019-03-01 01:51:57', '2019-03-01 13:08:28', '2019-03-01 13:23:04', 'Action', '2', '2019-03-01', 'Monthly', 1, '[1,15,16,17,18]', 1, 3, 20, 15, 1, '0', '0000-00-00', '', 0, '0000-00-00'),
(40, '2019-03-01 01:52:24', '2019-03-01 13:09:11', '2019-03-01 13:22:58', 'Action', '1', '2019-03-25', 'Monthly', 1, '[1,15]', 1, 3, 20, 4, 1, '0', '0000-00-00', '', 0, '0000-00-00'),
(41, '2019-03-01 02:12:32', '2019-03-01 13:54:51', '2019-03-01 14:09:39', 'Action 1', '1', '2019-03-01', 'Monthly', 1, '[2,16,20]', 1, 3, 20, 19, 1, '0', '0000-00-00', '', 0, '0000-00-00'),
(42, '2019-03-01 02:12:25', '2019-03-01 14:00:26', '2019-03-01 14:00:26', 'Action 2', '1', '2019-03-01', 'Monthly', 1, '[1,20,22]', 1, 3, 20, 21, 1, '0', '0000-00-00', '', 0, '0000-00-00'),
(43, '2019-03-12 00:00:00', '2019-03-01 14:05:15', '2019-03-01 14:07:46', 'Action 3', '1', '2019-03-01', 'Quarterly', 1, '[19,20,22]', 1, 3, 20, 4, 1, '0', '0000-00-00', '', 0, '0000-00-00'),
(44, '2019-03-14 09:05:56', '2019-03-01 14:14:49', '2019-03-14 09:05:05', 'Action 1', '1', '2019-03-01', 'Monthly', 1, '[2,15,16,17,18,20,21]', 1, 3, 20, 23, 3, '0', '0000-00-00', '', 0, '0000-00-00'),
(45, '2019-03-19 10:24:50', '2019-03-01 14:22:36', '2019-03-19 10:21:28', 'Action 2', '1', '2019-03-01', 'Monthly', 1, '[2,20,21]', 1, 3, 20, 24, 4, '0', '0000-00-00', '', 0, '0000-00-00'),
(46, '2019-03-19 10:24:40', '2019-03-01 14:25:25', '2019-03-19 10:22:15', 'Action 3', '1', '2019-03-01', 'Monthly', 1, '[1,20,22]', 1, 3, 20, 25, 7, '0', '0000-00-00', '', 0, '0000-00-00'),
(47, '2019-03-13 00:00:00', '2019-03-01 14:26:19', '2019-03-19 10:22:05', 'Action 4', '1', '2019-03-01', 'Quarterly', 1, '[17,19,20,21,23]', 1, 3, 20, 26, 7, '0', '0000-00-00', '', 0, '0000-00-00'),
(48, '2019-03-19 10:13:20', '2019-03-13 13:24:34', '2019-03-15 04:47:52', 'test action plan', '44', '2019-03-14', 'Quarterly', 1, '[3,16]', 1, 3, 20, 23, 3, '0', '0000-00-00', '', 0, '0000-00-00'),
(49, '2019-03-20 07:21:36', '2019-03-19 10:27:23', '2019-03-19 01:00:32', 'new  Action plan', '30', '2019-03-19', 'Monthly', 1, '[2,15,16,17,19,20,21]', 1, 3, 20, 30, 7, '0', '0000-00-00', '', 0, '0000-00-00'),
(50, '2019-03-20 07:21:36', '2019-03-19 13:11:38', '2019-03-19 13:49:58', 'Action 2', '20', '2019-03-19', 'Quarterly', 1, '[16,20,23]', 1, 3, 20, 30, 7, '0', '0000-00-00', '', 0, '0000-00-00'),
(51, '2019-03-20 07:21:36', '2019-03-19 13:14:05', '2019-03-19 13:14:05', 'Action 3', '20', '2019-03-19', 'Half Yearly', 1, '[15,16,17,19,22]', 1, 3, 20, 30, 7, '0', '0000-00-00', '', 0, '0000-00-00'),
(52, '2019-05-04 07:02:58', '2019-03-20 07:27:58', '2019-05-04 05:00:21', 'Ensure all local projects have completed safety Buy off by local ME prior to project shipment and local Safety before SORP', 'As applicable when working on project execution for GMI', '2019-03-27', 'Quarterly', 1, '[2,15]', 1, 3, 20, 33, 4, '0', '2020-06-09', '', 0, '0000-00-00'),
(53, '2019-05-04 07:02:58', '2019-03-20 07:29:39', '2019-05-04 05:00:21', 'Ensure that the GM Global Ergonomic specifications and the Design Ergonomics Worksheet (DEW) is used to reduce Ergonomic stressors in the workplace. (Future Programs)', 'As applicable when working on project execution for GMI', '2019-03-27', 'Yearly', 1, '[1,2,3,15,16]', 1, 3, 20, 34, 4, '0', '2020-02-12', '', 0, '0000-00-00'),
(54, '2019-05-04 07:03:03', '2019-03-20 07:30:43', '2019-03-27 10:18:52', 'Achieve the "Objective Deployment Metrics" (ODM) First Time Quality', '1. Quality Matrix followed as per BPD targets for legacy products. For new programmes- Build by Objective and 6 Pillars of Quality followed', '2019-03-27', 'Monthly', 1, '[17,18,19,20,21,22,23]', 1, 3, 20, 35, 4, '0', '2020-02-11', '', 0, '0000-00-00'),
(55, '2019-05-04 07:03:03', '2019-03-20 07:31:31', '2019-03-20 16:00:56', 'Support AP DAQ color Harmony Initiatives', 'Utilize AP DAQ common tracking method', '2019-03-28', 'Half Yearly', 1, '[3]', 1, 3, 20, 36, 4, '0', '0000-00-00', '', 0, '0000-00-00'),
(56, '2019-05-04 07:02:58', '2019-03-20 07:36:19', '2019-05-04 05:00:21', 'All project SORS for construction or equipment meet current GM Safety criteria.(GM 1638 Section 9 for Construction/ Safety 21 for Equipment Design)', 'As applicable when working on project execution for GMI', '2019-03-24', 'Half Yearly', 1, '[1,2,3,15,16,17,18]', 1, 3, 20, 33, 4, '0', '0000-00-00', '', 0, '0000-00-00'),
(57, '2019-05-04 07:02:58', '2019-03-20 07:37:14', '2019-05-04 05:00:21', 'Capture / communicate 100% of all near misses & ensure closure within 24 hrs', '100% implementation', '2019-04-30', 'Quarterly', 1, '[1,3,15,16]', 1, 3, 20, 33, 4, '0', '2020-06-16', '', 0, '0000-00-00'),
(58, '2019-05-04 07:03:03', '2019-03-20 07:38:01', '2019-03-27 10:17:59', 'Achieve compliance to BOP and BOE standards for CCRW', 'Identify Metrics by Q1 & Track performance from Q2', '2019-03-28', 'Quarterly', 1, '[19,20,21,22,23]', 1, 3, 20, 35, 4, '0', '2020-11-19', '', 0, '0000-00-00'),
(59, '2019-05-04 07:03:03', '2019-03-20 07:38:46', '2019-03-27 10:17:48', 'Implement Exterior Surface Quality Improvements processes', 'Globalize Metric(s) Tracking / Measurement Systems on all exterior surfaces / components (OY to contact YK Ham to clarify targets)', '2019-03-28', 'Quarterly', 1, '[2,3,15]', 1, 3, 20, 36, 4, '0', '2020-02-11', '', 0, '0000-00-00'),
(60, '2019-03-23 10:30:33', '2019-03-23 08:44:42', '2019-03-23 09:19:53', 'Action Plan initiative test1', '23', '2019-04-18', 'Monthly', 1, '[1,2,15,16]', 1, 3, 20, 37, 3, '0', '0000-00-00', '', 0, '0000-00-00'),
(61, '2019-03-23 10:30:33', '2019-03-23 08:45:21', '2019-03-23 08:45:21', 'Action Plan initiative test2', '33', '2019-03-23', 'Quarterly', 1, '[15,16]', 1, 3, 20, 37, 3, '0', '0000-00-00', '', 0, '0000-00-00'),
(62, '2019-03-23 10:30:33', '2019-03-23 09:26:36', '2019-03-23 10:07:31', 'So test 2', '22', '2019-03-23', 'Monthly', 1, '[1,15]', 1, 3, 20, 38, 3, '0', '0000-00-00', '', 0, '0000-00-00'),
(63, '2019-04-26 06:45:56', '2019-03-23 10:34:02', '2019-03-29 08:43:08', 'AP I1', '33', '2019-03-29', 'Monthly', 1, '[1,15,16]', 1, 3, 20, 39, 3, '0', '2021-09-23', '', 0, '0000-00-00'),
(64, '2019-04-26 06:45:56', '2019-03-23 10:34:43', '2019-03-29 11:46:03', 'AP2 I1', '22', '2019-03-29', 'Quarterly', 1, '[1]', 1, 3, 20, 39, 3, '0', '2021-07-20', '', 0, '0000-00-00'),
(65, '2019-04-26 06:45:56', '2019-03-23 13:26:22', '2019-03-30 09:04:38', 'test', '30', '2019-03-30', 'Half Yearly', 1, '[15,16]', 1, 3, 20, 39, 3, '0', '2021-10-12', '', 0, '0000-00-00'),
(66, '2019-04-26 06:45:56', '2019-03-23 13:39:07', '2019-03-29 10:08:49', 'sASAS', 'as', '2019-03-29', 'Yearly', 1, '[16]', 1, 3, 20, 39, 3, '0', '2021-06-09', '', 0, '0000-00-00'),
(67, '2019-04-26 06:45:56', '2019-03-29 08:53:06', '2019-03-29 08:53:06', 'new action plane', '45', '2019-03-29', 'Monthly', 1, '[20,22]', 1, 3, 20, 39, 3, '0', '2021-08-03', '', 0, '0000-00-00'),
(68, '2019-05-04 07:03:18', '2019-04-25 02:05:08', '2019-04-25 02:05:08', '44 initiatives_id action plan', '3', '2019-04-25', 'Monthly', 1, '[20,22]', 1, 3, 20, 44, 3, '0', '2020-04-24', '52.5.1', 0, '0000-00-00'),
(69, '2019-05-04 07:03:18', '2019-04-25 02:05:49', '2019-04-25 02:05:49', '44 two initiatives_id action plan', '3', '2019-04-25', 'Monthly', 1, '[20,22]', 1, 3, 20, 44, 3, '0', '2020-04-24', '52.5.2', 0, '0000-00-00'),
(70, '2019-05-04 07:03:46', '2019-04-26 07:44:16', '2019-04-29 06:18:15', 'test action', '4', '2019-04-29', 'Monthly', 1, '[3,20]', 1, 3, 20, 45, 4, '0', '2020-01-16', '61.1.1', 0, '0000-00-00'),
(71, '2019-05-04 07:03:18', '2019-04-27 04:48:03', '2019-04-27 06:44:21', 'hhhhh', '35', '2019-04-30', 'Monthly', 1, '[15,16,19]', 1, 3, 20, 40, 3, '0', '2019-05-31', '.1', 0, '0000-00-00'),
(72, '2019-05-04 07:03:46', '2019-05-02 08:58:32', '2019-05-02 08:58:32', 'aaaaaaaa', '44', '2019-05-02', 'Half Yearly', 1, '[19,20]', 1, 3, 20, 45, 4, '0', '2019-05-30', '61.1.2', 0, '0000-00-00'),
(73, '2019-06-05 03:05:08', '2019-05-04 09:22:38', '2019-06-05 03:00:56', 'Ensure all local projects have completed safety Buy off by local ME prior to project shipment and local Safety before SORP', 'Administration ', '2019-02-01', 'Monthly', 1, '["16","21"]', 1, 3, 20, 47, 20, '0', '2021-01-02', '65.1.1', 2, '0000-00-00'),
(74, '2019-06-05 03:05:16', '2019-05-04 09:24:08', '2019-06-05 03:00:56', 'Ensure that the GM Global Ergonomic specifications and the Design Ergonomics Worksheet (DEW) is used to reduce Ergonomic stressors in the workplace. (Future Programs)', 'Safety', '2019-02-11', 'Half Yearly', 1, '[20]', 1, 3, 20, 48, 20, '0', '2021-02-03', '65.2.1', 2, '0000-00-00'),
(75, '2019-06-05 03:05:23', '2019-05-04 09:25:23', '2019-06-05 03:00:56', 'Participate in ERCT training & Mock up drills ', 'Testing ', '2019-02-04', 'Yearly', 1, '[21]', 1, 3, 20, 49, 20, '0', '2020-10-14', '65.3.1', 2, '0000-00-00'),
(76, '2019-06-07 03:06:37', '2019-05-04 09:26:24', '2019-06-05 11:33:40', 'Identify and facilitate employees who need a cross-functional & or short term assignments & or ISP assignment in 2008/09', '400', '2019-01-09', 'Quarterly', 1, '[2]', 1, 3, 20, 54, 19, '0', '2020-12-24', '66.1.1', 3, '0000-00-00'),
(77, '2019-06-07 03:52:38', '2019-05-04 09:27:49', '2019-06-05 02:49:37', 'Develop career path for people leaders and key engineers (Succession and Progression plan)', 'null', '2019-01-17', 'Half Yearly', 1, '[24]', 1, 3, 20, 50, 23, '0', '2020-10-15', '66.1.2', 1, '0000-00-00'),
(78, '2019-06-27 05:12:06', '2019-05-04 09:46:44', '2019-06-05 02:50:16', 'Identify SMEs and develop training plan for them.', '200', '2019-01-18', 'Half Yearly', 1, '[15]', 1, 3, 20, 51, 23, '0', '2020-12-10', '66.2.1', 1, '0000-00-00'),
(79, '2019-06-27 05:12:06', '2019-05-04 09:50:57', '2019-06-05 02:50:16', 'Conduct gap analysis, create skill-up training plan, execute & track monthly progress to plan', '333', '2019-03-05', 'Monthly', 1, '[21]', 1, 3, 20, 51, 23, '0', '2020-12-01', '66.2.2', 1, '0000-00-00'),
(80, '2019-06-16 08:17:12', '2019-05-04 09:52:33', '2019-06-07 03:05:47', 'Achieve the "Objective Deployment Metrics" (ODM) First Time Quality', '4444', '2019-02-05', 'Quarterly', 1, '[23]', 1, 3, 20, 53, 19, '0', '2020-10-14', '67.1.1', 3, '0000-00-00'),
(81, NULL, '2019-05-04 09:59:26', '2019-11-27 04:53:33', 'Identify 5 Media house for Promotion', '5 Media lunch', '2019-07-02', 'Quarterly', 1, '[2]', 1, 3, 20, 70, 19, '0', '2019-09-29', '67.1.2', 5, '05'),
(82, '2019-06-07 03:06:37', '2019-05-04 10:00:40', '2019-06-03 05:03:24', 'Improve Paint Appearance', '2222', '2019-01-09', 'Monthly', 1, '[20,21,22]', 1, 3, 20, 54, 19, '0', '2020-05-03', '67.2.1', 4, '0000-00-00'),
(83, '2019-06-07 03:06:37', '2019-05-04 10:01:51', '2019-06-03 05:03:24', 'Implement Exterior Surface Quality Improvements processes', '14445', '2019-02-06', 'Quarterly', 1, '[3]', 1, 3, 20, 54, 19, '0', '2020-08-05', '67.2.2', 1, '0000-00-00'),
(84, '2019-06-07 03:09:14', '2019-05-04 10:03:45', '2019-06-03 05:03:24', 'Conduct PFMEA/PCP(QCOS)  for each global program', '1234', '2019-01-10', 'Monthly', 1, '[2,3,15,16,17]', 1, 3, 20, 55, 19, '0', '2020-05-04', '67.3.1', 3, '0000-00-00'),
(85, '2019-06-07 03:06:37', '2019-05-04 10:05:15', '2019-06-05 14:00:02', 'Implement GMS principle for office environment', 'aaaa', '2019-01-08', 'Monthly', 1, '[21]', 1, 3, 20, 54, 19, '0', '2020-11-13', '67.4.1', 4, '0000-00-00'),
(86, '2019-06-27 05:12:56', '2019-05-04 10:06:33', '2019-06-05 02:50:53', 'Establish low cost country work alignment strategy', '11111', '2019-03-03', 'Monthly', 1, '[15,18]', 1, 3, 20, 52, 23, '0', '2020-10-14', '66.3.1', 4, '0000-00-00'),
(87, NULL, '2019-05-05 12:02:17', '2019-11-27 04:54:19', 'Team formation for new review product line', '22', '2019-06-04', 'Monthly', 1, '[49]', 4, 3, 20, 58, 23, '90', '2020-12-31', '68.1.1', 4, '05'),
(88, '2019-05-06 12:01:52', '2019-05-06 12:01:13', '2019-05-06 12:01:13', 'AAAsAS', 'asA', '2019-05-06', 'Quarterly', 1, '[25]', 1, 3, 20, 50, 23, '0', '2019-05-31', '66.1.3', 1, '0000-00-00'),
(89, NULL, '2019-05-07 15:12:36', '2019-11-28 07:00:09', 'Higher a consultant for Performance Management System', 'Complete Process', '2019-01-04', 'Monthly', 1, '[20]', 3, 3, 20, 59, 27, '100', '2019-12-27', '72.1.1', 3, '05'),
(90, NULL, '2019-05-07 15:14:45', '2019-11-28 07:00:09', 'Create a soft tool', 'Ready for migration', '2019-01-04', 'Quarterly', 1, '[22]', 3, 3, 20, 59, 27, '100', '2019-12-27', '72.1.2', 3, '05'),
(91, NULL, '2019-05-07 15:21:24', '2019-11-27 04:55:58', 'Hire a consultant to prepare the blue print', 'Time', '2019-05-06', 'Monthly', 1, '[56]', 3, 3, 20, 60, 26, '100', '2019-11-05', '73.1.1', 3, '05'),
(92, NULL, '2019-05-07 16:02:25', '2019-11-27 04:57:14', 'Complete competition benchmark and identify gaps', 'Finish Survey', '2019-04-10', 'Monthly', 1, '[15]', 3, 3, 20, 61, 28, '100', '2019-12-24', '75.1.1', 3, '05'),
(93, '2019-06-05 03:05:08', '2019-06-03 05:02:24', '2019-06-05 03:00:56', 'ttttttt', '30', '2019-06-03', 'Quarterly', 1, '[3,17]', 1, 3, 20, 47, 20, '0', '2019-06-30', '65.1.2', 1, '0000-00-00'),
(94, '2019-06-05 03:05:08', '2019-06-03 05:03:27', '2019-06-05 03:00:56', 'ttttttt', '30', '2019-06-03', 'Quarterly', 1, '[3,17]', 1, 3, 20, 47, 20, '0', '2019-06-30', '65.1.3', 1, '0000-00-00'),
(95, '2019-06-05 03:05:08', '2019-06-03 05:06:52', '2019-06-05 03:00:56', 'ttttttt', '30', '2019-06-03', 'Quarterly', 1, '[3,17]', 1, 3, 20, 47, 20, '0', '2019-06-30', '65.1.4', 1, '0000-00-00'),
(96, '2019-06-05 03:05:08', '2019-06-03 05:07:03', '2019-06-05 03:00:56', 'ttttttt', '30', '2019-06-03', 'Quarterly', 1, '[3,17]', 1, 3, 20, 47, 20, '0', '2019-06-30', '65.1.5', 1, '0000-00-00'),
(97, '2019-06-03 07:04:37', '2019-06-03 06:19:30', '2019-06-03 06:19:30', 'new  Action plan', '34', '2019-06-03', 'Monthly', 1, '[16,26]', 1, 3, 20, 64, 20, '0', '2020-02-11', '78.2.1', 1, '0000-00-00'),
(98, '2019-06-03 07:04:37', '2019-06-03 06:25:50', '2019-06-03 06:25:50', 'sssssssss', '10', '2019-06-03', 'Quarterly', 1, '[3]', 1, 3, 20, 64, 20, '0', '2020-06-02', '78.2.2', 1, '0000-00-00'),
(99, '2019-06-03 07:04:37', '2019-06-03 06:25:58', '2019-06-03 06:25:58', 'sssssssss', '10', '2019-06-03', 'Quarterly', 1, '[3]', 1, 3, 20, 64, 20, '0', '2020-06-02', '78.2.3', 1, '0000-00-00'),
(100, '2019-06-05 03:06:21', '2019-06-03 07:18:03', '2019-06-05 03:00:56', 'Test Action ', '200', '2019-06-03', 'Quarterly', 1, '[16,26]', 1, 3, 20, 57, 20, '0', '2020-02-04', '65.4.1', 1, '0000-00-00'),
(101, '2019-06-05 03:06:28', '2019-06-03 07:23:55', '2019-06-05 03:00:56', 'Test Action ', '200', '2019-06-03', 'Quarterly', 1, '[16,26]', 1, 3, 20, 57, 20, '0', '2020-02-04', '65.4.2', 1, '0000-00-00'),
(102, '2019-06-05 03:06:38', '2019-06-03 07:27:56', '2019-06-05 03:00:56', 'Test Action ', '200', '2019-06-03', 'Quarterly', 1, '[16,26]', 1, 3, 20, 57, 20, '0', '2020-02-04', '65.4.3', 1, '0000-00-00'),
(103, '2019-06-05 03:06:48', '2019-06-03 07:28:28', '2019-06-05 03:00:56', 'Test Action ', '200', '2019-06-03', 'Quarterly', 1, '[16,26]', 1, 3, 20, 57, 20, '0', '2020-02-04', '65.4.4', 1, '0000-00-00'),
(104, '2019-06-05 03:06:56', '2019-06-03 07:29:14', '2019-06-05 03:00:56', 'Test Action ', '200', '2019-06-03', 'Quarterly', 1, '[16,26]', 1, 3, 20, 57, 20, '0', '2020-02-04', '65.4.5', 1, '0000-00-00'),
(105, '2019-06-05 03:03:02', '2019-06-03 09:40:34', '2019-06-05 03:00:56', 'Test Action ', '200', '2019-06-03', 'Quarterly', 1, '[16,26]', 1, 3, 20, 57, 20, '0', '2020-02-04', '65.4.6', 1, '0000-00-00'),
(106, NULL, '2019-06-13 15:13:02', '2019-11-27 06:44:07', 'Have weekly Safety walk by Production leaders and Managers. 52 walks a year.', '25% Less than last year', '2019-07-15', 'Monthly', 1, '[22,52]', 4, 3, 20, 73, 29, '95', '2020-02-11', '92.1.1', 4, '05'),
(107, '2019-06-22 05:40:39', '2019-06-18 23:48:37', '2019-06-18 23:48:37', 'kpkpkpkpkpkpkpkp', '20000', '2019-06-20', 'Monthly', 1, '[16,26]', 1, 3, 20, 78, 27, '0', '2020-06-20', '77.1.1', 1, '0000-00-00'),
(108, '2019-06-22 05:41:14', '2019-06-18 23:50:13', '2019-06-18 23:50:13', 'kpkpkpkpkpkpkpkp', '20000', '2019-06-20', 'Monthly', 1, '[16,26]', 1, 3, 20, 78, 27, '0', '2020-06-20', '77.1.2', 1, '0000-00-00'),
(109, '2019-06-22 05:41:34', '2019-06-18 23:54:45', '2019-06-18 23:54:45', 'kpkpkpkpkpkpkpkp', '20000', '2019-06-20', 'Monthly', 1, '[16,26]', 1, 3, 20, 78, 27, '0', '2020-06-20', '77.1.3', 1, '0000-00-00'),
(110, '2019-06-22 05:41:50', '2019-06-18 23:54:51', '2019-06-18 23:54:51', 'kpkpkpkpkpkpkpkp', '20000', '2019-06-20', 'Monthly', 1, '[16,26]', 1, 3, 20, 78, 27, '0', '2020-06-20', '77.1.4', 1, '0000-00-00'),
(111, '2019-06-22 05:42:05', '2019-06-19 00:02:11', '2019-06-19 00:02:11', 'kpkpkpkpkpkpkpkp', '20000', '2019-06-20', 'Monthly', 1, '[16,26]', 1, 3, 20, 78, 27, '0', '2020-06-20', '77.1.5', 1, '0000-00-00'),
(112, '2019-06-22 05:42:36', '2019-06-19 00:03:31', '2019-06-19 00:03:31', 'kpkpkpkpkpkpkpkp', '20000', '2019-06-20', 'Monthly', 1, '[16,26]', 1, 3, 20, 78, 27, '0', '2020-06-20', '77.1.6', 1, '0000-00-00'),
(113, '2019-06-22 05:42:20', '2019-06-19 00:16:49', '2019-06-19 00:16:49', 'kpkpkpkpkpkpkpkp', '20000', '2019-06-20', 'Monthly', 1, '[16,26]', 1, 3, 20, 78, 27, '0', '2020-06-20', '77.1.7', 1, '0000-00-00'),
(114, '2019-07-02 03:54:08', '2019-06-19 00:17:23', '2019-06-19 00:17:23', 'kpkpkpkpkpkpkpkp', '20000', '2019-06-20', 'Monthly', 1, '[16,26]', 1, 3, 20, 78, 27, '0', '2020-06-20', '77.1.8', 1, '0000-00-00'),
(115, '2019-07-02 03:52:19', '2019-06-19 00:18:04', '2019-06-29 09:00:26', 'aaaaaaaa', '20000', '2019-06-29', 'Monthly', 1, '[16,26]', 1, 3, 22, 80, 27, '0', '2019-09-29', '77.1.9', 1, '0000-00-00'),
(116, '2019-06-22 05:40:58', '2019-06-19 00:18:19', '2019-06-19 00:18:19', 'kpkpkpkpkpkpkpkp', '20000', '2019-06-20', 'Monthly', 1, '[16,26]', 1, 3, 20, 78, 27, '0', '2020-06-20', '77.1.10', 1, '0000-00-00'),
(117, NULL, '2019-06-22 17:38:46', '2019-11-27 04:56:30', 'Product pricing and link with profictability', '35 ', '2019-06-04', 'Monthly', 1, '[56]', 3, 3, 20, 71, 26, '100', '2019-12-13', '73.2.1', 3, '05'),
(118, NULL, '2019-06-24 14:47:23', '2019-11-27 04:57:25', 'After Market survey establish business target segment wise', 'Release plan', '2019-06-04', 'Monthly', 1, '[20]', 3, 3, 20, 62, 28, '100', '2019-10-30', '75.2.1', 3, '05'),
(119, '2019-06-29 07:29:37', '2019-06-27 16:28:50', '2019-06-27 16:28:50', 'Hire an agency and certification company for ISO Certification ', 'Hire agency', '2019-06-27', 'Monthly', 1, '[16]', 1, 3, 20, 67, 20, '0', '2019-07-31', '65.5.1', 1, '0000-00-00'),
(120, NULL, '2019-06-27 16:32:39', '2019-11-27 04:54:08', 'Develop training plan and skill competency matrix for all employees to meet Quality standard and build culture as well.', 'Employees skill matrix', '2019-07-03', 'Monthly', 1, '[2]', 5, 3, 20, 68, 20, '89', '2019-11-21', '67.5.1', 5, '05'),
(121, NULL, '2019-06-27 17:01:20', '2019-11-27 04:58:13', 'Do  benchmarking with competition and publish report', 'Publish report', '2019-06-27', 'Monthly', 1, '[22,23,24]', 3, 3, 20, 61, 28, '100', '2019-08-31', '75.1.2', 3, '05'),
(122, NULL, '2019-06-27 17:02:47', '2019-11-27 04:57:33', 'Release business penetration plan', 'release plan', '2019-05-07', 'Monthly', 1, '[16]', 3, 3, 20, 62, 28, '100', '2019-10-29', '75.2.2', 3, '05'),
(123, NULL, '2019-06-27 17:10:25', '2019-11-25 06:11:20', 'Release function wise financial targets', 'Release functional target', '2019-06-04', 'Monthly', 1, '[56]', 3, 3, 20, 60, 26, '100', '2019-11-06', '73.1.2', 3, '05'),
(124, NULL, '2019-06-28 05:46:18', '2019-11-27 04:55:45', 'test Action plan', 'Less than 10%', '2019-01-04', 'Half Yearly', 1, '[52]', 1, 3, 20, 79, 27, '0', '2019-12-27', '72.2.1', 5, '05'),
(125, '2019-07-02 03:43:10', '2019-06-28 06:41:48', '2019-06-28 09:39:49', 'test action plan 28/06', '24', '2019-06-28', 'Monthly', 1, '[22,23,24]', 1, 3, 20, 71, 26, '0', '2019-07-18', '72.1.3', 1, '0000-00-00'),
(126, NULL, '2019-06-28 09:42:21', '2019-11-27 04:54:36', 'Market segment product delivery', '95', '2019-06-04', 'Monthly', 1, '[3,15]', 1, 3, 20, 83, 23, '0', '2019-11-28', '68.2.1', 4, '05'),
(127, NULL, '2019-06-28 09:46:04', '2019-11-27 04:54:46', 'Design complete and open delivery gate', '89', '2019-06-04', 'Monthly', 1, '[3,15]', 4, 3, 20, 83, 23, '90', '2019-12-20', '68.2.2', 4, '05'),
(128, '2019-06-29 07:25:58', '2019-06-29 07:25:05', '2019-06-29 07:25:05', 'sdasd', '50', '2019-06-29', 'Half Yearly', 1, '[22,26]', 1, 3, 20, 71, 26, '0', '2019-06-30', '73.2.3', 1, '0000-00-00'),
(129, '2019-07-02 03:44:25', '2019-06-29 07:28:34', '2019-06-29 07:28:34', 'aaaaaaaaaaaaaaa', '20', '2019-06-29', 'Quarterly', 1, '[3]', 1, 3, 20, 71, 26, '0', '2019-09-29', '73.2.4', 1, '0000-00-00'),
(130, NULL, '2019-06-30 19:17:24', '2019-11-27 04:57:43', 'Establish Net engagement (wifi) , print and TV media sections', 'Establish sections', '2019-07-01', 'Monthly', 1, '[15]', 1, 3, 20, 70, 19, '0', '2019-09-30', '91.3.1', 3, '05'),
(131, NULL, '2019-06-30 19:22:17', '2019-11-27 04:57:52', 'Idenity suitable business partners and open channels', 'Open 20 channel partners in different strategic locations', '2019-08-02', 'Monthly', 1, '[22]', 3, 3, 20, 69, 19, '100', '2019-11-30', '91.2.1', 3, '05'),
(132, NULL, '2019-06-30 20:13:38', '2019-11-27 04:52:30', 'Identify Equipment, order and set up the laboratory', 'Establish Metrology lab', '2019-06-10', 'Monthly', 1, '[3]', 1, 3, 20, 68, 20, '0', '2019-11-03', '65.4.7', 5, '05'),
(133, NULL, '2019-06-30 20:18:53', '2019-10-30 02:15:06', 'Hire a Certification agency and set the time plan', 'Hire a consultant', '2019-07-01', 'Monthly', 1, '[24]', 2, 3, 20, 67, 20, '0', '2019-08-31', '65.5.2', 3, '05'),
(134, '2019-08-08 07:17:12', '2019-08-08 06:46:31', '2019-08-08 06:46:31', 'test', '400', '2019-08-08', 'Monthly', 1, '[23,26]', 1, 3, 20, 73, 29, '0', '2020-02-03', '92.1.2', 1, '0000-00-00'),
(135, '2019-08-08 07:17:05', '2019-08-08 06:47:03', '2019-08-08 06:47:03', 'tes 1', '300', '2019-08-08', 'Monthly', 1, '[24,25]', 1, 3, 20, 73, 29, '0', '2020-01-06', '92.1.3', 1, '0000-00-00'),
(136, '2019-08-08 07:16:59', '2019-08-08 06:47:32', '2019-08-08 06:47:32', 'test 3', '3333', '2019-08-08', 'Quarterly', 1, '[19,26]', 1, 3, 20, 73, 29, '0', '2020-01-06', '92.1.4', 1, '0000-00-00'),
(137, NULL, '2019-10-01 16:29:15', '2019-11-27 04:55:10', 'Hire a consulatant', 'Time line', '2019-06-09', 'Monthly', 1, '[37]', 5, 3, 20, 65, 29, '89', '2019-08-01', '71.1.1', 5, '05'),
(138, '2019-10-03 09:32:14', '2019-10-03 07:29:55', '2019-10-03 07:29:55', 'hhhh', 'dsfdssg', '2019-01-02', 'Monthly', 1, '[47]', 1, 3, 20, 88, 28, '0', '2020-01-22', '110.1.1', 1, '0000-00-00'),
(139, NULL, '2019-10-03 11:59:26', '2019-10-05 10:29:03', 'Identify Equipment, order and set up the laboratory\n', '30/12/2022', '2019-06-05', 'Monthly', 1, '[49]', 1, 2, 48, 95, 21, '0', '2021-12-31', '113.3.1', 5, '05'),
(140, NULL, '2019-10-03 12:08:12', '2019-10-05 10:42:21', 'Hire a Certification agency and set the time plan\n', '2021', '2019-01-10', 'Monthly', 1, '[50]', 1, 2, 48, 90, 21, '0', '2021-03-08', '107.2.1', 4, '05'),
(141, NULL, '2019-10-03 12:12:00', '2019-10-05 10:37:55', 'Develop training plan and skill competency matrix for all employees to meet Quality standard and build culture as well.\n', '26/01/2022', '2019-05-12', 'Quarterly', 1, '[51]', 1, 2, 48, 95, 21, '0', '2021-06-30', '113.3.2', 5, '05'),
(142, NULL, '2019-10-03 12:15:02', '2019-10-05 10:26:13', 'Hire a consulatant\n', '2022', '2019-04-03', 'Monthly', 1, '[52]', 1, 2, 48, 113, 24, '0', '2021-02-08', '115.1.1', 1, '05'),
(143, NULL, '2019-10-03 12:18:21', '2019-10-05 10:51:03', 'Higher a consultant for Performance Management System\n', '28/07/2022', '2019-01-03', 'Monthly', 1, '[53]', 1, 2, 48, 117, 22, '0', '2021-03-26', '116.1.1', 5, '05'),
(144, NULL, '2019-10-03 12:19:47', '2019-10-03 12:19:47', 'Create a soft tool\n', '2022', '2019-02-05', 'Quarterly', 1, '[54]', 1, 2, 48, 117, 22, '0', '2021-05-24', '116.1.2', 1, '05'),
(145, NULL, '2019-10-03 12:22:32', '2019-10-05 10:22:31', 'Hire a consultant\n', '2022', '2019-02-06', 'Half Yearly', 1, '[55]', 1, 2, 48, 119, 22, '0', '2022-06-14', '124.1.1', 1, '05'),
(146, NULL, '2019-10-03 12:24:42', '2019-10-05 10:23:11', 'Release function wise financial targets\n', '2022', '2019-02-05', 'Monthly', 1, '[56]', 1, 2, 48, 120, 22, '0', '2021-12-24', '124.1.2', 1, '05'),
(147, NULL, '2019-10-03 12:26:32', '2019-10-05 10:25:20', 'All Fixed and overhead\n', '2022', '2019-02-10', 'Half Yearly', 1, '[52]', 1, 2, 48, 120, 22, '0', '2022-03-01', '124.2.1', 1, '05'),
(148, NULL, '2019-10-03 12:28:26', '2019-10-05 10:47:25', 'Complete competition benchmark and identify gaps\n', '2022', '2019-01-09', 'Quarterly', 1, '[50]', 1, 2, 48, 121, 55, '0', '2021-12-29', '125.1.1', 1, '05'),
(149, NULL, '2019-10-03 12:29:35', '2019-10-05 10:05:17', 'Do benchmarking with competition and publish report\n', '15/11/2022', '2019-01-08', 'Monthly', 1, '[54]', 1, 2, 48, 121, 55, '0', '2021-11-25', '125.1.2', 5, '05'),
(150, NULL, '2019-10-03 12:32:13', '2019-10-05 10:49:22', 'After Market survey establish business target segment wise\n', '2022', '2019-03-27', 'Monthly', 1, '[49]', 1, 2, 48, 122, 55, '0', '2022-02-01', '125.2.1', 5, '05'),
(151, NULL, '2019-10-03 12:33:31', '2019-10-05 10:35:26', 'Release business penetration plan\n', '30/12/2021', '2019-03-29', 'Monthly', 1, '[56]', 1, 2, 48, 122, 55, '0', '2022-01-26', '125.2.2', 5, '05'),
(152, NULL, '2019-10-03 12:34:59', '2019-10-05 10:24:48', 'Idenity suitable business partners and open channels\r\n', '2022', '2019-03-05', 'Quarterly', 1, '[51]', 1, 2, 48, 123, 24, '0', '2022-03-14', '126.1.1', 1, '05'),
(153, NULL, '2019-10-03 12:36:47', '2019-10-05 10:33:44', 'Establish Net engagement (wifi) , print and TV media sections\n', '2022', '2019-02-12', 'Monthly', 1, '[55]', 1, 2, 48, 124, 22, '0', '2021-11-25', '126.2.1', 3, '05'),
(154, NULL, '2019-10-03 12:38:35', '2019-10-05 10:48:39', 'Have weekly Safety walk by Production leaders and Managers. 52 walks a year.\n', '2022', '2019-02-12', 'Monthly', 1, '[53]', 1, 2, 48, 125, 55, '0', '2022-02-08', '127.1.1', 5, '05'),
(155, NULL, '2019-10-19 07:49:11', '2019-11-27 04:54:27', 'Start monthly global launch plan review with team', '40', '2019-05-06', 'Monthly', 1, '[41]', 4, 3, 20, 58, 23, '90', '2020-12-30', '68.1.2', 4, '05'),
(156, NULL, '2019-10-22 13:03:53', '2019-11-27 04:53:52', 'Create Launch events in each state for Product Promotion', '12', '2019-08-02', 'Monthly', 1, '[55]', 3, 3, 20, 53, 19, '100', '2019-12-31', '67.1.3', 3, '05'),
(157, NULL, '2019-10-22 13:17:39', '2019-11-27 04:58:44', 'Fix top 2 Print, Visual, social media house and publish promotional content', '5', '2019-10-22', 'Monthly', 1, '[16]', 1, 3, 20, 70, 19, '0', '2019-11-30', '91.3.3', 1, '05'),
(158, NULL, '2019-10-22 13:38:59', '2019-11-27 04:56:42', 'Make new price list for all products and release in the market', 'Fix Pricing', '2019-08-07', 'Monthly', 1, '[50]', 3, 3, 20, 71, 26, '100', '2019-12-17', '73.2.5', 3, '05'),
(159, '2019-11-05 12:55:09', '2019-11-05 12:54:21', '2019-11-05 12:54:21', 'ADSADaDAdAdD', 'ADSADaDAdAdD', '2019-11-05', 'Quarterly', 1, '[2]', 1, 3, 20, 60, 26, '0', '2019-11-29', '73.1.3', 1, '0000-00-00'),
(160, '2019-11-07 05:49:12', '2019-11-06 12:41:00', '2019-11-06 12:41:00', 'test', 'ss', '2019-09-27', 'Monthly', 1, '[23]', 1, 3, 20, 71, 26, '0', '2019-09-27', '73.2.6', 1, '0000-00-00'),
(161, '2019-11-20 01:04:08', '2019-11-20 13:03:48', '2019-11-20 13:03:48', 'bbbbbbbbb', 'abc@abc.com', '2019-09-18', 'Quarterly', 1, '[23,34,59]', 1, 3, 20, 86, 27, '0', '2019-09-18', '72.3.1', 1, '0000-00-00'),
(162, '2019-11-23 02:28:29', NULL, NULL, 'ewfewfewfrewrewrwerew', 'ewrewrew', '2019-11-23', 'Monthly', 1, '[3]', 1, 3, 20, 60, 26, '', '2019-11-29', '73.1.4', 0, '2019-11-08'),
(163, '2019-11-28 07:02:35', NULL, NULL, 'asdasfasfasfasf', 'safasfsa', '2019-11-27', 'Monthly', 1, '[23,35]', 1, 3, 20, 53, 19, '', '2020-02-27', '67.1.3', 0, '06'),
(164, '2019-11-27 04:59:03', NULL, NULL, 'RRRRRRRRRRRRRRRRRRRRRRRRRRR', 'asdasdaD', '2019-11-23', 'Monthly', 1, '[3,1]', 1, 3, 20, 60, 26, '', '2019-11-26', '73.1.5', 0, '2019-11-28'),
(165, '2019-11-27 04:59:09', NULL, NULL, 'RRRRRRRRRRRRRRRRRRRRRRRRRRR', 'asdasdaD', '2019-11-23', 'Monthly', 1, '[3,1]', 1, 3, 20, 60, 26, '', '2019-11-26', '73.1.6', 0, '1970-01-01'),
(166, '2019-11-27 04:59:13', NULL, NULL, 'RRRRRRRRRRRRRRRRRRRRRRRRRRR', 'asdasdaD', '2019-11-23', 'Monthly', 1, '[3,1]', 1, 3, 20, 60, 26, '', '2019-11-26', '73.1.7', 0, '2019-11-27'),
(167, '2019-11-27 04:59:18', NULL, NULL, 'RRRRRRRRRRRRRRRRRRRRRRRRRRR', 'asdasdaD', '2019-11-23', 'Monthly', 1, '[3,1]', 1, 3, 20, 60, 26, '', '2019-11-26', '73.1.8', 0, '2019-11-05'),
(168, '2019-11-27 04:59:23', NULL, NULL, 'RRRRRRRRRRRRRRRRRRRRRRRRRRR', 'asdasdaD', '2019-11-23', 'Monthly', 1, '[3,1]', 1, 3, 20, 60, 26, '', '2019-11-26', '73.1.9', 0, '2019-11-05'),
(169, '2019-11-27 04:58:52', NULL, NULL, 'RRRRRRRRRRRRRRRRRRRRRRRRRRR', 'asdasdaD', '2019-11-23', 'Monthly', 1, '[3,1]', 1, 3, 20, 60, 26, '', '2019-11-26', '73.1.10', 0, '0000-00-00');

-- --------------------------------------------------------

--
-- Table structure for table `action_plan_assigns`
--

CREATE TABLE `action_plan_assigns` (
  `id` int(10) UNSIGNED NOT NULL,
  `deleted_at` timestamp NULL DEFAULT NULL,
  `created_at` timestamp NULL DEFAULT NULL,
  `updated_at` timestamp NULL DEFAULT NULL,
  `action_plan_id` int(10) UNSIGNED NOT NULL DEFAULT '1',
  `co_owner_id` int(10) UNSIGNED NOT NULL DEFAULT '1'
) ENGINE=InnoDB DEFAULT CHARSET=utf8 COLLATE=utf8_unicode_ci;

--
-- Dumping data for table `action_plan_assigns`
--

INSERT INTO `action_plan_assigns` (`id`, `deleted_at`, `created_at`, `updated_at`, `action_plan_id`, `co_owner_id`) VALUES
(1, '2019-02-28 05:24:17', '2019-01-25 01:38:02', '2019-01-25 01:38:02', 7, 1),
(2, '2019-02-28 05:24:17', '2019-01-25 01:38:02', '2019-01-25 01:38:02', 7, 15),
(3, '2019-03-01 12:59:17', '2019-01-25 01:38:53', '2019-01-25 01:38:53', 8, 1),
(4, '2019-03-01 12:59:17', '2019-01-25 01:38:53', '2019-01-25 01:38:53', 8, 15),
(5, '2019-02-28 05:24:17', '2019-01-28 02:13:29', '2019-01-28 02:13:29', 7, 1),
(6, '2019-02-28 05:24:17', '2019-01-28 02:13:29', '2019-01-28 02:13:29', 7, 15),
(7, '2019-02-28 05:24:17', '2019-01-28 02:14:26', '2019-01-28 02:14:26', 7, 1),
(8, '2019-02-28 05:24:17', '2019-01-28 02:14:26', '2019-01-28 02:14:26', 7, 15),
(9, '2019-02-28 05:24:17', '2019-01-28 02:22:32', '2019-01-28 02:22:32', 7, 1),
(10, '2019-02-28 05:24:17', '2019-01-28 02:22:32', '2019-01-28 02:22:32', 7, 15),
(11, '2019-02-28 05:24:17', '2019-01-28 02:23:30', '2019-01-28 02:23:30', 7, 1),
(12, '2019-02-28 05:24:17', '2019-01-28 02:23:30', '2019-01-28 02:23:30', 7, 15),
(13, '2019-03-01 12:59:17', '2019-01-30 10:33:42', '2019-01-30 10:33:42', 9, 1),
(14, '2019-03-01 12:59:17', '2019-01-30 10:33:42', '2019-01-30 10:33:42', 9, 2),
(15, '2019-03-01 12:59:17', '2019-01-30 10:34:29', '2019-01-30 10:34:29', 10, 18),
(16, '2019-03-01 12:59:17', '2019-01-30 10:34:29', '2019-01-30 10:34:29', 10, 20),
(17, '2019-03-01 12:58:50', '2019-01-30 11:35:21', '2019-01-30 11:35:21', 11, 15),
(18, '2019-03-01 12:59:14', '2019-01-30 11:36:43', '2019-01-30 11:36:43', 12, 1),
(19, '2019-03-01 12:59:14', '2019-01-31 12:57:16', '2019-01-31 12:57:16', 12, 1),
(20, '2019-03-01 12:59:14', '2019-02-01 05:33:36', '2019-02-01 05:33:36', 13, 2),
(21, '2019-03-01 12:59:14', '2019-02-01 05:57:34', '2019-02-01 05:57:34', 16, 2),
(22, '2019-02-28 05:24:14', '2019-02-03 10:56:27', '2019-02-03 10:56:27', 17, 2),
(23, '2019-02-28 05:24:14', '2019-02-03 10:58:27', '2019-02-03 10:58:27', 17, 1),
(24, '2019-02-28 05:20:44', '2019-02-05 06:07:38', '2019-02-05 06:07:38', 18, 3),
(25, '2019-02-08 10:00:44', '2019-02-08 09:42:17', '2019-02-08 09:42:17', 19, 3),
(26, '2019-02-08 10:01:21', '2019-02-08 09:43:45', '2019-02-08 09:43:45', 20, 15),
(27, NULL, '2019-02-08 09:52:37', '2019-02-08 09:52:37', 21, 1),
(28, NULL, '2019-02-08 09:52:37', '2019-02-08 09:52:37', 21, 2),
(29, NULL, '2019-02-08 09:52:37', '2019-02-08 09:52:37', 21, 3),
(30, NULL, '2019-02-08 09:52:37', '2019-02-08 09:52:37', 21, 15),
(31, NULL, '2019-02-08 09:52:37', '2019-02-08 09:52:37', 21, 16),
(32, NULL, '2019-02-08 09:52:37', '2019-02-08 09:52:37', 21, 17),
(33, NULL, '2019-02-08 09:52:37', '2019-02-08 09:52:37', 21, 18),
(34, NULL, '2019-02-08 09:52:37', '2019-02-08 09:52:37', 21, 19),
(35, NULL, '2019-02-08 09:52:37', '2019-02-08 09:52:37', 21, 20),
(36, NULL, '2019-02-08 09:52:37', '2019-02-08 09:52:37', 21, 21),
(37, NULL, '2019-02-08 10:22:52', '2019-02-08 10:22:52', 22, 1),
(38, NULL, '2019-02-08 10:22:52', '2019-02-08 10:22:52', 22, 2),
(39, NULL, '2019-02-08 10:22:52', '2019-02-08 10:22:52', 22, 3),
(40, NULL, '2019-02-08 10:22:52', '2019-02-08 10:22:52', 22, 15),
(41, NULL, '2019-02-08 10:22:52', '2019-02-08 10:22:52', 22, 16),
(42, NULL, '2019-02-08 10:22:52', '2019-02-08 10:22:52', 22, 17),
(43, NULL, '2019-02-08 10:22:52', '2019-02-08 10:22:52', 22, 18),
(44, NULL, '2019-02-08 10:22:52', '2019-02-08 10:22:52', 22, 19),
(45, NULL, '2019-02-08 10:22:52', '2019-02-08 10:22:52', 22, 20),
(46, NULL, '2019-02-08 10:22:52', '2019-02-08 10:22:52', 22, 21),
(47, '2019-02-28 05:24:14', '2019-02-10 06:58:29', '2019-02-10 06:58:29', 23, 15),
(48, '2019-02-28 05:24:14', '2019-02-10 06:58:31', '2019-02-10 06:58:31', 24, 15),
(49, '2019-02-28 05:20:44', '2019-02-12 06:21:54', '2019-02-12 06:21:54', 18, 2),
(50, '2019-02-28 05:20:44', '2019-02-12 06:21:54', '2019-02-12 06:21:54', 18, 16),
(51, '2019-02-28 05:20:44', '2019-02-12 09:09:34', '2019-02-12 09:09:34', 18, 16),
(52, '2019-02-28 05:20:44', '2019-02-12 09:10:07', '2019-02-12 09:10:07', 18, 16),
(53, '2019-02-28 05:20:39', '2019-02-12 09:18:33', '2019-02-12 09:18:33', 25, 1),
(54, '2019-02-28 05:20:39', '2019-02-12 09:18:33', '2019-02-12 09:18:33', 25, 2),
(55, '2019-02-28 05:20:39', '2019-02-12 09:18:33', '2019-02-12 09:18:33', 25, 3),
(56, '2019-02-28 05:20:39', '2019-02-12 09:18:33', '2019-02-12 09:18:33', 25, 15),
(57, '2019-02-28 05:20:39', '2019-02-12 09:18:33', '2019-02-12 09:18:33', 25, 16),
(58, '2019-02-28 05:20:39', '2019-02-12 09:18:33', '2019-02-12 09:18:33', 25, 20),
(59, '2019-02-28 05:20:39', '2019-02-12 09:18:33', '2019-02-12 09:18:33', 25, 21),
(60, '2019-03-01 12:59:14', '2019-02-12 09:56:53', '2019-02-12 09:56:53', 26, 1),
(61, '2019-03-01 12:59:14', '2019-02-12 10:00:00', '2019-02-12 10:00:00', 27, 2),
(62, '2019-03-01 12:59:14', '2019-02-12 10:00:00', '2019-02-12 10:00:00', 27, 15),
(63, '2019-02-28 05:20:39', '2019-02-12 10:04:00', '2019-02-12 10:04:00', 25, 2),
(64, '2019-03-01 12:59:17', '2019-02-13 07:20:31', '2019-02-13 07:20:31', 10, 18),
(65, '2019-03-01 12:59:17', '2019-02-13 07:20:31', '2019-02-13 07:20:31', 10, 20),
(66, '2019-03-01 12:59:17', '2019-02-13 07:20:49', '2019-02-13 07:20:49', 9, 1),
(67, '2019-03-01 12:59:17', '2019-02-13 07:20:49', '2019-02-13 07:20:49', 9, 2),
(68, '2019-03-01 12:59:17', '2019-02-13 07:36:26', '2019-02-13 07:36:26', 10, 18),
(69, '2019-03-01 12:59:17', '2019-02-13 07:36:26', '2019-02-13 07:36:26', 10, 20),
(70, '2019-03-01 12:59:17', '2019-02-13 07:36:36', '2019-02-13 07:36:36', 10, 17),
(71, '2019-03-01 12:59:17', '2019-02-13 07:36:36', '2019-02-13 07:36:36', 10, 18),
(72, '2019-03-01 12:59:17', '2019-02-13 07:36:36', '2019-02-13 07:36:36', 10, 20),
(73, '2019-02-28 05:20:39', '2019-02-21 01:35:38', '2019-02-21 01:35:38', 25, 2),
(74, '2019-02-28 05:20:44', '2019-02-21 01:36:47', '2019-02-21 01:36:47', 18, 16),
(75, '2019-02-28 05:24:17', '2019-02-25 01:49:39', '2019-02-25 01:49:39', 28, 2),
(76, '2019-02-28 05:24:14', '2019-02-25 01:50:58', '2019-02-25 01:50:58', 29, 2),
(77, '2019-02-28 05:24:14', '2019-02-25 01:50:59', '2019-02-25 01:50:59', 30, 2),
(78, '2019-02-28 05:24:14', '2019-02-25 01:51:07', '2019-02-25 01:51:07', 30, 2),
(79, '2019-03-01 12:59:17', '2019-03-01 11:01:20', '2019-03-01 11:01:20', 31, 2),
(80, '2019-03-01 12:59:17', '2019-03-01 11:01:20', '2019-03-01 11:01:20', 31, 16),
(81, '2019-03-01 12:59:14', '2019-03-01 11:01:46', '2019-03-01 11:01:46', 32, 2),
(82, '2019-03-01 12:59:14', '2019-03-01 11:02:06', '2019-03-01 11:02:06', 33, 3),
(83, '2019-03-01 12:59:14', '2019-03-01 11:02:06', '2019-03-01 11:02:06', 33, 16),
(84, '2019-03-01 12:59:14', '2019-03-01 11:02:30', '2019-03-01 11:02:30', 34, 1),
(85, '2019-03-01 12:59:14', '2019-03-01 11:02:30', '2019-03-01 11:02:30', 34, 15),
(86, '2019-03-01 01:23:28', '2019-03-01 01:00:05', '2019-03-01 01:00:05', 35, 1),
(87, '2019-03-01 01:23:28', '2019-03-01 01:00:05', '2019-03-01 01:00:05', 35, 2),
(88, '2019-03-01 01:23:21', '2019-03-01 01:00:30', '2019-03-01 01:00:30', 36, 2),
(89, '2019-03-01 01:23:21', '2019-03-01 01:00:30', '2019-03-01 01:00:30', 36, 15),
(90, '2019-03-01 01:23:21', '2019-03-01 01:00:30', '2019-03-01 01:00:30', 36, 16),
(91, '2019-03-01 01:52:27', '2019-03-01 01:01:07', '2019-03-01 01:01:07', 37, 2),
(92, '2019-03-01 01:52:27', '2019-03-01 01:01:07', '2019-03-01 01:01:07', 37, 17),
(93, '2019-03-01 01:52:27', '2019-03-01 01:01:07', '2019-03-01 01:01:07', 37, 19),
(94, '2019-03-01 01:52:27', '2019-03-01 01:01:07', '2019-03-01 01:01:07', 37, 20),
(95, '2019-03-01 01:52:27', '2019-03-01 01:01:07', '2019-03-01 01:01:07', 37, 21),
(96, '2019-03-01 01:23:10', '2019-03-01 01:01:26', '2019-03-01 01:01:26', 38, 1),
(97, '2019-03-01 01:23:10', '2019-03-01 01:01:26', '2019-03-01 01:01:26', 38, 2),
(98, '2019-03-01 01:23:10', '2019-03-01 01:01:26', '2019-03-01 01:01:26', 38, 15),
(99, '2019-03-01 01:23:10', '2019-03-01 01:01:34', '2019-03-01 01:01:34', 38, 1),
(100, '2019-03-01 01:23:10', '2019-03-01 01:01:34', '2019-03-01 01:01:34', 38, 2),
(101, '2019-03-01 01:23:10', '2019-03-01 01:01:34', '2019-03-01 01:01:34', 38, 15),
(102, '2019-03-01 01:52:27', '2019-03-01 01:01:44', '2019-03-01 01:01:44', 37, 2),
(103, '2019-03-01 01:52:27', '2019-03-01 01:01:44', '2019-03-01 01:01:44', 37, 17),
(104, '2019-03-01 01:52:27', '2019-03-01 01:01:44', '2019-03-01 01:01:44', 37, 19),
(105, '2019-03-01 01:52:27', '2019-03-01 01:01:44', '2019-03-01 01:01:44', 37, 20),
(106, '2019-03-01 01:52:27', '2019-03-01 01:01:44', '2019-03-01 01:01:44', 37, 21),
(107, '2019-03-01 01:23:10', '2019-03-01 01:01:50', '2019-03-01 01:01:50', 38, 1),
(108, '2019-03-01 01:23:10', '2019-03-01 01:01:50', '2019-03-01 01:01:50', 38, 2),
(109, '2019-03-01 01:23:10', '2019-03-01 01:01:50', '2019-03-01 01:01:50', 38, 15),
(110, '2019-03-01 01:23:28', '2019-03-01 01:01:56', '2019-03-01 01:01:56', 35, 1),
(111, '2019-03-01 01:23:28', '2019-03-01 01:01:56', '2019-03-01 01:01:56', 35, 2),
(112, '2019-03-01 01:52:27', '2019-03-01 01:02:09', '2019-03-01 01:02:09', 37, 2),
(113, '2019-03-01 01:52:27', '2019-03-01 01:02:09', '2019-03-01 01:02:09', 37, 17),
(114, '2019-03-01 01:52:27', '2019-03-01 01:02:09', '2019-03-01 01:02:09', 37, 19),
(115, '2019-03-01 01:52:27', '2019-03-01 01:02:09', '2019-03-01 01:02:09', 37, 20),
(116, '2019-03-01 01:52:27', '2019-03-01 01:02:09', '2019-03-01 01:02:09', 37, 21),
(117, '2019-03-01 01:23:04', '2019-03-01 01:08:28', '2019-03-01 01:08:28', 39, 1),
(118, '2019-03-01 01:23:04', '2019-03-01 01:08:28', '2019-03-01 01:08:28', 39, 2),
(119, '2019-03-01 01:52:24', '2019-03-01 01:09:11', '2019-03-01 01:09:11', 40, 1),
(120, '2019-03-01 01:52:24', '2019-03-01 01:09:11', '2019-03-01 01:09:11', 40, 15),
(121, '2019-03-01 01:52:24', '2019-03-01 01:09:45', '2019-03-01 01:09:45', 40, 1),
(122, '2019-03-01 01:52:24', '2019-03-01 01:09:45', '2019-03-01 01:09:45', 40, 15),
(123, '2019-03-01 01:52:24', '2019-03-01 01:11:03', '2019-03-01 01:11:03', 40, 1),
(124, '2019-03-01 01:52:24', '2019-03-01 01:11:03', '2019-03-01 01:11:03', 40, 15),
(125, '2019-03-01 01:23:04', '2019-03-01 01:11:10', '2019-03-01 01:11:10', 39, 1),
(126, '2019-03-01 01:23:04', '2019-03-01 01:11:10', '2019-03-01 01:11:10', 39, 2),
(127, '2019-03-01 01:23:10', '2019-03-01 01:11:18', '2019-03-01 01:11:18', 38, 1),
(128, '2019-03-01 01:23:10', '2019-03-01 01:11:18', '2019-03-01 01:11:18', 38, 2),
(129, '2019-03-01 01:23:10', '2019-03-01 01:11:18', '2019-03-01 01:11:18', 38, 15),
(130, '2019-03-01 01:23:21', '2019-03-01 01:11:26', '2019-03-01 01:11:26', 36, 2),
(131, '2019-03-01 01:23:21', '2019-03-01 01:11:26', '2019-03-01 01:11:26', 36, 15),
(132, '2019-03-01 01:23:21', '2019-03-01 01:11:26', '2019-03-01 01:11:26', 36, 16),
(133, '2019-03-01 01:23:28', '2019-03-01 01:11:35', '2019-03-01 01:11:35', 35, 1),
(134, '2019-03-01 01:23:28', '2019-03-01 01:11:35', '2019-03-01 01:11:35', 35, 2),
(135, '2019-03-01 01:23:04', '2019-03-01 01:12:16', '2019-03-01 01:12:16', 39, 1),
(136, '2019-03-01 01:23:04', '2019-03-01 01:12:16', '2019-03-01 01:12:16', 39, 2),
(137, '2019-03-01 01:23:28', '2019-03-01 01:16:29', '2019-03-01 01:16:29', 35, 1),
(138, '2019-03-01 01:23:28', '2019-03-01 01:16:29', '2019-03-01 01:16:29', 35, 2),
(139, '2019-03-01 01:23:28', '2019-03-01 01:16:29', '2019-03-01 01:16:29', 35, 18),
(140, '2019-03-01 01:23:28', '2019-03-01 01:16:29', '2019-03-01 01:16:29', 35, 19),
(141, '2019-03-01 01:23:28', '2019-03-01 01:16:29', '2019-03-01 01:16:29', 35, 20),
(142, '2019-03-01 01:23:28', '2019-03-01 01:16:29', '2019-03-01 01:16:29', 35, 21),
(143, '2019-03-01 01:52:27', '2019-03-01 01:16:38', '2019-03-01 01:16:38', 37, 2),
(144, '2019-03-01 01:52:27', '2019-03-01 01:16:38', '2019-03-01 01:16:38', 37, 17),
(145, '2019-03-01 01:52:27', '2019-03-01 01:16:38', '2019-03-01 01:16:38', 37, 19),
(146, '2019-03-01 01:52:27', '2019-03-01 01:16:38', '2019-03-01 01:16:38', 37, 20),
(147, '2019-03-01 01:52:27', '2019-03-01 01:16:38', '2019-03-01 01:16:38', 37, 21),
(148, '2019-03-01 01:52:27', '2019-03-01 01:16:38', '2019-03-01 01:16:38', 37, 22),
(149, '2019-03-01 01:52:27', '2019-03-01 01:16:38', '2019-03-01 01:16:38', 37, 23),
(150, '2019-03-01 01:23:04', '2019-03-01 01:16:55', '2019-03-01 01:16:55', 39, 1),
(151, '2019-03-01 01:23:04', '2019-03-01 01:16:55', '2019-03-01 01:16:55', 39, 2),
(152, '2019-03-01 01:23:04', '2019-03-01 01:16:55', '2019-03-01 01:16:55', 39, 15),
(153, '2019-03-01 01:23:04', '2019-03-01 01:16:55', '2019-03-01 01:16:55', 39, 16),
(154, '2019-03-01 01:23:04', '2019-03-01 01:16:55', '2019-03-01 01:16:55', 39, 17),
(155, '2019-03-01 01:23:04', '2019-03-01 01:16:55', '2019-03-01 01:16:55', 39, 18),
(156, '2019-03-01 01:23:04', '2019-03-01 01:16:55', '2019-03-01 01:16:55', 39, 19),
(157, '2019-03-01 01:23:04', '2019-03-01 01:16:55', '2019-03-01 01:16:55', 39, 20),
(158, '2019-03-01 01:23:04', '2019-03-01 01:16:55', '2019-03-01 01:16:55', 39, 21),
(159, '2019-03-01 01:23:04', '2019-03-01 01:17:33', '2019-03-01 01:17:33', 39, 1),
(160, '2019-03-01 01:23:04', '2019-03-01 01:17:33', '2019-03-01 01:17:33', 39, 15),
(161, '2019-03-01 01:23:04', '2019-03-01 01:17:33', '2019-03-01 01:17:33', 39, 16),
(162, '2019-03-01 01:23:04', '2019-03-01 01:17:33', '2019-03-01 01:17:33', 39, 17),
(163, '2019-03-01 01:23:04', '2019-03-01 01:17:33', '2019-03-01 01:17:33', 39, 18),
(164, '2019-03-01 01:23:04', '2019-03-01 01:17:33', '2019-03-01 01:17:33', 39, 20),
(165, '2019-03-01 01:23:04', '2019-03-01 01:17:33', '2019-03-01 01:17:33', 39, 21),
(166, '2019-03-01 01:23:04', '2019-03-01 01:17:47', '2019-03-01 01:17:47', 39, 1),
(167, '2019-03-01 01:23:04', '2019-03-01 01:17:47', '2019-03-01 01:17:47', 39, 15),
(168, '2019-03-01 01:23:04', '2019-03-01 01:17:47', '2019-03-01 01:17:47', 39, 16),
(169, '2019-03-01 01:23:04', '2019-03-01 01:17:47', '2019-03-01 01:17:47', 39, 17),
(170, '2019-03-01 01:23:04', '2019-03-01 01:17:47', '2019-03-01 01:17:47', 39, 18),
(171, '2019-03-01 01:23:28', '2019-03-01 01:18:00', '2019-03-01 01:18:00', 35, 1),
(172, '2019-03-01 01:23:28', '2019-03-01 01:18:00', '2019-03-01 01:18:00', 35, 2),
(173, '2019-03-01 01:23:28', '2019-03-01 01:18:00', '2019-03-01 01:18:00', 35, 19),
(174, '2019-03-01 01:23:28', '2019-03-01 01:18:00', '2019-03-01 01:18:00', 35, 20),
(175, '2019-03-01 01:23:28', '2019-03-01 01:18:00', '2019-03-01 01:18:00', 35, 21),
(176, '2019-03-01 01:52:27', '2019-03-01 01:18:18', '2019-03-01 01:18:18', 37, 2),
(177, '2019-03-01 01:52:27', '2019-03-01 01:18:18', '2019-03-01 01:18:18', 37, 17),
(178, '2019-03-01 01:52:27', '2019-03-01 01:18:18', '2019-03-01 01:18:18', 37, 19),
(179, '2019-03-01 01:52:27', '2019-03-01 01:18:18', '2019-03-01 01:18:18', 37, 20),
(180, '2019-03-01 01:52:27', '2019-03-01 01:18:18', '2019-03-01 01:18:18', 37, 21),
(181, '2019-03-01 01:52:27', '2019-03-01 01:18:18', '2019-03-01 01:18:18', 37, 23),
(182, '2019-03-01 01:52:24', '2019-03-01 01:22:58', '2019-03-01 01:22:58', 40, 1),
(183, '2019-03-01 01:52:24', '2019-03-01 01:22:58', '2019-03-01 01:22:58', 40, 15),
(184, '2019-03-01 01:51:57', '2019-03-01 01:23:04', '2019-03-01 01:23:04', 39, 1),
(185, '2019-03-01 01:51:57', '2019-03-01 01:23:04', '2019-03-01 01:23:04', 39, 15),
(186, '2019-03-01 01:51:57', '2019-03-01 01:23:04', '2019-03-01 01:23:04', 39, 16),
(187, '2019-03-01 01:51:57', '2019-03-01 01:23:04', '2019-03-01 01:23:04', 39, 17),
(188, '2019-03-01 01:51:57', '2019-03-01 01:23:04', '2019-03-01 01:23:04', 39, 18),
(189, '2019-03-01 01:51:54', '2019-03-01 01:23:10', '2019-03-01 01:23:10', 38, 1),
(190, '2019-03-01 01:51:54', '2019-03-01 01:23:10', '2019-03-01 01:23:10', 38, 2),
(191, '2019-03-01 01:51:54', '2019-03-01 01:23:10', '2019-03-01 01:23:10', 38, 15),
(192, '2019-03-01 01:52:27', '2019-03-01 01:23:15', '2019-03-01 01:23:15', 37, 2),
(193, '2019-03-01 01:52:27', '2019-03-01 01:23:15', '2019-03-01 01:23:15', 37, 17),
(194, '2019-03-01 01:52:27', '2019-03-01 01:23:15', '2019-03-01 01:23:15', 37, 19),
(195, '2019-03-01 01:52:27', '2019-03-01 01:23:15', '2019-03-01 01:23:15', 37, 20),
(196, '2019-03-01 01:52:27', '2019-03-01 01:23:15', '2019-03-01 01:23:15', 37, 21),
(197, '2019-03-01 01:52:27', '2019-03-01 01:23:15', '2019-03-01 01:23:15', 37, 23),
(198, '2019-03-01 01:51:57', '2019-03-01 01:23:21', '2019-03-01 01:23:21', 36, 2),
(199, '2019-03-01 01:51:57', '2019-03-01 01:23:21', '2019-03-01 01:23:21', 36, 15),
(200, '2019-03-01 01:51:57', '2019-03-01 01:23:21', '2019-03-01 01:23:21', 36, 16),
(201, '2019-03-01 01:51:57', '2019-03-01 01:23:28', '2019-03-01 01:23:28', 35, 1),
(202, '2019-03-01 01:51:57', '2019-03-01 01:23:28', '2019-03-01 01:23:28', 35, 2),
(203, '2019-03-01 01:51:57', '2019-03-01 01:23:28', '2019-03-01 01:23:28', 35, 19),
(204, '2019-03-01 01:51:57', '2019-03-01 01:23:28', '2019-03-01 01:23:28', 35, 20),
(205, '2019-03-01 01:51:57', '2019-03-01 01:23:28', '2019-03-01 01:23:28', 35, 21),
(206, '2019-03-01 02:09:39', '2019-03-01 01:54:51', '2019-03-01 01:54:51', 41, 2),
(207, '2019-03-01 02:09:39', '2019-03-01 01:54:51', '2019-03-01 01:54:51', 41, 16),
(208, '2019-03-01 02:09:39', '2019-03-01 01:54:51', '2019-03-01 01:54:51', 41, 20),
(209, '2019-03-01 02:12:25', '2019-03-01 02:00:26', '2019-03-01 02:00:26', 42, 1),
(210, '2019-03-01 02:12:25', '2019-03-01 02:00:26', '2019-03-01 02:00:26', 42, 20),
(211, '2019-03-01 02:12:25', '2019-03-01 02:00:26', '2019-03-01 02:00:26', 42, 22),
(212, '2019-03-01 02:07:46', '2019-03-01 02:05:15', '2019-03-01 02:05:15', 43, 19),
(213, '2019-03-01 02:07:46', '2019-03-01 02:05:15', '2019-03-01 02:05:15', 43, 20),
(214, '2019-03-01 02:07:46', '2019-03-01 02:05:15', '2019-03-01 02:05:15', 43, 22),
(215, NULL, '2019-03-01 02:07:46', '2019-03-01 02:07:46', 43, 19),
(216, NULL, '2019-03-01 02:07:46', '2019-03-01 02:07:46', 43, 20),
(217, NULL, '2019-03-01 02:07:46', '2019-03-01 02:07:46', 43, 22),
(218, '2019-03-01 02:12:32', '2019-03-01 02:09:39', '2019-03-01 02:09:39', 41, 2),
(219, '2019-03-01 02:12:32', '2019-03-01 02:09:39', '2019-03-01 02:09:39', 41, 16),
(220, '2019-03-01 02:12:32', '2019-03-01 02:09:39', '2019-03-01 02:09:39', 41, 20),
(221, '2019-03-14 09:05:56', '2019-03-01 02:14:49', '2019-03-01 02:14:49', 44, 15),
(222, '2019-03-14 09:05:56', '2019-03-01 02:14:49', '2019-03-01 02:14:49', 44, 16),
(223, '2019-03-19 10:09:38', '2019-03-01 02:22:36', '2019-03-01 02:22:36', 45, 2),
(224, '2019-03-19 10:09:38', '2019-03-01 02:22:36', '2019-03-01 02:22:36', 45, 20),
(225, '2019-03-19 10:09:38', '2019-03-01 02:22:36', '2019-03-01 02:22:36', 45, 21),
(226, '2019-03-19 10:22:15', '2019-03-01 02:25:25', '2019-03-01 02:25:25', 46, 1),
(227, '2019-03-19 10:22:15', '2019-03-01 02:25:25', '2019-03-01 02:25:25', 46, 20),
(228, '2019-03-19 10:22:15', '2019-03-01 02:25:25', '2019-03-01 02:25:25', 46, 22),
(229, '2019-03-19 10:22:04', '2019-03-01 02:26:19', '2019-03-01 02:26:19', 47, 17),
(230, '2019-03-19 10:22:04', '2019-03-01 02:26:19', '2019-03-01 02:26:19', 47, 19),
(231, '2019-03-19 10:22:04', '2019-03-01 02:26:19', '2019-03-01 02:26:19', 47, 21),
(232, '2019-03-19 10:22:04', '2019-03-01 02:26:19', '2019-03-01 02:26:19', 47, 23),
(233, '2019-03-19 10:22:15', '2019-03-01 02:34:04', '2019-03-01 02:34:04', 46, 1),
(234, '2019-03-19 10:22:15', '2019-03-01 02:34:04', '2019-03-01 02:34:04', 46, 20),
(235, '2019-03-19 10:22:15', '2019-03-01 02:34:04', '2019-03-01 02:34:04', 46, 22),
(236, '2019-03-14 09:05:56', '2019-03-01 02:34:19', '2019-03-01 02:34:19', 44, 15),
(237, '2019-03-14 09:05:56', '2019-03-01 02:34:19', '2019-03-01 02:34:19', 44, 16),
(238, '2019-03-19 10:22:04', '2019-03-01 02:35:17', '2019-03-01 02:35:17', 47, 17),
(239, '2019-03-19 10:22:04', '2019-03-01 02:35:17', '2019-03-01 02:35:17', 47, 19),
(240, '2019-03-19 10:22:04', '2019-03-01 02:35:17', '2019-03-01 02:35:17', 47, 21),
(241, '2019-03-19 10:22:04', '2019-03-01 02:35:17', '2019-03-01 02:35:17', 47, 23),
(242, '2019-03-14 09:05:56', '2019-03-01 02:35:24', '2019-03-01 02:35:24', 44, 15),
(243, '2019-03-14 09:05:56', '2019-03-01 02:35:24', '2019-03-01 02:35:24', 44, 16),
(244, '2019-03-19 09:45:52', '2019-03-13 01:24:34', '2019-03-13 01:24:34', 48, 3),
(245, '2019-03-19 09:45:52', '2019-03-13 01:24:34', '2019-03-13 01:24:34', 48, 16),
(246, '2019-03-19 09:45:52', '2019-03-13 01:26:19', '2019-03-13 01:26:19', 48, 3),
(247, '2019-03-19 09:45:52', '2019-03-13 01:26:19', '2019-03-13 01:26:19', 48, 16),
(248, '2019-03-14 09:05:56', '2019-03-14 09:05:05', '2019-03-14 09:05:05', 44, 2),
(249, '2019-03-14 09:05:56', '2019-03-14 09:05:05', '2019-03-14 09:05:05', 44, 15),
(250, '2019-03-14 09:05:56', '2019-03-14 09:05:05', '2019-03-14 09:05:05', 44, 16),
(251, '2019-03-14 09:05:56', '2019-03-14 09:05:05', '2019-03-14 09:05:05', 44, 17),
(252, '2019-03-14 09:05:56', '2019-03-14 09:05:05', '2019-03-14 09:05:05', 44, 18),
(253, '2019-03-14 09:05:56', '2019-03-14 09:05:05', '2019-03-14 09:05:05', 44, 20),
(254, '2019-03-14 09:05:56', '2019-03-14 09:05:05', '2019-03-14 09:05:05', 44, 21),
(255, '2019-03-19 10:13:20', '2019-03-19 09:45:52', '2019-03-19 09:45:52', 48, 3),
(256, '2019-03-19 10:13:20', '2019-03-19 09:45:52', '2019-03-19 09:45:52', 48, 16),
(257, '2019-03-19 10:24:50', '2019-03-19 10:09:38', '2019-03-19 10:09:38', 45, 2),
(258, '2019-03-19 10:24:50', '2019-03-19 10:09:38', '2019-03-19 10:09:38', 45, 20),
(259, '2019-03-19 10:24:50', '2019-03-19 10:09:38', '2019-03-19 10:09:38', 45, 21),
(260, '2019-03-19 10:22:04', '2019-03-19 10:20:15', '2019-03-19 10:20:15', 47, 17),
(261, '2019-03-19 10:22:04', '2019-03-19 10:20:15', '2019-03-19 10:20:15', 47, 19),
(262, '2019-03-19 10:22:04', '2019-03-19 10:20:15', '2019-03-19 10:20:15', 47, 21),
(263, '2019-03-19 10:22:04', '2019-03-19 10:20:15', '2019-03-19 10:20:15', 47, 23),
(264, '2019-03-19 10:22:04', '2019-03-19 10:20:34', '2019-03-19 10:20:34', 47, 17),
(265, '2019-03-19 10:22:04', '2019-03-19 10:20:34', '2019-03-19 10:20:34', 47, 19),
(266, '2019-03-19 10:22:04', '2019-03-19 10:20:34', '2019-03-19 10:20:34', 47, 20),
(267, '2019-03-19 10:22:04', '2019-03-19 10:20:34', '2019-03-19 10:20:34', 47, 21),
(268, '2019-03-19 10:22:04', '2019-03-19 10:20:34', '2019-03-19 10:20:34', 47, 23),
(269, NULL, '2019-03-19 10:22:04', '2019-03-19 10:22:04', 47, 17),
(270, NULL, '2019-03-19 10:22:04', '2019-03-19 10:22:04', 47, 19),
(271, NULL, '2019-03-19 10:22:04', '2019-03-19 10:22:04', 47, 20),
(272, NULL, '2019-03-19 10:22:04', '2019-03-19 10:22:04', 47, 21),
(273, NULL, '2019-03-19 10:22:04', '2019-03-19 10:22:04', 47, 23),
(274, '2019-03-19 10:24:40', '2019-03-19 10:22:15', '2019-03-19 10:22:15', 46, 1),
(275, '2019-03-19 10:24:40', '2019-03-19 10:22:15', '2019-03-19 10:22:15', 46, 20),
(276, '2019-03-19 10:24:40', '2019-03-19 10:22:15', '2019-03-19 10:22:15', 46, 22),
(277, '2019-03-19 11:19:19', '2019-03-19 10:27:23', '2019-03-19 10:27:23', 49, 2),
(278, '2019-03-19 11:19:19', '2019-03-19 10:27:23', '2019-03-19 10:27:23', 49, 15),
(279, '2019-03-19 11:19:19', '2019-03-19 10:27:23', '2019-03-19 10:27:23', 49, 16),
(280, '2019-03-19 11:19:19', '2019-03-19 10:27:23', '2019-03-19 10:27:23', 49, 17),
(281, '2019-03-19 11:19:19', '2019-03-19 10:27:23', '2019-03-19 10:27:23', 49, 19),
(282, '2019-03-19 11:19:19', '2019-03-19 10:27:23', '2019-03-19 10:27:23', 49, 20),
(283, '2019-03-19 11:19:19', '2019-03-19 10:27:23', '2019-03-19 10:27:23', 49, 21),
(284, '2019-03-20 07:21:36', '2019-03-19 11:19:19', '2019-03-19 11:19:19', 49, 2),
(285, '2019-03-20 07:21:36', '2019-03-19 11:19:19', '2019-03-19 11:19:19', 49, 15),
(286, '2019-03-20 07:21:36', '2019-03-19 11:19:19', '2019-03-19 11:19:19', 49, 16),
(287, '2019-03-20 07:21:36', '2019-03-19 11:19:19', '2019-03-19 11:19:19', 49, 17),
(288, '2019-03-20 07:21:36', '2019-03-19 11:19:19', '2019-03-19 11:19:19', 49, 19),
(289, '2019-03-20 07:21:36', '2019-03-19 11:19:19', '2019-03-19 11:19:19', 49, 20),
(290, '2019-03-20 07:21:36', '2019-03-19 11:19:19', '2019-03-19 11:19:19', 49, 21),
(291, '2019-03-19 01:49:58', '2019-03-19 01:11:38', '2019-03-19 01:11:38', 50, 16),
(292, '2019-03-19 01:49:58', '2019-03-19 01:11:38', '2019-03-19 01:11:38', 50, 20),
(293, '2019-03-19 01:49:58', '2019-03-19 01:11:38', '2019-03-19 01:11:38', 50, 23),
(294, '2019-03-20 07:21:36', '2019-03-19 01:14:05', '2019-03-19 01:14:05', 51, 15),
(295, '2019-03-20 07:21:36', '2019-03-19 01:14:05', '2019-03-19 01:14:05', 51, 16),
(296, '2019-03-20 07:21:36', '2019-03-19 01:14:05', '2019-03-19 01:14:05', 51, 17),
(297, '2019-03-20 07:21:36', '2019-03-19 01:14:05', '2019-03-19 01:14:05', 51, 19),
(298, '2019-03-20 07:21:36', '2019-03-19 01:14:05', '2019-03-19 01:14:05', 51, 22),
(299, '2019-03-20 07:21:36', '2019-03-19 01:49:58', '2019-03-19 01:49:58', 50, 16),
(300, '2019-03-20 07:21:36', '2019-03-19 01:49:58', '2019-03-19 01:49:58', 50, 20),
(301, '2019-03-20 07:21:36', '2019-03-19 01:49:58', '2019-03-19 01:49:58', 50, 23),
(302, '2019-03-27 10:19:18', '2019-03-20 07:27:58', '2019-03-20 07:27:58', 52, 2),
(303, '2019-03-27 10:19:18', '2019-03-20 07:27:58', '2019-03-20 07:27:58', 52, 15),
(304, '2019-03-27 10:19:18', '2019-03-20 07:28:35', '2019-03-20 07:28:35', 52, 2),
(305, '2019-03-27 10:19:18', '2019-03-20 07:28:35', '2019-03-20 07:28:35', 52, 15),
(306, '2019-03-27 10:19:05', '2019-03-20 07:29:39', '2019-03-20 07:29:39', 53, 1),
(307, '2019-03-27 10:19:05', '2019-03-20 07:29:39', '2019-03-20 07:29:39', 53, 2),
(308, '2019-03-27 10:19:05', '2019-03-20 07:29:39', '2019-03-20 07:29:39', 53, 3),
(309, '2019-03-27 10:19:05', '2019-03-20 07:29:39', '2019-03-20 07:29:39', 53, 15),
(310, '2019-03-27 10:19:05', '2019-03-20 07:29:39', '2019-03-20 07:29:39', 53, 16),
(311, '2019-03-27 10:18:52', '2019-03-20 07:30:43', '2019-03-20 07:30:43', 54, 17),
(312, '2019-03-27 10:18:52', '2019-03-20 07:30:43', '2019-03-20 07:30:43', 54, 18),
(313, '2019-03-27 10:18:52', '2019-03-20 07:30:43', '2019-03-20 07:30:43', 54, 19),
(314, '2019-03-27 10:18:52', '2019-03-20 07:30:43', '2019-03-20 07:30:43', 54, 20),
(315, '2019-03-27 10:18:52', '2019-03-20 07:30:43', '2019-03-20 07:30:43', 54, 21),
(316, '2019-03-27 10:18:52', '2019-03-20 07:30:43', '2019-03-20 07:30:43', 54, 22),
(317, '2019-03-27 10:18:52', '2019-03-20 07:30:43', '2019-03-20 07:30:43', 54, 23),
(318, '2019-03-20 04:00:56', '2019-03-20 07:31:31', '2019-03-20 07:31:31', 55, 3),
(319, '2019-03-20 04:00:26', '2019-03-20 07:36:19', '2019-03-20 07:36:19', 56, 1),
(320, '2019-03-20 04:00:26', '2019-03-20 07:36:19', '2019-03-20 07:36:19', 56, 2),
(321, '2019-03-20 04:00:26', '2019-03-20 07:36:19', '2019-03-20 07:36:19', 56, 3),
(322, '2019-03-20 04:00:26', '2019-03-20 07:36:19', '2019-03-20 07:36:19', 56, 15),
(323, '2019-03-20 04:00:26', '2019-03-20 07:36:19', '2019-03-20 07:36:19', 56, 16),
(324, '2019-03-20 04:00:26', '2019-03-20 07:36:19', '2019-03-20 07:36:19', 56, 17),
(325, '2019-03-20 04:00:26', '2019-03-20 07:36:19', '2019-03-20 07:36:19', 56, 18),
(326, '2019-04-27 04:50:00', '2019-03-20 07:37:14', '2019-03-20 07:37:14', 57, 1),
(327, '2019-04-27 04:50:00', '2019-03-20 07:37:14', '2019-03-20 07:37:14', 57, 3),
(328, '2019-04-27 04:50:00', '2019-03-20 07:37:14', '2019-03-20 07:37:14', 57, 15),
(329, '2019-04-27 04:50:00', '2019-03-20 07:37:14', '2019-03-20 07:37:14', 57, 16),
(330, '2019-03-27 10:17:59', '2019-03-20 07:38:01', '2019-03-20 07:38:01', 58, 19),
(331, '2019-03-27 10:17:59', '2019-03-20 07:38:01', '2019-03-20 07:38:01', 58, 20),
(332, '2019-03-27 10:17:59', '2019-03-20 07:38:01', '2019-03-20 07:38:01', 58, 21),
(333, '2019-03-27 10:17:59', '2019-03-20 07:38:01', '2019-03-20 07:38:01', 58, 22),
(334, '2019-03-27 10:17:59', '2019-03-20 07:38:01', '2019-03-20 07:38:01', 58, 23),
(335, '2019-03-27 10:17:48', '2019-03-20 07:38:46', '2019-03-20 07:38:46', 59, 2),
(336, '2019-03-27 10:17:48', '2019-03-20 07:38:46', '2019-03-20 07:38:46', 59, 3),
(337, '2019-03-27 10:17:48', '2019-03-20 07:38:46', '2019-03-20 07:38:46', 59, 15),
(338, '2019-03-27 10:17:48', '2019-03-20 03:59:56', '2019-03-20 03:59:56', 59, 2),
(339, '2019-03-27 10:17:48', '2019-03-20 03:59:56', '2019-03-20 03:59:56', 59, 3),
(340, '2019-03-27 10:17:48', '2019-03-20 03:59:56', '2019-03-20 03:59:56', 59, 15),
(341, '2019-03-27 10:17:59', '2019-03-20 04:00:06', '2019-03-20 04:00:06', 58, 19),
(342, '2019-03-27 10:17:59', '2019-03-20 04:00:06', '2019-03-20 04:00:06', 58, 20),
(343, '2019-03-27 10:17:59', '2019-03-20 04:00:06', '2019-03-20 04:00:06', 58, 21),
(344, '2019-03-27 10:17:59', '2019-03-20 04:00:06', '2019-03-20 04:00:06', 58, 22),
(345, '2019-03-27 10:17:59', '2019-03-20 04:00:06', '2019-03-20 04:00:06', 58, 23),
(346, '2019-04-27 04:50:00', '2019-03-20 04:00:17', '2019-03-20 04:00:17', 57, 1),
(347, '2019-04-27 04:50:00', '2019-03-20 04:00:17', '2019-03-20 04:00:17', 57, 3),
(348, '2019-04-27 04:50:00', '2019-03-20 04:00:17', '2019-03-20 04:00:17', 57, 15),
(349, '2019-04-27 04:50:00', '2019-03-20 04:00:17', '2019-03-20 04:00:17', 57, 16),
(350, '2019-05-04 07:02:58', '2019-03-20 04:00:26', '2019-03-20 04:00:26', 56, 1),
(351, '2019-05-04 07:02:58', '2019-03-20 04:00:26', '2019-03-20 04:00:26', 56, 2),
(352, '2019-05-04 07:02:58', '2019-03-20 04:00:26', '2019-03-20 04:00:26', 56, 3),
(353, '2019-05-04 07:02:58', '2019-03-20 04:00:26', '2019-03-20 04:00:26', 56, 15),
(354, '2019-05-04 07:02:58', '2019-03-20 04:00:26', '2019-03-20 04:00:26', 56, 16),
(355, '2019-05-04 07:02:58', '2019-03-20 04:00:26', '2019-03-20 04:00:26', 56, 17),
(356, '2019-05-04 07:02:58', '2019-03-20 04:00:26', '2019-03-20 04:00:26', 56, 18),
(357, '2019-05-04 07:03:03', '2019-03-20 04:00:56', '2019-03-20 04:00:56', 55, 3),
(358, '2019-03-27 10:18:52', '2019-03-20 04:01:06', '2019-03-20 04:01:06', 54, 17),
(359, '2019-03-27 10:18:52', '2019-03-20 04:01:06', '2019-03-20 04:01:06', 54, 18),
(360, '2019-03-27 10:18:52', '2019-03-20 04:01:06', '2019-03-20 04:01:06', 54, 19),
(361, '2019-03-27 10:18:52', '2019-03-20 04:01:06', '2019-03-20 04:01:06', 54, 20),
(362, '2019-03-27 10:18:52', '2019-03-20 04:01:06', '2019-03-20 04:01:06', 54, 21),
(363, '2019-03-27 10:18:52', '2019-03-20 04:01:06', '2019-03-20 04:01:06', 54, 22),
(364, '2019-03-27 10:18:52', '2019-03-20 04:01:06', '2019-03-20 04:01:06', 54, 23),
(365, '2019-03-27 10:19:05', '2019-03-20 05:50:02', '2019-03-20 05:50:02', 53, 1),
(366, '2019-03-27 10:19:05', '2019-03-20 05:50:02', '2019-03-20 05:50:02', 53, 2),
(367, '2019-03-27 10:19:05', '2019-03-20 05:50:02', '2019-03-20 05:50:02', 53, 3),
(368, '2019-03-27 10:19:05', '2019-03-20 05:50:02', '2019-03-20 05:50:02', 53, 15),
(369, '2019-03-27 10:19:05', '2019-03-20 05:50:02', '2019-03-20 05:50:02', 53, 16),
(370, '2019-03-27 10:19:18', '2019-03-20 05:50:12', '2019-03-20 05:50:12', 52, 2),
(371, '2019-03-27 10:19:18', '2019-03-20 05:50:12', '2019-03-20 05:50:12', 52, 15),
(372, '2019-03-27 10:17:48', '2019-03-20 05:50:38', '2019-03-20 05:50:38', 59, 2),
(373, '2019-03-27 10:17:48', '2019-03-20 05:50:38', '2019-03-20 05:50:38', 59, 3),
(374, '2019-03-27 10:17:48', '2019-03-20 05:50:38', '2019-03-20 05:50:38', 59, 15),
(375, '2019-03-23 10:30:33', '2019-03-23 08:44:42', '2019-03-23 08:44:42', 60, 1),
(376, '2019-03-23 10:30:33', '2019-03-23 08:44:42', '2019-03-23 08:44:42', 60, 2),
(377, '2019-03-23 10:30:33', '2019-03-23 08:44:42', '2019-03-23 08:44:42', 60, 15),
(378, '2019-03-23 10:30:33', '2019-03-23 08:44:42', '2019-03-23 08:44:42', 60, 16),
(379, '2019-03-23 10:30:33', '2019-03-23 08:45:21', '2019-03-23 08:45:21', 61, 15),
(380, '2019-03-23 10:30:33', '2019-03-23 08:45:21', '2019-03-23 08:45:21', 61, 16),
(381, '2019-03-23 10:30:33', '2019-03-23 09:26:36', '2019-03-23 09:26:36', 62, 1),
(382, '2019-03-23 10:30:33', '2019-03-23 09:26:36', '2019-03-23 09:26:36', 62, 15),
(383, '2019-04-26 06:45:56', '2019-03-23 10:34:02', '2019-03-23 10:34:02', 63, 1),
(384, '2019-04-26 06:45:56', '2019-03-23 10:34:02', '2019-03-23 10:34:02', 63, 15),
(385, '2019-04-26 06:45:56', '2019-03-23 10:34:02', '2019-03-23 10:34:02', 63, 16),
(386, '2019-04-26 06:45:56', '2019-03-23 10:34:43', '2019-03-23 10:34:43', 64, 1),
(387, '2019-04-26 06:45:56', '2019-03-23 01:26:22', '2019-03-23 01:26:22', 65, 15),
(388, '2019-04-26 06:45:56', '2019-03-23 01:26:22', '2019-03-23 01:26:22', 65, 16),
(389, '2019-04-26 06:45:56', '2019-03-23 01:26:47', '2019-03-23 01:26:47', 65, 15),
(390, '2019-04-26 06:45:56', '2019-03-23 01:26:47', '2019-03-23 01:26:47', 65, 16),
(391, '2019-04-26 06:45:56', '2019-03-23 01:39:07', '2019-03-23 01:39:07', 66, 16),
(392, '2019-04-26 06:45:56', '2019-03-27 10:14:25', '2019-03-27 10:14:25', 64, 1),
(393, '2019-04-26 06:45:56', '2019-03-27 10:14:47', '2019-03-27 10:14:47', 63, 1),
(394, '2019-04-26 06:45:56', '2019-03-27 10:14:47', '2019-03-27 10:14:47', 63, 15),
(395, '2019-04-26 06:45:56', '2019-03-27 10:14:47', '2019-03-27 10:14:47', 63, 16),
(396, '2019-03-27 10:17:48', '2019-03-27 10:15:49', '2019-03-27 10:15:49', 59, 2),
(397, '2019-03-27 10:17:48', '2019-03-27 10:15:49', '2019-03-27 10:15:49', 59, 3),
(398, '2019-03-27 10:17:48', '2019-03-27 10:15:49', '2019-03-27 10:15:49', 59, 15),
(399, '2019-03-27 10:17:48', '2019-03-27 10:16:09', '2019-03-27 10:16:09', 59, 2),
(400, '2019-03-27 10:17:48', '2019-03-27 10:16:09', '2019-03-27 10:16:09', 59, 3),
(401, '2019-03-27 10:17:48', '2019-03-27 10:16:09', '2019-03-27 10:16:09', 59, 15),
(402, '2019-03-27 10:17:48', '2019-03-27 10:16:27', '2019-03-27 10:16:27', 59, 2),
(403, '2019-03-27 10:17:48', '2019-03-27 10:16:27', '2019-03-27 10:16:27', 59, 3),
(404, '2019-03-27 10:17:48', '2019-03-27 10:16:27', '2019-03-27 10:16:27', 59, 15),
(405, '2019-03-27 10:17:48', '2019-03-27 10:16:47', '2019-03-27 10:16:47', 59, 2),
(406, '2019-03-27 10:17:48', '2019-03-27 10:16:47', '2019-03-27 10:16:47', 59, 3),
(407, '2019-03-27 10:17:48', '2019-03-27 10:16:47', '2019-03-27 10:16:47', 59, 15),
(408, '2019-03-27 10:17:59', '2019-03-27 10:17:05', '2019-03-27 10:17:05', 58, 19),
(409, '2019-03-27 10:17:59', '2019-03-27 10:17:05', '2019-03-27 10:17:05', 58, 20),
(410, '2019-03-27 10:17:59', '2019-03-27 10:17:05', '2019-03-27 10:17:05', 58, 21),
(411, '2019-03-27 10:17:59', '2019-03-27 10:17:05', '2019-03-27 10:17:05', 58, 22),
(412, '2019-03-27 10:17:59', '2019-03-27 10:17:05', '2019-03-27 10:17:05', 58, 23),
(413, '2019-05-04 07:03:03', '2019-03-27 10:17:48', '2019-03-27 10:17:48', 59, 2),
(414, '2019-05-04 07:03:03', '2019-03-27 10:17:48', '2019-03-27 10:17:48', 59, 3),
(415, '2019-05-04 07:03:03', '2019-03-27 10:17:48', '2019-03-27 10:17:48', 59, 15),
(416, '2019-05-04 07:03:03', '2019-03-27 10:17:59', '2019-03-27 10:17:59', 58, 19),
(417, '2019-05-04 07:03:03', '2019-03-27 10:17:59', '2019-03-27 10:17:59', 58, 20),
(418, '2019-05-04 07:03:03', '2019-03-27 10:17:59', '2019-03-27 10:17:59', 58, 21),
(419, '2019-05-04 07:03:03', '2019-03-27 10:17:59', '2019-03-27 10:17:59', 58, 22),
(420, '2019-05-04 07:03:03', '2019-03-27 10:17:59', '2019-03-27 10:17:59', 58, 23),
(421, '2019-04-27 04:50:00', '2019-03-27 10:18:10', '2019-03-27 10:18:10', 57, 1),
(422, '2019-04-27 04:50:00', '2019-03-27 10:18:10', '2019-03-27 10:18:10', 57, 3),
(423, '2019-04-27 04:50:00', '2019-03-27 10:18:10', '2019-03-27 10:18:10', 57, 15),
(424, '2019-04-27 04:50:00', '2019-03-27 10:18:10', '2019-03-27 10:18:10', 57, 16),
(425, '2019-05-04 07:03:03', '2019-03-27 10:18:52', '2019-03-27 10:18:52', 54, 17),
(426, '2019-05-04 07:03:03', '2019-03-27 10:18:52', '2019-03-27 10:18:52', 54, 18),
(427, '2019-05-04 07:03:03', '2019-03-27 10:18:52', '2019-03-27 10:18:52', 54, 19),
(428, '2019-05-04 07:03:03', '2019-03-27 10:18:52', '2019-03-27 10:18:52', 54, 20),
(429, '2019-05-04 07:03:03', '2019-03-27 10:18:52', '2019-03-27 10:18:52', 54, 21),
(430, '2019-05-04 07:03:03', '2019-03-27 10:18:52', '2019-03-27 10:18:52', 54, 22),
(431, '2019-05-04 07:03:03', '2019-03-27 10:18:52', '2019-03-27 10:18:52', 54, 23),
(432, '2019-05-04 07:02:58', '2019-03-27 10:19:05', '2019-03-27 10:19:05', 53, 1),
(433, '2019-05-04 07:02:58', '2019-03-27 10:19:05', '2019-03-27 10:19:05', 53, 2),
(434, '2019-05-04 07:02:58', '2019-03-27 10:19:05', '2019-03-27 10:19:05', 53, 3),
(435, '2019-05-04 07:02:58', '2019-03-27 10:19:05', '2019-03-27 10:19:05', 53, 15),
(436, '2019-05-04 07:02:58', '2019-03-27 10:19:05', '2019-03-27 10:19:05', 53, 16),
(437, '2019-03-27 10:19:18', '2019-03-27 10:19:18', '2019-03-27 10:19:18', 52, 2),
(438, '2019-03-27 10:19:18', '2019-03-27 10:19:18', '2019-03-27 10:19:18', 52, 15),
(439, '2019-05-04 07:02:58', '2019-03-27 10:19:18', '2019-03-27 10:19:18', 52, 2),
(440, '2019-05-04 07:02:58', '2019-03-27 10:19:18', '2019-03-27 10:19:18', 52, 15),
(441, '2019-04-26 06:45:56', '2019-03-27 01:20:13', '2019-03-27 01:20:13', 63, 1),
(442, '2019-04-26 06:45:56', '2019-03-27 01:20:13', '2019-03-27 01:20:13', 63, 15),
(443, '2019-04-26 06:45:56', '2019-03-27 01:20:13', '2019-03-27 01:20:13', 63, 16),
(444, '2019-04-26 06:45:56', '2019-03-29 08:32:20', '2019-03-29 08:32:20', 63, 1),
(445, '2019-04-26 06:45:56', '2019-03-29 08:32:20', '2019-03-29 08:32:20', 63, 15),
(446, '2019-04-26 06:45:56', '2019-03-29 08:32:20', '2019-03-29 08:32:20', 63, 16),
(447, '2019-04-26 06:45:56', '2019-03-29 08:46:51', '2019-03-29 08:46:51', 63, 1),
(448, '2019-04-26 06:45:56', '2019-03-29 08:46:51', '2019-03-29 08:46:51', 63, 15),
(449, '2019-04-26 06:45:56', '2019-03-29 08:46:51', '2019-03-29 08:46:51', 63, 16),
(450, '2019-04-26 06:45:56', '2019-03-29 08:53:06', '2019-03-29 08:53:06', 67, 20),
(451, '2019-04-26 06:45:56', '2019-03-29 08:53:06', '2019-03-29 08:53:06', 67, 22),
(452, '2019-04-26 06:45:56', '2019-03-29 09:51:35', '2019-03-29 09:51:35', 64, 1),
(453, '2019-04-26 06:45:56', '2019-03-29 10:06:40', '2019-03-29 10:06:40', 65, 15),
(454, '2019-04-26 06:45:56', '2019-03-29 10:06:40', '2019-03-29 10:06:40', 65, 16),
(455, '2019-04-26 06:45:56', '2019-03-29 10:08:49', '2019-03-29 10:08:49', 66, 16),
(456, '2019-04-26 06:45:56', '2019-03-29 10:10:19', '2019-03-29 10:10:19', 65, 15),
(457, '2019-04-26 06:45:56', '2019-03-29 10:10:19', '2019-03-29 10:10:19', 65, 16),
(458, '2019-04-26 06:45:56', '2019-03-29 11:16:56', '2019-03-29 11:16:56', 66, 16),
(459, '2019-04-26 06:45:56', '2019-03-29 11:33:39', '2019-03-29 11:33:39', 64, 1),
(460, '2019-04-26 06:45:56', '2019-03-29 11:41:36', '2019-03-29 11:41:36', 64, 1),
(461, '2019-04-26 06:45:56', '2019-03-29 11:46:03', '2019-03-29 11:46:03', 64, 1),
(462, '2019-04-26 06:45:56', '2019-03-30 08:27:39', '2019-03-30 08:27:39', 65, 15),
(463, '2019-04-26 06:45:56', '2019-03-30 08:27:39', '2019-03-30 08:27:39', 65, 16),
(464, '2019-04-26 06:45:56', '2019-03-30 08:28:24', '2019-03-30 08:28:24', 65, 15),
(465, '2019-04-26 06:45:56', '2019-03-30 08:28:24', '2019-03-30 08:28:24', 65, 16),
(466, '2019-04-26 06:45:56', '2019-03-30 08:29:35', '2019-03-30 08:29:35', 65, 15),
(467, '2019-04-26 06:45:56', '2019-03-30 08:29:35', '2019-03-30 08:29:35', 65, 16),
(468, '2019-04-26 06:45:56', '2019-03-30 09:04:38', '2019-03-30 09:04:38', 65, 15),
(469, '2019-04-26 06:45:56', '2019-03-30 09:04:38', '2019-03-30 09:04:38', 65, 16),
(470, '2019-05-02 10:35:19', '2019-04-25 02:05:08', '2019-04-25 02:05:08', 68, 20),
(471, '2019-05-02 10:35:19', '2019-04-25 02:05:08', '2019-04-25 02:05:08', 68, 22),
(472, '2019-05-04 07:03:18', '2019-04-25 02:05:49', '2019-04-25 02:05:49', 69, 20),
(473, '2019-05-04 07:03:18', '2019-04-25 02:05:49', '2019-04-25 02:05:49', 69, 22),
(474, '2019-05-01 06:19:21', '2019-04-26 07:44:16', '2019-04-26 07:44:16', 70, 3),
(475, '2019-05-01 06:19:21', '2019-04-26 07:44:16', '2019-04-26 07:44:16', 70, 20),
(476, '2019-04-29 06:19:08', '2019-04-27 04:48:03', '2019-04-27 04:48:03', 71, 15),
(477, '2019-04-29 06:19:08', '2019-04-27 04:48:03', '2019-04-27 04:48:03', 71, 16),
(478, '2019-04-29 06:19:08', '2019-04-27 04:48:03', '2019-04-27 04:48:03', 71, 19),
(479, '2019-05-04 07:02:58', '2019-04-27 04:50:00', '2019-04-27 04:50:00', 57, 1),
(480, '2019-05-04 07:02:58', '2019-04-27 04:50:00', '2019-04-27 04:50:00', 57, 3),
(481, '2019-05-04 07:02:58', '2019-04-27 04:50:00', '2019-04-27 04:50:00', 57, 15),
(482, '2019-05-04 07:02:58', '2019-04-27 04:50:00', '2019-04-27 04:50:00', 57, 16),
(483, '2019-04-29 06:19:08', '2019-04-27 06:44:21', '2019-04-27 06:44:21', 71, 15),
(484, '2019-04-29 06:19:08', '2019-04-27 06:44:21', '2019-04-27 06:44:21', 71, 16),
(485, '2019-04-29 06:19:08', '2019-04-27 06:44:21', '2019-04-27 06:44:21', 71, 19),
(486, '2019-04-29 06:19:08', '2019-04-27 12:12:40', '2019-04-27 12:12:40', 71, 15),
(487, '2019-04-29 06:19:08', '2019-04-27 12:12:40', '2019-04-27 12:12:40', 71, 16),
(488, '2019-04-29 06:19:08', '2019-04-27 12:12:40', '2019-04-27 12:12:40', 71, 19),
(489, '2019-05-01 06:19:21', '2019-04-29 06:18:15', '2019-04-29 06:18:15', 70, 3),
(490, '2019-05-01 06:19:21', '2019-04-29 06:18:15', '2019-04-29 06:18:15', 70, 20),
(491, '2019-04-29 06:19:08', '2019-04-29 06:18:44', '2019-04-29 06:18:44', 71, 15),
(492, '2019-04-29 06:19:08', '2019-04-29 06:18:44', '2019-04-29 06:18:44', 71, 16),
(493, '2019-04-29 06:19:08', '2019-04-29 06:18:44', '2019-04-29 06:18:44', 71, 19),
(494, '2019-05-04 07:03:18', '2019-04-29 06:19:08', '2019-04-29 06:19:08', 71, 15),
(495, '2019-05-04 07:03:18', '2019-04-29 06:19:08', '2019-04-29 06:19:08', 71, 16),
(496, '2019-05-04 07:03:18', '2019-04-29 06:19:08', '2019-04-29 06:19:08', 71, 19),
(497, '2019-05-04 07:03:46', '2019-05-01 06:19:21', '2019-05-01 06:19:21', 70, 3),
(498, '2019-05-04 07:03:46', '2019-05-01 06:19:21', '2019-05-01 06:19:21', 70, 20),
(499, '2019-05-02 09:02:17', '2019-05-02 08:58:32', '2019-05-02 08:58:32', 72, 19),
(500, '2019-05-02 09:02:17', '2019-05-02 08:58:32', '2019-05-02 08:58:32', 72, 20),
(501, '2019-05-04 07:03:46', '2019-05-02 09:02:17', '2019-05-02 09:02:17', 72, 19),
(502, '2019-05-04 07:03:46', '2019-05-02 09:02:17', '2019-05-02 09:02:17', 72, 20),
(503, '2019-05-04 07:03:18', '2019-05-02 10:35:19', '2019-05-02 10:35:19', 68, 20),
(504, '2019-05-04 07:03:18', '2019-05-02 10:35:19', '2019-05-02 10:35:19', 68, 22),
(505, '2019-06-05 03:05:08', '2019-05-04 09:22:38', '2019-05-04 09:22:38', 73, 16),
(506, '2019-06-05 03:05:08', '2019-05-04 09:22:38', '2019-05-04 09:22:38', 73, 21),
(507, '2019-06-05 03:05:16', '2019-05-04 09:24:08', '2019-05-04 09:24:08', 74, 20),
(508, '2019-06-05 03:05:23', '2019-05-04 09:25:23', '2019-05-04 09:25:23', 75, 21),
(509, '2019-06-07 03:06:37', '2019-05-04 09:26:24', '2019-05-04 09:26:24', 76, 2),
(510, '2019-06-07 03:52:38', '2019-05-04 09:27:49', '2019-05-04 09:27:49', 77, 24),
(511, '2019-06-05 03:05:08', '2019-05-04 09:40:35', '2019-05-04 09:40:35', 73, 16),
(512, '2019-06-05 03:05:08', '2019-05-04 09:40:35', '2019-05-04 09:40:35', 73, 21),
(513, '2019-06-05 03:05:16', '2019-05-04 09:40:51', '2019-05-04 09:40:51', 74, 20),
(514, '2019-06-05 03:05:23', '2019-05-04 09:41:23', '2019-05-04 09:41:23', 75, 21),
(515, '2019-06-07 03:06:37', '2019-05-04 09:41:54', '2019-05-04 09:41:54', 76, 2),
(516, '2019-06-07 03:52:38', '2019-05-04 09:42:14', '2019-05-04 09:42:14', 77, 24),
(517, '2019-06-27 05:12:06', '2019-05-04 09:46:44', '2019-05-04 09:46:44', 78, 15),
(518, '2019-06-27 05:12:06', '2019-05-04 09:50:57', '2019-05-04 09:50:57', 79, 21),
(519, '2019-06-16 08:17:12', '2019-05-04 09:52:33', '2019-05-04 09:52:33', 80, 23),
(520, '2019-11-27 04:53:33', '2019-05-04 09:59:26', '2019-05-04 09:59:26', 81, 1),
(521, '2019-11-27 04:53:33', '2019-05-04 09:59:26', '2019-05-04 09:59:26', 81, 2),
(522, '2019-11-27 04:53:33', '2019-05-04 09:59:26', '2019-05-04 09:59:26', 81, 3),
(523, '2019-06-07 03:06:37', '2019-05-04 10:00:40', '2019-05-04 10:00:40', 82, 20),
(524, '2019-06-07 03:06:37', '2019-05-04 10:00:40', '2019-05-04 10:00:40', 82, 21),
(525, '2019-06-07 03:06:37', '2019-05-04 10:00:40', '2019-05-04 10:00:40', 82, 22),
(526, '2019-06-07 03:06:37', '2019-05-04 10:01:51', '2019-05-04 10:01:51', 83, 3),
(527, '2019-06-07 03:09:14', '2019-05-04 10:03:45', '2019-05-04 10:03:45', 84, 2),
(528, '2019-06-07 03:09:14', '2019-05-04 10:03:45', '2019-05-04 10:03:45', 84, 3),
(529, '2019-06-07 03:09:14', '2019-05-04 10:03:45', '2019-05-04 10:03:45', 84, 15),
(530, '2019-06-07 03:09:14', '2019-05-04 10:03:45', '2019-05-04 10:03:45', 84, 16),
(531, '2019-06-07 03:09:14', '2019-05-04 10:03:45', '2019-05-04 10:03:45', 84, 17),
(532, '2019-06-07 03:06:37', '2019-05-04 10:05:15', '2019-05-04 10:05:15', 85, 21),
(533, '2019-06-27 05:12:56', '2019-05-04 10:06:33', '2019-05-04 10:06:33', 86, 15),
(534, '2019-06-27 05:12:56', '2019-05-04 10:06:33', '2019-05-04 10:06:33', 86, 18),
(535, '2019-06-07 03:06:37', '2019-05-04 11:54:46', '2019-05-04 11:54:46', 85, 21),
(536, '2019-06-07 03:09:14', '2019-05-04 11:55:01', '2019-05-04 11:55:01', 84, 2),
(537, '2019-06-07 03:09:14', '2019-05-04 11:55:01', '2019-05-04 11:55:01', 84, 3),
(538, '2019-06-07 03:09:14', '2019-05-04 11:55:01', '2019-05-04 11:55:01', 84, 15),
(539, '2019-06-07 03:09:14', '2019-05-04 11:55:01', '2019-05-04 11:55:01', 84, 16),
(540, '2019-06-07 03:09:14', '2019-05-04 11:55:01', '2019-05-04 11:55:01', 84, 17),
(541, '2019-06-07 03:06:37', '2019-05-04 11:55:20', '2019-05-04 11:55:20', 83, 3),
(542, '2019-06-07 03:06:37', '2019-05-04 11:55:38', '2019-05-04 11:55:38', 82, 20),
(543, '2019-06-07 03:06:37', '2019-05-04 11:55:38', '2019-05-04 11:55:38', 82, 21),
(544, '2019-06-07 03:06:37', '2019-05-04 11:55:38', '2019-05-04 11:55:38', 82, 22),
(545, '2019-11-27 04:53:33', '2019-05-04 11:55:52', '2019-05-04 11:55:52', 81, 1),
(546, '2019-11-27 04:53:33', '2019-05-04 11:55:52', '2019-05-04 11:55:52', 81, 2),
(547, '2019-11-27 04:53:33', '2019-05-04 11:55:52', '2019-05-04 11:55:52', 81, 3),
(548, '2019-06-16 08:17:12', '2019-05-04 11:56:21', '2019-05-04 11:56:21', 80, 23),
(549, '2019-06-27 05:12:56', '2019-05-04 11:56:33', '2019-05-04 11:56:33', 86, 15),
(550, '2019-06-27 05:12:56', '2019-05-04 11:56:33', '2019-05-04 11:56:33', 86, 18),
(551, '2019-06-07 03:06:37', '2019-05-05 11:44:00', '2019-05-05 11:44:00', 76, 2),
(552, '2019-06-05 03:05:08', '2019-05-05 11:44:32', '2019-05-05 11:44:32', 73, 16),
(553, '2019-06-05 03:05:08', '2019-05-05 11:44:32', '2019-05-05 11:44:32', 73, 21),
(554, '2019-06-05 03:05:16', '2019-05-05 11:45:04', '2019-05-05 11:45:04', 74, 20),
(555, '2019-06-07 03:06:37', '2019-05-05 11:45:34', '2019-05-05 11:45:34', 85, 21),
(556, '2019-06-07 03:09:14', '2019-05-05 11:46:11', '2019-05-05 11:46:11', 84, 2),
(557, '2019-06-07 03:09:14', '2019-05-05 11:46:11', '2019-05-05 11:46:11', 84, 3),
(558, '2019-06-07 03:09:14', '2019-05-05 11:46:11', '2019-05-05 11:46:11', 84, 15),
(559, '2019-06-07 03:09:14', '2019-05-05 11:46:11', '2019-05-05 11:46:11', 84, 16),
(560, '2019-06-07 03:09:14', '2019-05-05 11:46:11', '2019-05-05 11:46:11', 84, 17),
(561, '2019-06-07 03:06:37', '2019-05-05 11:46:47', '2019-05-05 11:46:47', 83, 3),
(562, '2019-06-07 03:06:37', '2019-05-05 11:47:10', '2019-05-05 11:47:10', 82, 20),
(563, '2019-06-07 03:06:37', '2019-05-05 11:47:10', '2019-05-05 11:47:10', 82, 21),
(564, '2019-06-07 03:06:37', '2019-05-05 11:47:10', '2019-05-05 11:47:10', 82, 22),
(565, '2019-11-27 04:53:33', '2019-05-05 11:47:36', '2019-05-05 11:47:36', 81, 1),
(566, '2019-11-27 04:53:33', '2019-05-05 11:47:36', '2019-05-05 11:47:36', 81, 2),
(567, '2019-11-27 04:53:33', '2019-05-05 11:47:36', '2019-05-05 11:47:36', 81, 3),
(568, '2019-06-16 08:17:12', '2019-05-05 11:48:34', '2019-05-05 11:48:34', 80, 23),
(569, '2019-06-27 05:12:56', '2019-05-05 11:49:18', '2019-05-05 11:49:18', 86, 15),
(570, '2019-06-27 05:12:56', '2019-05-05 11:49:18', '2019-05-05 11:49:18', 86, 18),
(571, '2019-06-07 03:52:38', '2019-05-05 11:51:31', '2019-05-05 11:51:31', 77, 24),
(572, '2019-06-07 03:52:38', '2019-05-05 11:51:31', '2019-05-05 11:51:31', 77, 24),
(573, '2019-06-27 05:12:06', '2019-05-05 11:52:12', '2019-05-05 11:52:12', 79, 21),
(574, '2019-06-27 05:12:06', '2019-05-05 11:53:02', '2019-05-05 11:53:02', 78, 15),
(575, '2019-06-05 03:05:23', '2019-05-05 11:54:31', '2019-05-05 11:54:31', 75, 21),
(576, '2019-11-27 04:54:18', '2019-05-05 12:02:17', '2019-05-05 12:02:17', 87, 16),
(577, '2019-11-27 04:54:18', '2019-05-05 12:02:17', '2019-05-05 12:02:17', 87, 17),
(578, '2019-11-27 04:54:18', '2019-05-05 12:02:59', '2019-05-05 12:02:59', 87, 16),
(579, '2019-11-27 04:54:18', '2019-05-05 12:02:59', '2019-05-05 12:02:59', 87, 17),
(580, '2019-05-06 12:01:52', '2019-05-06 12:01:13', '2019-05-06 12:01:13', 88, 25),
(581, '2019-11-27 04:55:20', '2019-05-07 03:12:36', '2019-05-07 03:12:36', 89, 20),
(582, '2019-11-27 04:55:29', '2019-05-07 03:14:45', '2019-05-07 03:14:45', 90, 22),
(583, '2019-11-27 04:55:58', '2019-05-07 03:21:24', '2019-05-07 03:21:24', 91, 2),
(584, '2019-11-27 04:57:14', '2019-05-07 04:02:25', '2019-05-07 04:02:25', 92, 15),
(585, '2019-11-27 04:57:14', '2019-05-07 04:03:43', '2019-05-07 04:03:43', 92, 15),
(586, '2019-11-27 04:57:14', '2019-05-07 04:06:22', '2019-05-07 04:06:22', 92, 15),
(587, '2019-06-05 03:05:16', '2019-05-08 06:23:34', '2019-05-08 06:23:34', 74, 20),
(588, '2019-06-05 03:05:16', '2019-05-08 06:53:35', '2019-05-08 06:53:35', 74, 20),
(589, '2019-06-07 03:06:37', '2019-06-05 11:33:40', '2019-06-05 11:33:40', 76, 2),
(590, '2019-11-27 04:54:18', '2019-06-05 01:58:44', '2019-06-05 01:58:44', 87, 16),
(591, '2019-11-27 04:54:18', '2019-06-05 01:58:44', '2019-06-05 01:58:44', 87, 17),
(592, '2019-11-27 04:57:14', '2019-06-05 01:59:16', '2019-06-05 01:59:16', 92, 15),
(593, '2019-06-07 03:06:37', '2019-06-05 02:00:02', '2019-06-05 02:00:02', 85, 21),
(594, '2019-11-27 04:55:20', '2019-06-05 02:00:57', '2019-06-05 02:00:57', 89, 20),
(595, '2019-06-27 05:12:06', '2019-06-05 02:01:18', '2019-06-05 02:01:18', 78, 15),
(596, '2019-06-27 05:12:06', '2019-06-05 02:01:47', '2019-06-05 02:01:47', 79, 21),
(597, '2019-11-27 06:44:12', '2019-06-13 03:13:02', '2019-06-13 03:13:02', 106, 22),
(598, '2019-11-27 06:44:12', '2019-06-16 08:03:27', '2019-06-16 08:03:27', 106, 22),
(599, '2019-11-27 04:57:14', '2019-06-16 08:07:55', '2019-06-16 08:07:55', 92, 15),
(600, '2019-11-27 04:55:58', '2019-06-16 08:12:53', '2019-06-16 08:12:53', 91, 2),
(601, '2019-06-22 05:40:39', '2019-06-18 23:48:37', '2019-06-18 23:48:37', 107, 16),
(602, '2019-06-22 05:40:39', '2019-06-18 23:48:37', '2019-06-18 23:48:37', 107, 26),
(603, '2019-06-22 05:41:50', '2019-06-18 23:54:51', '2019-06-18 23:54:51', 110, 16),
(604, '2019-06-22 05:41:50', '2019-06-18 23:54:52', '2019-06-18 23:54:52', 110, 26),
(605, '2019-06-22 05:42:05', '2019-06-19 00:02:11', '2019-06-19 00:02:11', 111, 16),
(606, '2019-06-22 05:42:05', '2019-06-19 00:02:11', '2019-06-19 00:02:11', 111, 26),
(607, '2019-07-02 03:54:08', '2019-06-19 00:17:23', '2019-06-19 00:17:23', 114, 16),
(608, '2019-07-02 03:54:08', '2019-06-19 00:17:23', '2019-06-19 00:17:23', 114, 26),
(609, '2019-06-29 09:00:26', '2019-06-19 00:18:04', '2019-06-19 00:18:04', 115, 16),
(610, '2019-06-29 09:00:26', '2019-06-19 00:18:04', '2019-06-19 00:18:04', 115, 26),
(611, '2019-06-22 05:40:58', '2019-06-19 00:18:19', '2019-06-19 00:18:19', 116, 16),
(612, '2019-06-22 05:40:58', '2019-06-19 00:18:20', '2019-06-19 00:18:20', 116, 26),
(613, '2019-06-29 09:00:26', '2019-06-19 00:30:50', '2019-06-19 00:30:50', 115, 16),
(614, '2019-06-29 09:00:26', '2019-06-19 00:30:50', '2019-06-19 00:30:50', 115, 26),
(615, '2019-06-29 09:00:26', '2019-06-19 00:34:46', '2019-06-19 00:34:46', 115, 16),
(616, '2019-06-29 09:00:26', '2019-06-19 00:34:46', '2019-06-19 00:34:46', 115, 26),
(617, '2019-06-29 09:00:26', '2019-06-19 00:38:01', '2019-06-19 00:38:01', 115, 16);
INSERT INTO `action_plan_assigns` (`id`, `deleted_at`, `created_at`, `updated_at`, `action_plan_id`, `co_owner_id`) VALUES
(618, '2019-06-29 09:00:26', '2019-06-19 00:38:01', '2019-06-19 00:38:01', 115, 26),
(619, '2019-06-29 09:00:26', '2019-06-19 00:45:22', '2019-06-19 00:45:22', 115, 16),
(620, '2019-06-29 09:00:26', '2019-06-19 00:45:22', '2019-06-19 00:45:22', 115, 26),
(621, '2019-06-29 09:00:26', '2019-06-19 01:02:04', '2019-06-19 01:02:04', 115, 16),
(622, '2019-06-29 09:00:26', '2019-06-19 01:02:04', '2019-06-19 01:02:04', 115, 26),
(623, '2019-06-29 09:00:26', '2019-06-19 06:21:57', '2019-06-19 06:21:57', 115, 16),
(624, '2019-06-29 09:00:26', '2019-06-19 06:21:57', '2019-06-19 06:21:57', 115, 26),
(625, '2019-06-29 09:00:26', '2019-06-19 06:38:14', '2019-06-19 06:38:14', 115, 16),
(626, '2019-06-29 09:00:26', '2019-06-19 06:38:14', '2019-06-19 06:38:14', 115, 26),
(627, '2019-11-27 04:57:14', '2019-06-22 04:41:11', '2019-06-22 04:41:11', 92, 15),
(628, '2019-11-27 04:56:30', '2019-06-22 05:38:46', '2019-06-22 05:38:46', 117, 19),
(629, '2019-11-27 04:57:25', '2019-06-24 02:47:23', '2019-06-24 02:47:23', 118, 20),
(630, '2019-11-27 06:44:12', '2019-06-27 04:14:44', '2019-06-27 04:14:44', 106, 22),
(631, '2019-06-29 07:29:37', '2019-06-27 04:28:50', '2019-06-27 04:28:50', 119, 16),
(632, '2019-12-02 10:25:59', '2019-06-27 04:32:39', '2019-06-27 04:32:39', 120, 2),
(633, '2019-11-27 04:58:13', '2019-06-27 05:01:20', '2019-06-27 05:01:20', 121, 24),
(634, '2019-11-27 04:57:33', '2019-06-27 05:02:47', '2019-06-27 05:02:47', 122, 16),
(635, '2019-11-06 01:58:59', '2019-06-27 05:10:25', '2019-06-27 05:10:25', 123, 20),
(636, '2019-11-27 04:55:45', '2019-06-28 05:46:18', '2019-06-28 05:46:18', 124, 3),
(637, '2019-11-27 04:55:20', '2019-06-28 05:56:32', '2019-06-28 05:56:32', 89, 20),
(638, '2019-07-02 03:43:10', '2019-06-28 06:41:48', '2019-06-28 06:41:48', 125, 22),
(639, '2019-07-02 03:43:10', '2019-06-28 06:41:48', '2019-06-28 06:41:48', 125, 23),
(640, '2019-07-02 03:43:10', '2019-06-28 06:41:48', '2019-06-28 06:41:48', 125, 24),
(641, '2019-07-02 03:43:10', '2019-06-28 06:48:07', '2019-06-28 06:48:07', 125, 22),
(642, '2019-07-02 03:43:10', '2019-06-28 06:48:07', '2019-06-28 06:48:07', 125, 23),
(643, '2019-07-02 03:43:10', '2019-06-28 06:48:07', '2019-06-28 06:48:07', 125, 24),
(644, '2019-07-02 03:43:10', '2019-06-28 06:50:50', '2019-06-28 06:50:50', 125, 22),
(645, '2019-07-02 03:43:10', '2019-06-28 06:50:50', '2019-06-28 06:50:50', 125, 23),
(646, '2019-07-02 03:43:10', '2019-06-28 06:50:50', '2019-06-28 06:50:50', 125, 24),
(647, '2019-07-02 03:43:10', '2019-06-28 06:54:13', '2019-06-28 06:54:13', 125, 22),
(648, '2019-07-02 03:43:10', '2019-06-28 06:54:13', '2019-06-28 06:54:13', 125, 23),
(649, '2019-07-02 03:43:10', '2019-06-28 06:54:13', '2019-06-28 06:54:13', 125, 24),
(650, '2019-07-02 03:43:10', '2019-06-28 06:58:02', '2019-06-28 06:58:02', 125, 22),
(651, '2019-07-02 03:43:10', '2019-06-28 06:58:02', '2019-06-28 06:58:02', 125, 23),
(652, '2019-07-02 03:43:10', '2019-06-28 06:58:02', '2019-06-28 06:58:02', 125, 24),
(653, '2019-07-02 03:43:10', '2019-06-28 09:37:45', '2019-06-28 09:37:45', 125, 22),
(654, '2019-07-02 03:43:10', '2019-06-28 09:37:45', '2019-06-28 09:37:45', 125, 23),
(655, '2019-07-02 03:43:10', '2019-06-28 09:37:45', '2019-06-28 09:37:45', 125, 24),
(656, '2019-07-02 03:43:10', '2019-06-28 09:39:49', '2019-06-28 09:39:49', 125, 22),
(657, '2019-07-02 03:43:10', '2019-06-28 09:39:49', '2019-06-28 09:39:49', 125, 23),
(658, '2019-07-02 03:43:10', '2019-06-28 09:39:49', '2019-06-28 09:39:49', 125, 24),
(659, '2019-11-27 04:54:36', '2019-06-28 09:42:21', '2019-06-28 09:42:21', 126, 3),
(660, '2019-11-27 04:54:36', '2019-06-28 09:42:21', '2019-06-28 09:42:21', 126, 15),
(661, '2019-11-27 04:54:46', '2019-06-28 09:46:04', '2019-06-28 09:46:04', 127, 3),
(662, '2019-11-27 04:54:46', '2019-06-28 09:46:04', '2019-06-28 09:46:04', 127, 15),
(663, '2019-06-29 07:25:58', '2019-06-29 07:25:05', '2019-06-29 07:25:05', 128, 22),
(664, '2019-06-29 07:25:58', '2019-06-29 07:25:05', '2019-06-29 07:25:05', 128, 26),
(665, '2019-07-02 03:44:25', '2019-06-29 07:28:34', '2019-06-29 07:28:34', 129, 3),
(666, '2019-11-27 06:44:12', '2019-06-29 08:59:30', '2019-06-29 08:59:30', 106, 22),
(667, '2019-07-02 03:52:19', '2019-06-29 09:00:26', '2019-06-29 09:00:26', 115, 16),
(668, '2019-07-02 03:52:19', '2019-06-29 09:00:26', '2019-06-29 09:00:26', 115, 26),
(669, '2019-11-27 04:57:43', '2019-06-30 07:17:24', '2019-06-30 07:17:24', 130, 15),
(670, '2019-11-27 04:57:52', '2019-06-30 07:22:17', '2019-06-30 07:22:17', 131, 22),
(671, '2019-11-27 04:52:30', '2019-06-30 08:13:38', '2019-06-30 08:13:38', 132, 3),
(672, NULL, '2019-06-30 08:18:53', '2019-06-30 08:18:53', 133, 24),
(673, '2019-11-27 04:54:18', '2019-07-02 10:54:33', '2019-07-02 10:54:33', 87, 16),
(674, '2019-11-27 04:54:18', '2019-07-02 10:54:33', '2019-07-02 10:54:33', 87, 17),
(675, '2019-11-27 04:57:14', '2019-07-02 10:57:31', '2019-07-02 10:57:31', 92, 15),
(676, '2019-12-02 10:25:59', '2019-07-02 11:30:51', '2019-07-02 11:30:51', 120, 2),
(677, '2019-11-27 06:44:12', '2019-07-02 11:35:21', '2019-07-02 11:35:21', 106, 22),
(678, '2019-11-27 04:57:52', '2019-07-02 11:40:38', '2019-07-02 11:40:38', 131, 22),
(679, '2019-11-27 04:58:13', '2019-07-30 10:04:21', '2019-07-30 10:04:21', 121, 24),
(680, '2019-11-27 04:55:45', '2019-07-30 10:05:20', '2019-07-30 10:05:20', 124, 3),
(681, '2019-11-27 04:53:33', '2019-07-31 06:53:13', '2019-07-31 06:53:13', 81, 2),
(682, '2019-11-27 04:53:33', '2019-07-31 06:53:13', '2019-07-31 06:53:13', 81, 3),
(683, '2019-11-27 04:54:36', '2019-08-01 04:43:58', '2019-08-01 04:43:58', 126, 3),
(684, '2019-11-27 04:54:36', '2019-08-01 04:43:58', '2019-08-01 04:43:58', 126, 15),
(685, '2019-11-27 04:55:20', '2019-08-01 04:44:16', '2019-08-01 04:44:16', 89, 20),
(686, '2019-11-27 04:55:45', '2019-08-01 04:44:30', '2019-08-01 04:44:30', 124, 3),
(687, '2019-11-27 06:44:12', '2019-08-01 04:44:44', '2019-08-01 04:44:44', 106, 22),
(688, '2019-11-27 04:57:33', '2019-08-01 04:44:55', '2019-08-01 04:44:55', 122, 16),
(689, '2019-11-27 04:57:25', '2019-08-01 04:45:07', '2019-08-01 04:45:07', 118, 20),
(690, '2019-11-27 04:54:46', '2019-08-01 04:54:14', '2019-08-01 04:54:14', 127, 3),
(691, '2019-11-27 04:54:46', '2019-08-01 04:54:14', '2019-08-01 04:54:14', 127, 15),
(692, '2019-11-27 04:54:18', '2019-08-01 04:54:51', '2019-08-01 04:54:51', 87, 16),
(693, '2019-11-27 04:54:18', '2019-08-01 04:54:51', '2019-08-01 04:54:51', 87, 17),
(694, '2019-11-27 04:54:18', '2019-08-01 04:54:51', '2019-08-01 04:54:51', 87, 16),
(695, '2019-11-27 04:54:18', '2019-08-01 04:54:51', '2019-08-01 04:54:51', 87, 17),
(696, '2019-11-27 04:58:13', '2019-08-06 06:06:18', '2019-08-06 06:06:18', 121, 22),
(697, '2019-11-27 04:58:13', '2019-08-06 06:06:18', '2019-08-06 06:06:18', 121, 23),
(698, '2019-11-27 04:58:13', '2019-08-06 06:06:18', '2019-08-06 06:06:18', 121, 24),
(699, '2019-08-08 07:17:12', '2019-08-08 06:46:31', '2019-08-08 06:46:31', 134, 23),
(700, '2019-08-08 07:17:12', '2019-08-08 06:46:31', '2019-08-08 06:46:31', 134, 26),
(701, '2019-08-08 07:17:05', '2019-08-08 06:47:03', '2019-08-08 06:47:03', 135, 24),
(702, '2019-08-08 07:17:05', '2019-08-08 06:47:03', '2019-08-08 06:47:03', 135, 25),
(703, '2019-08-08 07:16:59', '2019-08-08 06:47:32', '2019-08-08 06:47:32', 136, 19),
(704, '2019-08-08 07:16:59', '2019-08-08 06:47:32', '2019-08-08 06:47:32', 136, 26),
(705, '2019-11-27 04:52:30', '2019-09-27 04:19:16', '2019-09-27 04:19:16', 132, 3),
(706, '2019-11-27 04:53:33', '2019-09-27 04:20:39', '2019-09-27 04:20:39', 81, 2),
(707, '2019-11-27 04:53:33', '2019-09-27 04:20:39', '2019-09-27 04:20:39', 81, 3),
(708, '2019-11-27 04:54:18', '2019-09-27 04:21:12', '2019-09-27 04:21:12', 87, 16),
(709, '2019-11-27 04:54:18', '2019-09-27 04:21:12', '2019-09-27 04:21:12', 87, 17),
(710, '2019-11-27 04:55:10', '2019-10-01 04:29:15', '2019-10-01 04:29:15', 137, 37),
(711, '2019-11-27 04:52:30', '2019-10-02 09:42:21', '2019-10-02 09:42:21', 132, 3),
(712, '2019-10-03 09:32:14', '2019-10-03 07:29:55', '2019-10-03 07:29:55', 138, 47),
(713, '2019-10-05 10:21:50', '2019-10-03 11:59:26', '2019-10-03 11:59:26', 139, 49),
(714, '2019-10-05 10:27:15', '2019-10-03 12:08:12', '2019-10-03 12:08:12', 140, 50),
(715, NULL, '2019-10-03 12:12:00', '2019-10-03 12:12:00', 141, 51),
(716, '2019-10-05 10:26:13', '2019-10-03 12:15:02', '2019-10-03 12:15:02', 142, 52),
(717, '2019-10-05 10:47:04', '2019-10-03 12:18:22', '2019-10-03 12:18:22', 143, 53),
(718, NULL, '2019-10-03 12:19:47', '2019-10-03 12:19:47', 144, 54),
(719, '2019-10-05 10:22:31', '2019-10-03 12:22:32', '2019-10-03 12:22:32', 145, 55),
(720, '2019-10-05 10:23:11', '2019-10-03 12:24:42', '2019-10-03 12:24:42', 146, 56),
(721, '2019-10-05 10:25:20', '2019-10-03 12:26:32', '2019-10-03 12:26:32', 147, 52),
(722, '2019-10-05 10:47:25', '2019-10-03 12:28:26', '2019-10-03 12:28:26', 148, 50),
(723, NULL, '2019-10-03 12:29:35', '2019-10-03 12:29:35', 149, 54),
(724, '2019-10-05 10:46:54', '2019-10-03 12:32:13', '2019-10-03 12:32:13', 150, 49),
(725, '2019-10-05 06:43:56', '2019-10-03 12:33:31', '2019-10-03 12:33:31', 151, 56),
(726, '2019-10-05 10:24:48', '2019-10-03 12:34:59', '2019-10-03 12:34:59', 152, 51),
(727, '2019-10-05 10:23:50', '2019-10-03 12:36:47', '2019-10-03 12:36:47', 153, 55),
(728, '2019-10-05 10:46:31', '2019-10-03 12:38:35', '2019-10-03 12:38:35', 154, 53),
(729, '2019-11-27 04:55:29', '2019-10-04 09:47:10', '2019-10-04 09:47:10', 90, 22),
(730, '2019-11-27 04:55:20', '2019-10-04 09:47:49', '2019-10-04 09:47:49', 89, 20),
(731, '2019-11-27 04:55:58', '2019-10-04 09:48:13', '2019-10-04 09:48:13', 91, 2),
(732, '2019-11-27 04:55:58', '2019-10-04 09:48:13', '2019-10-04 09:48:13', 91, 2),
(733, '2019-11-27 04:55:20', '2019-10-04 10:35:42', '2019-10-04 10:35:42', 89, 20),
(734, '2019-11-27 04:55:29', '2019-10-04 10:36:02', '2019-10-04 10:36:02', 90, 22),
(735, '2019-11-27 04:55:29', '2019-10-04 11:22:11', '2019-10-04 11:22:11', 90, 22),
(736, '2019-11-27 04:52:30', '2019-10-04 12:21:30', '2019-10-04 12:21:30', 132, 3),
(737, NULL, '2019-10-05 06:43:56', '2019-10-05 06:43:56', 151, 56),
(738, '2019-10-05 10:21:50', '2019-10-05 10:21:06', '2019-10-05 10:21:06', 139, 49),
(739, NULL, '2019-10-05 10:21:50', '2019-10-05 10:21:50', 139, 49),
(740, NULL, '2019-10-05 10:22:31', '2019-10-05 10:22:31', 145, 55),
(741, NULL, '2019-10-05 10:23:11', '2019-10-05 10:23:11', 146, 56),
(742, NULL, '2019-10-05 10:23:50', '2019-10-05 10:23:50', 153, 55),
(743, NULL, '2019-10-05 10:24:48', '2019-10-05 10:24:48', 152, 51),
(744, NULL, '2019-10-05 10:25:20', '2019-10-05 10:25:20', 147, 52),
(745, NULL, '2019-10-05 10:26:13', '2019-10-05 10:26:13', 142, 52),
(746, NULL, '2019-10-05 10:27:15', '2019-10-05 10:27:15', 140, 50),
(747, NULL, '2019-10-05 10:46:31', '2019-10-05 10:46:31', 154, 53),
(748, NULL, '2019-10-05 10:46:54', '2019-10-05 10:46:54', 150, 49),
(749, NULL, '2019-10-05 10:47:04', '2019-10-05 10:47:04', 143, 53),
(750, NULL, '2019-10-05 10:47:25', '2019-10-05 10:47:25', 148, 50),
(751, '2019-11-27 04:54:18', '2019-10-18 02:03:53', '2019-10-18 02:03:53', 87, 16),
(752, '2019-11-27 04:54:18', '2019-10-18 02:03:53', '2019-10-18 02:03:53', 87, 17),
(753, '2019-11-27 04:54:36', '2019-10-18 08:46:08', '2019-10-18 08:46:08', 126, 3),
(754, '2019-11-27 04:54:36', '2019-10-18 08:46:08', '2019-10-18 08:46:08', 126, 15),
(755, '2019-11-27 04:54:36', '2019-10-18 08:46:34', '2019-10-18 08:46:34', 126, 3),
(756, '2019-11-27 04:54:36', '2019-10-18 08:46:34', '2019-10-18 08:46:34', 126, 15),
(757, '2019-11-27 04:54:46', '2019-10-18 08:49:44', '2019-10-18 08:49:44', 127, 3),
(758, '2019-11-27 04:54:46', '2019-10-18 08:49:44', '2019-10-18 08:49:44', 127, 15),
(759, '2019-11-27 04:54:18', '2019-10-19 06:04:57', '2019-10-19 06:04:57', 87, 16),
(760, '2019-11-27 04:54:18', '2019-10-19 06:04:57', '2019-10-19 06:04:57', 87, 17),
(761, '2019-11-27 04:54:27', '2019-10-19 07:49:11', '2019-10-19 07:49:11', 155, 41),
(762, '2019-11-27 04:55:58', '2019-10-19 09:10:19', '2019-10-19 09:10:19', 91, 56),
(763, '2019-11-06 01:58:59', '2019-10-19 09:14:07', '2019-10-19 09:14:07', 123, 20),
(764, '2019-11-27 04:56:30', '2019-10-19 09:19:06', '2019-10-19 09:19:06', 117, 19),
(765, '2019-11-27 04:56:30', '2019-10-19 09:19:06', '2019-10-19 09:19:06', 117, 56),
(766, '2019-11-06 01:58:59', '2019-10-19 10:49:23', '2019-10-19 10:49:23', 123, 56),
(767, '2019-11-27 04:57:52', '2019-10-19 11:04:42', '2019-10-19 11:04:42', 131, 22),
(768, '2019-11-27 06:44:12', '2019-10-19 11:08:30', '2019-10-19 11:08:30', 106, 22),
(769, '2019-11-27 06:44:12', '2019-10-19 11:08:30', '2019-10-19 11:08:30', 106, 52),
(770, '2019-11-27 04:55:45', '2019-10-19 11:23:28', '2019-10-19 11:23:28', 124, 52),
(771, '2019-11-27 04:54:18', '2019-10-19 02:51:17', '2019-10-19 02:51:17', 87, 49),
(772, '2019-11-27 04:54:27', '2019-10-19 02:52:55', '2019-10-19 02:52:55', 155, 41),
(773, '2019-11-27 04:52:30', '2019-10-19 02:58:09', '2019-10-19 02:58:09', 132, 3),
(774, '2019-11-27 04:56:30', '2019-10-19 03:42:46', '2019-10-19 03:42:46', 117, 56),
(775, '2019-11-27 04:53:52', '2019-10-22 01:03:53', '2019-10-22 01:03:53', 156, 55),
(776, '2019-11-27 04:53:33', '2019-10-22 01:08:54', '2019-10-22 01:08:54', 81, 2),
(777, '2019-11-27 04:53:33', '2019-10-22 01:08:54', '2019-10-22 01:08:54', 81, 16),
(778, '2019-11-27 04:58:44', '2019-10-22 01:17:39', '2019-10-22 01:17:39', 157, 16),
(779, '2019-11-27 04:56:42', '2019-10-22 01:38:59', '2019-10-22 01:38:59', 158, 50),
(780, '2019-11-27 04:53:33', '2019-10-22 01:41:32', '2019-10-22 01:41:32', 81, 2),
(781, '2019-11-27 04:56:42', '2019-10-30 02:08:20', '2019-10-30 02:08:20', 158, 50),
(782, '2019-11-05 12:55:09', '2019-11-05 12:54:21', '2019-11-05 12:54:21', 159, 2),
(783, '2019-11-07 05:49:12', '2019-11-06 12:41:00', '2019-11-06 12:41:00', 160, 23),
(784, NULL, '2019-11-06 01:58:59', '2019-11-06 01:58:59', 123, 56),
(785, '2019-11-27 04:55:58', '2019-11-06 02:08:14', '2019-11-06 02:08:14', 91, 56),
(786, '2019-11-27 04:52:30', '2019-11-06 02:13:24', '2019-11-06 02:13:24', 132, 3),
(787, '2019-11-27 04:54:36', '2019-11-06 02:15:23', '2019-11-06 02:15:23', 126, 3),
(788, '2019-11-27 04:54:36', '2019-11-06 02:15:23', '2019-11-06 02:15:23', 126, 15),
(789, '2019-11-27 04:54:46', '2019-11-06 02:16:13', '2019-11-06 02:16:13', 127, 3),
(790, '2019-11-27 04:54:46', '2019-11-06 02:16:13', '2019-11-06 02:16:13', 127, 15),
(791, '2019-11-27 04:57:25', '2019-11-06 02:26:50', '2019-11-06 02:26:50', 118, 20),
(792, '2019-11-27 04:57:33', '2019-11-06 02:28:56', '2019-11-06 02:28:56', 122, 16),
(793, '2019-11-27 04:56:30', '2019-11-07 05:53:13', '2019-11-07 05:53:13', 117, 56),
(794, '2019-11-27 04:56:30', '2019-11-07 05:58:18', '2019-11-07 05:58:18', 117, 56),
(795, '2019-11-27 04:56:42', '2019-11-07 05:59:09', '2019-11-07 05:59:09', 158, 50),
(796, '2019-11-27 04:55:20', '2019-11-07 06:40:44', '2019-11-07 06:40:44', 89, 20),
(797, '2019-11-27 04:55:29', '2019-11-07 06:41:44', '2019-11-07 06:41:44', 90, 22),
(798, '2019-11-27 04:55:45', '2019-11-07 06:42:33', '2019-11-07 06:42:33', 124, 52),
(799, '2019-11-27 04:55:29', '2019-11-07 06:50:37', '2019-11-07 06:50:37', 90, 22),
(800, '2019-11-27 04:55:45', '2019-11-07 06:51:12', '2019-11-07 06:51:12', 124, 52),
(801, '2019-11-27 04:55:45', '2019-11-07 06:51:50', '2019-11-07 06:51:50', 124, 52),
(802, '2019-11-20 01:04:08', '2019-11-20 01:03:48', '2019-11-20 01:03:48', 161, 23),
(803, '2019-11-20 01:04:08', '2019-11-20 01:03:48', '2019-11-20 01:03:48', 161, 34),
(804, '2019-11-20 01:04:08', '2019-11-20 01:03:48', '2019-11-20 01:03:48', 161, 59),
(805, '2019-11-23 02:28:29', '2019-11-23 02:27:06', '2019-11-23 02:27:06', 162, 3),
(806, '2019-11-28 07:02:35', '2019-11-27 02:14:11', '2019-11-27 02:14:11', 163, 23),
(807, '2019-11-28 07:02:35', '2019-11-27 02:14:11', '2019-11-27 02:14:11', 163, 35),
(808, '2019-11-27 04:59:03', '2019-11-27 03:43:54', '2019-11-27 03:43:54', 164, 3),
(809, '2019-11-27 04:59:03', '2019-11-27 03:43:54', '2019-11-27 03:43:54', 164, 1),
(810, '2019-11-27 04:59:09', '2019-11-27 03:59:34', '2019-11-27 03:59:34', 165, 3),
(811, '2019-11-27 04:59:09', '2019-11-27 03:59:34', '2019-11-27 03:59:34', 165, 1),
(812, '2019-11-27 04:59:13', '2019-11-27 04:00:42', '2019-11-27 04:00:42', 166, 3),
(813, '2019-11-27 04:59:13', '2019-11-27 04:00:42', '2019-11-27 04:00:42', 166, 1),
(814, '2019-11-27 04:59:18', '2019-11-27 04:13:57', '2019-11-27 04:13:57', 167, 3),
(815, '2019-11-27 04:59:18', '2019-11-27 04:13:57', '2019-11-27 04:13:57', 167, 1),
(816, '2019-11-27 04:59:23', '2019-11-27 04:14:46', '2019-11-27 04:14:46', 168, 3),
(817, '2019-11-27 04:59:23', '2019-11-27 04:14:46', '2019-11-27 04:14:46', 168, 1),
(818, '2019-11-27 04:58:52', '2019-11-27 04:26:08', '2019-11-27 04:26:08', 169, 3),
(819, '2019-11-27 04:58:52', '2019-11-27 04:26:08', '2019-11-27 04:26:08', 169, 1),
(820, '2019-11-27 04:52:30', '2019-11-27 04:48:48', '2019-11-27 04:48:48', 132, 3),
(821, NULL, '2019-11-27 04:52:30', '2019-11-27 04:52:30', 132, 3),
(822, NULL, '2019-11-27 04:53:33', '2019-11-27 04:53:33', 81, 2),
(823, NULL, '2019-11-27 04:53:52', '2019-11-27 04:53:52', 156, 55),
(824, '2019-12-02 10:25:59', '2019-11-27 04:54:08', '2019-11-27 04:54:08', 120, 2),
(825, NULL, '2019-11-27 04:54:18', '2019-11-27 04:54:18', 87, 49),
(826, NULL, '2019-11-27 04:54:27', '2019-11-27 04:54:27', 155, 41),
(827, NULL, '2019-11-27 04:54:36', '2019-11-27 04:54:36', 126, 3),
(828, NULL, '2019-11-27 04:54:36', '2019-11-27 04:54:36', 126, 15),
(829, NULL, '2019-11-27 04:54:46', '2019-11-27 04:54:46', 127, 3),
(830, NULL, '2019-11-27 04:54:46', '2019-11-27 04:54:46', 127, 15),
(831, NULL, '2019-11-27 04:55:10', '2019-11-27 04:55:10', 137, 37),
(832, NULL, '2019-11-27 04:55:20', '2019-11-27 04:55:20', 89, 20),
(833, NULL, '2019-11-27 04:55:29', '2019-11-27 04:55:29', 90, 22),
(834, NULL, '2019-11-27 04:55:45', '2019-11-27 04:55:45', 124, 52),
(835, NULL, '2019-11-27 04:55:58', '2019-11-27 04:55:58', 91, 56),
(836, NULL, '2019-11-27 04:56:30', '2019-11-27 04:56:30', 117, 56),
(837, NULL, '2019-11-27 04:56:42', '2019-11-27 04:56:42', 158, 50),
(838, NULL, '2019-11-27 04:57:14', '2019-11-27 04:57:14', 92, 15),
(839, NULL, '2019-11-27 04:57:25', '2019-11-27 04:57:25', 118, 20),
(840, NULL, '2019-11-27 04:57:33', '2019-11-27 04:57:33', 122, 16),
(841, NULL, '2019-11-27 04:57:43', '2019-11-27 04:57:43', 130, 15),
(842, NULL, '2019-11-27 04:57:52', '2019-11-27 04:57:52', 131, 22),
(843, NULL, '2019-11-27 04:58:13', '2019-11-27 04:58:13', 121, 22),
(844, NULL, '2019-11-27 04:58:13', '2019-11-27 04:58:13', 121, 23),
(845, NULL, '2019-11-27 04:58:13', '2019-11-27 04:58:13', 121, 24),
(846, '2019-11-27 06:44:12', '2019-11-27 04:58:35', '2019-11-27 04:58:35', 106, 22),
(847, '2019-11-27 06:44:12', '2019-11-27 04:58:35', '2019-11-27 04:58:35', 106, 52),
(848, NULL, '2019-11-27 04:58:44', '2019-11-27 04:58:44', 157, 16),
(849, '2019-11-27 06:44:12', '2019-11-27 06:33:10', '2019-11-27 06:33:10', 106, 22),
(850, '2019-11-27 06:44:12', '2019-11-27 06:33:10', '2019-11-27 06:33:10', 106, 52),
(851, '2019-11-27 06:44:12', '2019-11-27 06:44:07', '2019-11-27 06:44:07', 106, 22),
(852, '2019-11-27 06:44:12', '2019-11-27 06:44:07', '2019-11-27 06:44:07', 106, 52),
(853, NULL, '2019-11-27 06:44:12', '2019-11-27 06:44:12', 106, 22),
(854, NULL, '2019-11-27 06:44:12', '2019-11-27 06:44:12', 106, 52),
(855, NULL, '2019-12-02 10:25:59', '2019-12-02 10:25:59', 120, 2);

-- --------------------------------------------------------

--
-- Table structure for table `action_plan_schedules`
--

CREATE TABLE `action_plan_schedules` (
  `id` int(10) UNSIGNED NOT NULL,
  `deleted_at` timestamp NULL DEFAULT NULL,
  `created_at` timestamp NULL DEFAULT NULL,
  `updated_at` timestamp NULL DEFAULT NULL,
  `action_plan_id` int(10) UNSIGNED NOT NULL DEFAULT '1',
  `owner_id` int(10) UNSIGNED NOT NULL,
  `month_date` date NOT NULL,
  `review_month_date` date DEFAULT NULL,
  `status` varchar(256) COLLATE utf8_unicode_ci NOT NULL,
  `comment` text COLLATE utf8_unicode_ci NOT NULL,
  `implement_data` date NOT NULL,
  `recovery_plan` text COLLATE utf8_unicode_ci NOT NULL,
  `responsibility` int(10) UNSIGNED NOT NULL
) ENGINE=InnoDB DEFAULT CHARSET=utf8 COLLATE=utf8_unicode_ci;

--
-- Dumping data for table `action_plan_schedules`
--

INSERT INTO `action_plan_schedules` (`id`, `deleted_at`, `created_at`, `updated_at`, `action_plan_id`, `owner_id`, `month_date`, `review_month_date`, `status`, `comment`, `implement_data`, `recovery_plan`, `responsibility`) VALUES
(1, NULL, '2019-10-30 14:00:24', '2019-10-30 14:00:24', 91, 56, '2019-06-01', '2019-07-04', '3', 'test', '1970-01-01', 'test', 3),
(2, NULL, '2019-10-30 14:00:50', '2019-10-30 14:00:50', 123, 56, '2019-07-01', '2019-08-07', '3', 'test', '1970-01-01', 'test', 18),
(3, NULL, '2019-10-30 14:02:54', '2019-10-30 14:02:54', 117, 56, '2019-07-01', NULL, '3', 'review ', '1970-01-01', '', 27),
(4, NULL, '2019-10-30 14:03:36', '2019-10-30 14:03:36', 117, 56, '2019-08-01', '2019-09-07', '3', 'review ', '1970-01-01', '', 20),
(5, NULL, '2019-10-30 14:04:06', '2019-10-30 14:04:06', 91, 56, '2019-07-01', '2019-08-05', '3', 'review ', '1970-01-01', '', 16),
(6, NULL, '2019-10-30 14:04:37', '2019-10-30 14:04:37', 123, 56, '2019-08-01', '2019-09-08', '3', 'review ', '1970-01-01', '', 18),
(7, NULL, '2019-10-30 14:05:23', '2019-10-30 14:05:23', 122, 16, '2019-07-01', '2019-08-08', '3', 'review ', '1970-01-01', '', 15),
(8, NULL, '2019-10-30 14:05:47', '2019-10-30 14:05:47', 121, 23, '2019-07-01', '2019-08-07', '3', 'review ', '1970-01-01', '', 3),
(9, NULL, '2019-10-30 14:06:12', '2019-10-30 14:06:12', 118, 20, '2019-07-01', '2019-08-09', '3', 'review', '1970-01-01', '', 16),
(10, NULL, '2019-10-30 14:06:38', '2019-10-30 14:06:38', 92, 15, '2019-05-01', '2019-06-07', '3', 'review ', '1970-01-01', '', 21),
(11, NULL, '2019-10-30 14:08:51', '2019-10-30 14:08:51', 158, 50, '2019-09-01', '2019-10-09', '3', 'review ', '1970-01-01', '', 41),
(12, NULL, '2019-10-30 14:09:25', '2019-10-30 14:09:25', 87, 49, '2019-07-01', '2019-08-07', '4', 'review ', '1970-01-01', '', 55),
(13, NULL, '2019-10-30 14:09:52', '2019-10-30 14:09:52', 155, 41, '2019-06-01', '2019-07-07', '4', 'review', '1970-01-01', '', 42),
(14, NULL, '2019-10-30 14:10:17', '2019-10-30 14:10:17', 127, 3, '2019-07-01', '2019-08-09', '4', 'review', '1970-01-01', '', 35),
(15, NULL, '2019-10-30 14:16:12', '2019-10-30 14:16:12', 120, 2, '2019-08-01', '2019-09-05', '5', 'reviewed', '1970-01-01', 'test', 37),
(16, NULL, '2019-10-30 14:16:43', '2019-10-30 14:16:43', 106, 22, '2019-08-01', '2019-09-07', '4', 'reviewed', '1970-01-01', '', 49),
(17, NULL, '2019-10-30 14:20:15', '2019-10-30 14:20:15', 106, 52, '2019-08-01', '2019-09-08', '3', 'review', '1970-01-01', '', 47),
(18, NULL, '2019-10-30 14:21:02', '2019-10-30 14:21:02', 106, 22, '2019-09-01', '0000-00-00', '5', 'reviewed', '1970-01-01', 'test', 33),
(19, NULL, '2019-10-30 14:22:23', '2019-10-30 14:22:23', 137, 37, '2019-07-01', '2019-08-06', '5', 'reviewed', '1970-01-01', 'test', 30),
(20, NULL, '2019-10-31 05:17:22', '2019-10-31 05:17:22', 156, 55, '2019-09-01', NULL, '3', 'Reviewed', '1970-01-01', '', 28),
(21, NULL, '2019-11-02 12:14:38', '2019-11-02 12:14:38', 106, 52, '2019-09-01', '2019-10-08', '3', 'Reviewed', '1970-01-01', '', 16),
(22, NULL, '2019-11-02 12:15:33', '2019-11-02 12:15:33', 131, 22, '2019-09-01', '2019-10-08', '3', 'Reviewed', '1970-01-01', '', 18),
(23, NULL, '2019-11-05 12:54:21', '2019-11-05 12:54:21', 159, 2, '0000-00-00', '0000-00-00', '1', '', '0000-00-00', '', 0),
(24, NULL, '2019-11-06 12:41:00', '2019-11-06 12:41:00', 160, 23, '0000-00-00', '0000-00-00', '1', '', '0000-00-00', '', 0),
(25, NULL, '2019-11-20 01:03:48', '2019-11-20 01:03:48', 161, 23, '0000-00-00', '0000-00-00', '1', '', '0000-00-00', '', 0),
(26, NULL, '2019-11-20 01:03:48', '2019-11-20 01:03:48', 161, 34, '0000-00-00', '0000-00-00', '1', '', '0000-00-00', '', 0),
(27, NULL, '2019-11-20 01:03:48', '2019-11-20 01:03:48', 161, 59, '0000-00-00', '0000-00-00', '1', '', '0000-00-00', '', 0),
(28, NULL, '2019-11-23 05:27:18', '2019-11-23 05:27:18', 90, 22, '2019-04-01', '0000-00-00', '3', 'test', '1970-01-01', 'test', 3),
(29, NULL, '2019-11-23 05:34:39', '2019-11-23 05:34:39', 122, 16, '2019-06-01', '0000-00-00', '3', 'test', '1970-01-01', 'test', 23),
(30, NULL, '2019-11-23 02:27:06', '2019-11-23 02:27:06', 162, 3, '0000-00-00', '0000-00-00', '1', '', '0000-00-00', '', 0),
(31, NULL, '2019-11-25 06:11:20', '2019-11-25 06:11:20', 91, 56, '2019-08-01', '2019-09-11', '3', 'test', '2019-11-25', 'test', 16),
(32, NULL, '2019-11-27 02:01:26', '2019-11-27 02:01:26', 156, 55, '2019-10-01', '2019-11-27', '3', 'test', '0000-00-00', 'test', 23),
(33, NULL, '2019-11-27 02:14:11', '2019-11-27 02:14:11', 163, 23, '0000-00-00', '0000-00-00', '1', '', '0000-00-00', '', 0),
(34, NULL, '2019-11-27 02:14:11', '2019-11-27 02:14:11', 163, 35, '0000-00-00', '0000-00-00', '1', '', '0000-00-00', '', 0),
(35, NULL, '2019-11-27 03:43:54', '2019-11-27 03:43:54', 164, 3, '0000-00-00', '0000-00-00', '1', '', '0000-00-00', '', 0),
(36, NULL, '2019-11-27 03:43:54', '2019-11-27 03:43:54', 164, 1, '0000-00-00', '0000-00-00', '1', '', '0000-00-00', '', 0),
(37, NULL, '2019-11-27 03:59:34', '2019-11-27 03:59:34', 165, 3, '0000-00-00', '0000-00-00', '1', '', '0000-00-00', '', 0),
(38, NULL, '2019-11-27 03:59:34', '2019-11-27 03:59:34', 165, 1, '0000-00-00', '0000-00-00', '1', '', '0000-00-00', '', 0),
(39, NULL, '2019-11-27 04:00:42', '2019-11-27 04:00:42', 166, 3, '0000-00-00', '0000-00-00', '1', '', '0000-00-00', '', 0),
(40, NULL, '2019-11-27 04:00:42', '2019-11-27 04:00:42', 166, 1, '0000-00-00', '0000-00-00', '1', '', '0000-00-00', '', 0),
(41, NULL, '2019-11-27 04:13:57', '2019-11-27 04:13:57', 167, 3, '0000-00-00', '0000-00-00', '1', '', '0000-00-00', '', 0),
(42, NULL, '2019-11-27 04:13:57', '2019-11-27 04:13:57', 167, 1, '0000-00-00', '0000-00-00', '1', '', '0000-00-00', '', 0),
(43, NULL, '2019-11-27 04:14:46', '2019-11-27 04:14:46', 168, 3, '0000-00-00', '0000-00-00', '1', '', '0000-00-00', '', 0),
(44, NULL, '2019-11-27 04:14:46', '2019-11-27 04:14:46', 168, 1, '0000-00-00', '0000-00-00', '1', '', '0000-00-00', '', 0),
(45, NULL, '2019-11-27 04:26:08', '2019-11-27 04:26:08', 169, 3, '0000-00-00', '0000-00-00', '1', '', '0000-00-00', '', 0),
(46, NULL, '2019-11-27 04:26:08', '2019-11-27 04:26:08', 169, 1, '0000-00-00', '0000-00-00', '1', '', '0000-00-00', '', 0),
(47, NULL, '2019-11-28 07:00:09', '2019-11-28 07:00:09', 89, 20, '2019-02-01', '2019-11-28', '3', 'test', '2019-11-28', 'test', 3);

-- --------------------------------------------------------

--
-- Table structure for table `action_plan_statuses`
--

CREATE TABLE `action_plan_statuses` (
  `id` int(10) UNSIGNED NOT NULL,
  `deleted_at` timestamp NULL DEFAULT NULL,
  `created_at` timestamp NULL DEFAULT NULL,
  `updated_at` timestamp NULL DEFAULT NULL,
  `action_plan_id` int(10) UNSIGNED NOT NULL DEFAULT '1',
  `status_id` int(10) UNSIGNED NOT NULL DEFAULT '1',
  `percentage` varchar(10) COLLATE utf8_unicode_ci NOT NULL
) ENGINE=InnoDB DEFAULT CHARSET=utf8 COLLATE=utf8_unicode_ci;

--
-- Dumping data for table `action_plan_statuses`
--

INSERT INTO `action_plan_statuses` (`id`, `deleted_at`, `created_at`, `updated_at`, `action_plan_id`, `status_id`, `percentage`) VALUES
(1, NULL, '2019-10-30 02:00:24', '2019-10-30 02:00:24', 91, 3, '100'),
(2, NULL, '2019-10-30 02:00:50', '2019-10-30 02:00:50', 91, 3, '100'),
(3, NULL, '2019-10-30 02:00:50', '2019-10-30 02:00:50', 123, 3, '100'),
(4, NULL, '2019-10-30 02:02:54', '2019-10-30 02:02:54', 117, 3, '100'),
(5, NULL, '2019-10-30 02:03:36', '2019-10-30 02:03:36', 117, 3, '100'),
(6, NULL, '2019-10-30 02:04:06', '2019-10-30 02:04:06', 91, 3, '100'),
(7, NULL, '2019-10-30 02:04:06', '2019-10-30 02:04:06', 123, 3, '100'),
(8, NULL, '2019-10-30 02:04:37', '2019-10-30 02:04:37', 91, 3, '100'),
(9, NULL, '2019-10-30 02:04:37', '2019-10-30 02:04:37', 123, 3, '100'),
(10, NULL, '2019-10-30 02:05:23', '2019-10-30 02:05:23', 122, 3, '100'),
(11, NULL, '2019-10-30 02:05:47', '2019-10-30 02:05:47', 121, 3, '100'),
(12, NULL, '2019-10-30 02:06:12', '2019-10-30 02:06:12', 118, 3, '100'),
(13, NULL, '2019-10-30 02:06:12', '2019-10-30 02:06:12', 122, 3, '100'),
(14, NULL, '2019-10-30 02:06:38', '2019-10-30 02:06:38', 92, 3, '100'),
(15, NULL, '2019-10-30 02:06:38', '2019-10-30 02:06:38', 121, 3, '100'),
(16, NULL, '2019-10-30 02:08:51', '2019-10-30 02:08:51', 117, 3, '100'),
(17, NULL, '2019-10-30 02:08:51', '2019-10-30 02:08:51', 158, 3, '100'),
(18, NULL, '2019-10-30 02:09:25', '2019-10-30 02:09:25', 87, 4, '90'),
(19, NULL, '2019-10-30 02:09:52', '2019-10-30 02:09:52', 87, 4, '90'),
(20, NULL, '2019-10-30 02:09:52', '2019-10-30 02:09:52', 155, 4, '90'),
(21, NULL, '2019-10-30 02:10:17', '2019-10-30 02:10:17', 127, 4, '90'),
(22, NULL, '2019-10-30 02:16:12', '2019-10-30 02:16:12', 120, 5, '89'),
(23, NULL, '2019-10-30 02:16:43', '2019-10-30 02:16:43', 106, 4, '90'),
(24, NULL, '2019-10-30 02:20:15', '2019-10-30 02:20:15', 106, 4, '95'),
(25, NULL, '2019-10-30 02:21:02', '2019-10-30 02:21:02', 106, 4, '95'),
(26, NULL, '2019-10-30 02:22:23', '2019-10-30 02:22:23', 137, 5, '89'),
(27, NULL, '2019-10-31 05:17:22', '2019-10-31 05:17:22', 156, 3, '100'),
(28, NULL, '2019-11-01 02:08:33', '2019-11-01 02:08:33', 91, 3, '100'),
(29, NULL, '2019-11-01 02:08:33', '2019-11-01 02:08:33', 123, 3, '100'),
(30, NULL, '2019-11-01 02:09:31', '2019-11-01 02:09:31', 91, 3, '100'),
(31, NULL, '2019-11-01 02:09:31', '2019-11-01 02:09:31', 123, 3, '100'),
(32, NULL, '2019-11-01 02:10:26', '2019-11-01 02:10:26', 91, 3, '100'),
(33, NULL, '2019-11-01 02:10:26', '2019-11-01 02:10:26', 123, 3, '100'),
(34, NULL, '2019-11-01 02:12:13', '2019-11-01 02:12:13', 91, 3, '100'),
(35, NULL, '2019-11-01 02:12:13', '2019-11-01 02:12:13', 123, 3, '100'),
(36, NULL, '2019-11-01 02:12:42', '2019-11-01 02:12:42', 91, 3, '100'),
(37, NULL, '2019-11-01 02:12:42', '2019-11-01 02:12:42', 123, 3, '100'),
(38, NULL, '2019-11-01 03:17:18', '2019-11-01 03:17:18', 91, 3, '100'),
(39, NULL, '2019-11-01 03:17:18', '2019-11-01 03:17:18', 123, 3, '100'),
(40, NULL, '2019-11-01 03:21:34', '2019-11-01 03:21:34', 91, 3, '100'),
(41, NULL, '2019-11-01 03:21:34', '2019-11-01 03:21:34', 123, 3, '100'),
(42, NULL, '2019-11-01 03:25:52', '2019-11-01 03:25:52', 91, 3, '100'),
(43, NULL, '2019-11-01 03:25:52', '2019-11-01 03:25:52', 123, 3, '100'),
(44, NULL, '2019-11-01 03:26:37', '2019-11-01 03:26:37', 91, 3, '100'),
(45, NULL, '2019-11-01 03:26:37', '2019-11-01 03:26:37', 123, 3, '100'),
(46, NULL, '2019-11-01 03:37:38', '2019-11-01 03:37:38', 91, 3, '100'),
(47, NULL, '2019-11-01 03:37:38', '2019-11-01 03:37:38', 123, 3, '100'),
(48, NULL, '2019-11-01 04:24:37', '2019-11-01 04:24:37', 91, 3, '100'),
(49, NULL, '2019-11-01 04:24:37', '2019-11-01 04:24:37', 123, 3, '100'),
(50, NULL, '2019-11-01 04:32:28', '2019-11-01 04:32:28', 91, 3, '100'),
(51, NULL, '2019-11-01 04:32:28', '2019-11-01 04:32:28', 123, 3, '100'),
(52, NULL, '2019-11-01 05:01:00', '2019-11-01 05:01:00', 91, 3, '100'),
(53, NULL, '2019-11-01 05:01:00', '2019-11-01 05:01:00', 123, 3, '100'),
(54, NULL, '2019-11-01 05:18:46', '2019-11-01 05:18:46', 91, 3, '100'),
(55, NULL, '2019-11-01 05:18:46', '2019-11-01 05:18:46', 123, 3, '100'),
(56, NULL, '2019-11-01 05:26:16', '2019-11-01 05:26:16', 91, 3, '100'),
(57, NULL, '2019-11-01 05:26:16', '2019-11-01 05:26:16', 123, 3, '100'),
(58, NULL, '2019-11-01 05:26:38', '2019-11-01 05:26:38', 91, 3, '100'),
(59, NULL, '2019-11-01 05:26:38', '2019-11-01 05:26:38', 123, 3, '100'),
(60, NULL, '2019-11-01 05:28:05', '2019-11-01 05:28:05', 91, 3, '100'),
(61, NULL, '2019-11-01 05:28:05', '2019-11-01 05:28:05', 123, 3, '100'),
(62, NULL, '2019-11-01 05:28:16', '2019-11-01 05:28:16', 91, 3, '100'),
(63, NULL, '2019-11-01 05:28:16', '2019-11-01 05:28:16', 123, 3, '100'),
(64, NULL, '2019-11-01 05:30:03', '2019-11-01 05:30:03', 91, 3, '100'),
(65, NULL, '2019-11-01 05:30:03', '2019-11-01 05:30:03', 123, 3, '100'),
(66, NULL, '2019-11-01 05:30:46', '2019-11-01 05:30:46', 91, 3, '100'),
(67, NULL, '2019-11-01 05:30:46', '2019-11-01 05:30:46', 123, 3, '100'),
(68, NULL, '2019-11-01 05:35:22', '2019-11-01 05:35:22', 91, 3, '100'),
(69, NULL, '2019-11-01 05:35:22', '2019-11-01 05:35:22', 123, 3, '100'),
(70, NULL, '2019-11-01 05:35:47', '2019-11-01 05:35:47', 91, 3, '100'),
(71, NULL, '2019-11-01 05:35:47', '2019-11-01 05:35:47', 123, 3, '100'),
(72, NULL, '2019-11-01 05:39:07', '2019-11-01 05:39:07', 91, 3, '100'),
(73, NULL, '2019-11-01 05:39:07', '2019-11-01 05:39:07', 123, 3, '100'),
(74, NULL, '2019-11-01 05:39:59', '2019-11-01 05:39:59', 91, 3, '100'),
(75, NULL, '2019-11-01 05:39:59', '2019-11-01 05:39:59', 123, 3, '100'),
(76, NULL, '2019-11-01 05:42:24', '2019-11-01 05:42:24', 91, 3, '100'),
(77, NULL, '2019-11-01 05:42:24', '2019-11-01 05:42:24', 123, 3, '100'),
(78, NULL, '2019-11-01 05:42:45', '2019-11-01 05:42:45', 91, 3, '100'),
(79, NULL, '2019-11-01 05:42:45', '2019-11-01 05:42:45', 123, 3, '100'),
(80, NULL, '2019-11-01 05:47:58', '2019-11-01 05:47:58', 91, 3, '100'),
(81, NULL, '2019-11-01 05:47:58', '2019-11-01 05:47:58', 123, 3, '100'),
(82, NULL, '2019-11-01 05:48:10', '2019-11-01 05:48:10', 91, 3, '100'),
(83, NULL, '2019-11-01 05:48:10', '2019-11-01 05:48:10', 123, 3, '100'),
(84, NULL, '2019-11-01 05:50:20', '2019-11-01 05:50:20', 91, 3, '100'),
(85, NULL, '2019-11-01 05:50:20', '2019-11-01 05:50:20', 123, 3, '100'),
(86, NULL, '2019-11-01 05:50:49', '2019-11-01 05:50:49', 91, 3, '100'),
(87, NULL, '2019-11-01 05:50:49', '2019-11-01 05:50:49', 123, 3, '100'),
(88, NULL, '2019-11-01 05:51:05', '2019-11-01 05:51:05', 91, 3, '100'),
(89, NULL, '2019-11-01 05:51:05', '2019-11-01 05:51:05', 123, 3, '100'),
(90, NULL, '2019-11-01 05:52:08', '2019-11-01 05:52:08', 91, 3, '100'),
(91, NULL, '2019-11-01 05:52:08', '2019-11-01 05:52:08', 123, 3, '100'),
(92, NULL, '2019-11-01 05:52:52', '2019-11-01 05:52:52', 91, 3, '100'),
(93, NULL, '2019-11-01 05:52:52', '2019-11-01 05:52:52', 123, 3, '100'),
(94, NULL, '2019-11-01 05:54:11', '2019-11-01 05:54:11', 91, 3, '100'),
(95, NULL, '2019-11-01 05:54:11', '2019-11-01 05:54:11', 123, 3, '100'),
(96, NULL, '2019-11-01 05:56:59', '2019-11-01 05:56:59', 91, 3, '100'),
(97, NULL, '2019-11-01 05:56:59', '2019-11-01 05:56:59', 123, 3, '100'),
(98, NULL, '2019-11-01 05:57:36', '2019-11-01 05:57:36', 91, 3, '100'),
(99, NULL, '2019-11-01 05:57:36', '2019-11-01 05:57:36', 123, 3, '100'),
(100, NULL, '2019-11-01 05:57:52', '2019-11-01 05:57:52', 91, 3, '100'),
(101, NULL, '2019-11-01 05:57:52', '2019-11-01 05:57:52', 123, 3, '100'),
(102, NULL, '2019-11-01 05:58:05', '2019-11-01 05:58:05', 91, 3, '100'),
(103, NULL, '2019-11-01 05:58:05', '2019-11-01 05:58:05', 123, 3, '100'),
(104, NULL, '2019-11-01 05:58:19', '2019-11-01 05:58:19', 91, 3, '100'),
(105, NULL, '2019-11-01 05:58:19', '2019-11-01 05:58:19', 123, 3, '100'),
(106, NULL, '2019-11-01 05:59:07', '2019-11-01 05:59:07', 91, 3, '100'),
(107, NULL, '2019-11-01 05:59:07', '2019-11-01 05:59:07', 123, 3, '100'),
(108, NULL, '2019-11-01 06:01:35', '2019-11-01 06:01:35', 91, 3, '100'),
(109, NULL, '2019-11-01 06:01:35', '2019-11-01 06:01:35', 123, 3, '100'),
(110, NULL, '2019-11-01 06:04:03', '2019-11-01 06:04:03', 91, 3, '100'),
(111, NULL, '2019-11-01 06:04:03', '2019-11-01 06:04:03', 123, 3, '100'),
(112, NULL, '2019-11-01 06:06:55', '2019-11-01 06:06:55', 91, 3, '100'),
(113, NULL, '2019-11-01 06:06:55', '2019-11-01 06:06:55', 123, 3, '100'),
(114, NULL, '2019-11-01 06:09:43', '2019-11-01 06:09:43', 91, 3, '100'),
(115, NULL, '2019-11-01 06:09:43', '2019-11-01 06:09:43', 123, 3, '100'),
(116, NULL, '2019-11-01 06:10:39', '2019-11-01 06:10:39', 91, 3, '100'),
(117, NULL, '2019-11-01 06:10:39', '2019-11-01 06:10:39', 123, 3, '100'),
(118, NULL, '2019-11-01 06:21:09', '2019-11-01 06:21:09', 117, 3, '100'),
(119, NULL, '2019-11-01 06:21:09', '2019-11-01 06:21:09', 158, 3, '100'),
(120, NULL, '2019-11-01 06:21:50', '2019-11-01 06:21:50', 117, 3, '100'),
(121, NULL, '2019-11-01 06:21:50', '2019-11-01 06:21:50', 158, 3, '100'),
(122, NULL, '2019-11-01 06:23:29', '2019-11-01 06:23:29', 117, 3, '100'),
(123, NULL, '2019-11-01 06:23:29', '2019-11-01 06:23:29', 158, 3, '100'),
(124, NULL, '2019-11-01 06:28:57', '2019-11-01 06:28:57', 117, 3, '100'),
(125, NULL, '2019-11-01 06:28:57', '2019-11-01 06:28:57', 158, 3, '100'),
(126, NULL, '2019-11-01 06:30:21', '2019-11-01 06:30:21', 137, 5, '89'),
(127, NULL, '2019-11-01 06:31:01', '2019-11-01 06:31:01', 137, 5, '89'),
(128, NULL, '2019-11-01 06:40:35', '2019-11-01 06:40:35', 91, 3, '100'),
(129, NULL, '2019-11-01 06:40:35', '2019-11-01 06:40:35', 123, 3, '100'),
(130, NULL, '2019-11-01 06:40:50', '2019-11-01 06:40:50', 137, 5, '89'),
(131, NULL, '2019-11-01 06:44:41', '2019-11-01 06:44:41', 137, 5, '89'),
(132, NULL, '2019-11-01 06:49:43', '2019-11-01 06:49:43', 137, 5, '89'),
(133, NULL, '2019-11-01 06:57:19', '2019-11-01 06:57:19', 137, 5, '89'),
(134, NULL, '2019-11-01 06:57:55', '2019-11-01 06:57:55', 137, 5, '89'),
(135, NULL, '2019-11-01 06:59:13', '2019-11-01 06:59:13', 137, 5, '89'),
(136, NULL, '2019-11-01 07:01:59', '2019-11-01 07:01:59', 137, 5, '89'),
(137, NULL, '2019-11-01 07:04:59', '2019-11-01 07:04:59', 137, 5, '89'),
(138, NULL, '2019-11-01 07:06:14', '2019-11-01 07:06:14', 137, 5, '89'),
(139, NULL, '2019-11-01 07:08:03', '2019-11-01 07:08:03', 137, 5, '89'),
(140, NULL, '2019-11-01 07:08:35', '2019-11-01 07:08:35', 137, 5, '89'),
(141, NULL, '2019-11-01 07:09:02', '2019-11-01 07:09:02', 137, 5, '89'),
(142, NULL, '2019-11-01 07:09:41', '2019-11-01 07:09:41', 137, 5, '89'),
(143, NULL, '2019-11-01 07:12:22', '2019-11-01 07:12:22', 137, 5, '89'),
(144, NULL, '2019-11-01 07:13:49', '2019-11-01 07:13:49', 137, 5, '89'),
(145, NULL, '2019-11-01 07:14:11', '2019-11-01 07:14:11', 137, 5, '89'),
(146, NULL, '2019-11-01 07:15:30', '2019-11-01 07:15:30', 137, 5, '89'),
(147, NULL, '2019-11-01 07:19:03', '2019-11-01 07:19:03', 137, 5, '89'),
(148, NULL, '2019-11-01 07:19:59', '2019-11-01 07:19:59', 137, 5, '89'),
(149, NULL, '2019-11-01 07:20:41', '2019-11-01 07:20:41', 137, 5, '89'),
(150, NULL, '2019-11-01 07:26:58', '2019-11-01 07:26:58', 137, 5, '89'),
(151, NULL, '2019-11-02 12:14:38', '2019-11-02 12:14:38', 106, 4, '95'),
(152, NULL, '2019-11-02 12:15:33', '2019-11-02 12:15:33', 131, 3, '100'),
(153, NULL, '2019-11-23 05:27:18', '2019-11-23 05:27:18', 90, 3, '100'),
(154, NULL, '2019-11-23 05:34:39', '2019-11-23 05:34:39', 118, 3, '100'),
(155, NULL, '2019-11-23 05:34:39', '2019-11-23 05:34:39', 122, 3, '100'),
(156, NULL, '2019-11-25 06:11:20', '2019-11-25 06:11:20', 91, 3, '100'),
(157, NULL, '2019-11-25 06:11:20', '2019-11-25 06:11:20', 123, 3, '100'),
(158, NULL, '2019-11-27 02:01:26', '2019-11-27 02:01:26', 156, 3, '100'),
(159, NULL, '2019-11-28 07:00:09', '2019-11-28 07:00:09', 89, 3, '100'),
(160, NULL, '2019-11-28 07:00:09', '2019-11-28 07:00:09', 90, 3, '100');

-- --------------------------------------------------------

--
-- Table structure for table `add_kpis`
--

CREATE TABLE `add_kpis` (
  `id` int(10) UNSIGNED NOT NULL,
  `kpi_name` varchar(256) COLLATE utf8_unicode_ci NOT NULL DEFAULT '',
  `unit_id` int(10) UNSIGNED NOT NULL DEFAULT '1',
  `department_id` int(10) UNSIGNED NOT NULL DEFAULT '1',
  `ideal_trend` varchar(255) COLLATE utf8_unicode_ci NOT NULL,
  `kpi_type` varchar(256) COLLATE utf8_unicode_ci NOT NULL DEFAULT '',
  `unit_of_measurement` int(10) UNSIGNED NOT NULL DEFAULT '0',
  `target_range_min` int(10) UNSIGNED NOT NULL,
  `target_range_max` varchar(256) COLLATE utf8_unicode_ci NOT NULL,
  `kpi_definition` varchar(10000) COLLATE utf8_unicode_ci NOT NULL,
  `user_id` int(10) UNSIGNED NOT NULL DEFAULT '1',
  `deleted_at` timestamp NULL DEFAULT NULL,
  `created_at` timestamp NULL DEFAULT NULL,
  `updated_at` timestamp NULL DEFAULT NULL,
  `section_id` int(10) UNSIGNED NOT NULL DEFAULT '1',
  `lead_kpi` tinyint(1) NOT NULL DEFAULT '0',
  `frequency` varchar(255) COLLATE utf8_unicode_ci NOT NULL DEFAULT 'Monthly',
  `kpi_performance` varchar(20) COLLATE utf8_unicode_ci NOT NULL DEFAULT '0',
  `s_o_id` varchar(20) COLLATE utf8_unicode_ci NOT NULL DEFAULT '0',
  `initiatives_id` varchar(20) COLLATE utf8_unicode_ci NOT NULL DEFAULT '0',
  `performance_dash` int(10) UNSIGNED NOT NULL DEFAULT '1',
  `target_condition` varchar(255) COLLATE utf8_unicode_ci NOT NULL DEFAULT 'terminal_value'
) ENGINE=InnoDB DEFAULT CHARSET=utf8 COLLATE=utf8_unicode_ci;

--
-- Dumping data for table `add_kpis`
--

INSERT INTO `add_kpis` (`id`, `kpi_name`, `unit_id`, `department_id`, `ideal_trend`, `kpi_type`, `unit_of_measurement`, `target_range_min`, `target_range_max`, `kpi_definition`, `user_id`, `deleted_at`, `created_at`, `updated_at`, `section_id`, `lead_kpi`, `frequency`, `kpi_performance`, `s_o_id`, `initiatives_id`, `performance_dash`, `target_condition`) VALUES
(1, 'Injuries ', 2, 1, 'negative', 'typeee', 0, 0, 'maximum', 'Injuries details', 15, '2019-05-04 07:18:48', '2018-12-24 02:16:30', '2019-05-04 07:18:48', 1, 0, 'Monthly', '0', '', '0', 0, 'terminal_value'),
(7, 'sss', 2, 1, 'positive', 'sss', 0, 0, 'ssss', 'ssss', 15, '2019-01-09 00:00:00', '2018-12-27 05:37:32', '2018-12-27 05:37:32', 1, 0, 'Monthly', '0', '', '0', 0, 'terminal_value'),
(15, 'Axident', 2, 1, 'negative', '', 0, 0, 'aaaaa', 'Axident related kpi', 15, '2019-05-04 07:18:56', '2019-01-22 11:57:17', '2019-05-04 07:18:56', 1, 0, 'Monthly', '0', '', '0', 0, 'terminal_value'),
(16, 'my test kpi', 1, 2, 'positive', '', 0, 0, 'hhhhh', 'hhhhh', 20, '2019-05-04 07:19:02', '2019-01-22 12:29:45', '2019-05-04 07:19:02', 2, 0, 'Monthly', '0', '', '0', 0, 'terminal_value'),
(17, ' test1 kpi', 1, 2, 'positive', '', 0, 0, 'fffff', 'my test1 kpi', 20, '2019-05-04 07:19:05', '2019-01-22 14:04:47', '2019-05-04 07:19:05', 5, 0, 'Monthly', '0', '', '0', 0, 'terminal_value'),
(18, 'test2', 1, 2, 'positive', '', 0, 0, 'hhhhh', 'test2 kpi', 20, '2019-05-04 07:19:07', '2019-01-23 05:15:22', '2019-05-04 07:19:07', 6, 0, 'Monthly', '0', '', '0', 0, 'terminal_value'),
(19, 'aaaaaaa', 3, 3, 'positive', '', 0, 0, '3', 'KPI first', 20, '2019-04-26 06:57:51', '2019-02-01 08:42:02', '2019-02-01 08:42:02', 3, 0, 'Monthly', '0', '', '0', 0, 'terminal_value'),
(20, 'hhhhh', 3, 3, 'positive', '', 0, 10, '12', 'KPI second', 20, '2019-05-04 07:16:06', '2019-02-01 09:32:03', '2019-02-01 09:32:03', 4, 0, 'Monthly', '0', '', '0', 0, 'terminal_value'),
(21, 'kpi 3', 3, 3, 'positive', '', 0, 2, '4', 'kpi 3', 20, '2019-05-04 07:16:11', '2019-02-02 06:10:28', '2019-02-02 06:10:28', 3, 0, 'Monthly', '0', '', '0', 0, 'terminal_value'),
(22, 'new kpi', 3, 3, 'positive', '', 0, 40, '50', 'new kpi', 20, '2019-05-04 07:16:16', '2019-02-02 12:03:46', '2019-02-02 12:03:46', 3, 0, 'Monthly', '0', '', '0', 0, 'terminal_value'),
(23, 'asASa', 3, 3, 'positive', '', 0, 0, 'asAS', 'aSasASa', 20, '2019-02-02 01:04:33', '2019-02-02 12:36:33', '2019-02-02 12:36:33', 3, 0, 'Monthly', '0', '', '0', 0, 'terminal_value'),
(24, 'asASasAS', 3, 4, 'positive', '', 0, 0, 'sASa', 'ASasAS', 20, '2019-05-04 07:16:21', '2019-02-02 13:05:58', '2019-02-12 13:51:06', 5, 0, 'Monthly', '0', '', '0', 0, 'terminal_value'),
(25, 'test', 3, 3, 'negative', '', 0, 5, '7', 'test kpi hh hhh ', 15, '2019-05-04 07:19:08', '2019-02-07 11:50:14', '2019-05-04 07:19:08', 3, 0, 'Monthly', '0', '', '0', 0, 'terminal_value'),
(26, 'tester kpi ', 1, 2, 'positive', '', 0, 0, 'hfgfhg', 'tester test  kpi', 21, '2019-05-04 07:19:10', '2019-02-08 10:36:17', '2019-05-04 07:19:10', 5, 0, 'Monthly', '0', '', '0', 0, 'terminal_value'),
(27, 'KPI', 3, 3, 'positive', '', 777, 0, '7777', 'new KPI', 20, '2019-05-04 07:15:51', '2019-02-08 11:28:17', '2019-02-08 11:28:17', 3, 0, 'Monthly', '0', '', '0', 0, 'terminal_value'),
(28, 'aaaaaaaaaaaaaaaa', 3, 4, 'positive', '', 0, 0, 'aaaaaaaaaaaaaaaa', 'aaa aaaaa aaaa aa aaaa', 20, '2019-02-28 05:29:08', '2019-02-12 14:24:07', '2019-02-13 09:18:30', 10, 0, 'Monthly', '0', '', '0', 0, 'terminal_value'),
(29, 'test new kpi', 3, 4, 'positive', '', 0, 23, '45', 'test new kpi', 20, '2019-05-04 07:15:46', '2019-02-15 10:21:52', '2019-02-15 10:21:52', 5, 0, 'Monthly', '0', '', '0', 0, 'terminal_value'),
(30, 'ssss', 3, 3, 'positive', '', 0, 0, 'ssss', 'sssssss', 20, '2019-02-16 11:11:13', '2019-02-16 11:11:02', '2019-02-16 11:11:02', 3, 0, 'Monthly', '0', '', '0', 0, 'terminal_value'),
(31, 'sADADA', 3, 3, 'positive', '', 0, 0, 'aAaADa', 'daDaADad', 20, '2019-02-28 05:29:04', '2019-02-16 11:17:08', '2019-02-16 11:17:08', 9, 0, 'Monthly', '0', '', '0', 0, 'terminal_value'),
(32, 'Productivity', 2, 1, 'negative', '', 0, 80, '100', 'Productivity and Efficiency', 15, '2019-05-04 07:19:12', '2019-02-17 17:38:55', '2019-05-04 07:19:12', 1, 0, 'Monthly', '0', '', '0', 0, 'terminal_value'),
(33, 'Productivity', 2, 1, 'negative', '', 0, 80, '100', 'XYZ', 15, '2019-05-04 07:19:13', '2019-02-17 17:52:58', '2019-05-04 07:19:13', 7, 0, 'Monthly', '0', '', '0', 0, 'terminal_value'),
(34, 'hhhhhhhhhhhhhh', 2, 1, 'negative', '', 0, 0, 'dsfdsfds', 'fdsfsfds', 20, '2019-02-25 02:08:47', '2019-02-25 14:08:34', '2019-02-25 14:08:34', 7, 0, 'Monthly', '0', '', '0', 0, 'terminal_value'),
(35, 'Customer Satisfaction', 3, 28, 'positive', '', 1, 3, '30', 'Test KPI', 20, NULL, '2019-10-18 07:21:31', '2019-10-18 07:19:15', 41, 1, 'Monthly', '1', '75', '61', 4, 'terminal_value'),
(36, 'test', 3, 26, 'negative', '', 3, 11, '4', 'test', 20, '2019-10-01 03:01:53', '2019-08-12 01:33:41', '2019-07-17 02:06:46', 44, 1, 'Monthly', '1', '', '0', 12, 'sum_up_all'),
(37, 'Provide India ME input into Global budget process', 3, 29, 'positive', '', 3, 4, '40', 'Provide India ME input into Global budget process', 20, NULL, '2019-10-18 07:33:09', '2019-07-16 12:49:20', 41, 1, 'Monthly', '1', '75', '0', 1, 'average'),
(38, 'Manage operations expense', 3, 26, 'negative', '', 1, 99, '35', 'Manage operations expense', 20, NULL, '2019-10-18 07:25:13', '2019-08-01 02:37:13', 43, 1, 'Monthly', '1', '73', '60', 6, 'sum_up_all'),
(39, 'Optimize manufacturing cost per unit', 3, 28, 'negative', '', 8, 104, '50', 'Optimize manufacturing cost per unit', 20, NULL, '2019-10-18 07:23:35', '2019-10-01 03:06:53', 42, 1, 'Monthly', '1', '', '0', 1, 'sum_up_all'),
(40, 'Substain asset sustainment process', 3, 23, 'positive', '', 2, 200, '70', 'Substain asset sustainment process', 20, '2019-06-22 05:03:04', '2019-05-08 05:44:45', '2019-06-05 13:57:27', 34, 1, 'Monthly', '0', '', '0', 0, 'terminal_value'),
(41, 'Implement Asset Reuse', 3, 20, 'negative', '', 1, 350, '45', 'Implement Asset Reuse', 20, '2019-06-22 05:02:53', '2019-05-08 05:45:14', '2019-06-05 13:57:08', 35, 1, 'Monthly', '0', '', '0', 0, 'terminal_value'),
(42, 'Execute Lean Investment Process', 3, 26, 'positive', '', 1, 700, '80', 'Execute Lean Investment Process', 20, '2019-06-22 05:02:46', '2019-05-08 05:45:59', '2019-06-05 13:56:15', 33, 1, 'Monthly', '0', '', '0', 0, 'terminal_value'),
(43, 'Improve Global Maintenance Efficiency', 3, 20, 'positive', '', 3, 612, '60', 'Improve Global Maintenance Efficiency', 20, '2019-06-22 05:02:34', '2019-05-08 05:46:52', '2019-06-05 13:56:53', 35, 1, 'Monthly', '0', '', '0', 0, 'terminal_value'),
(44, 'Develop & share the spare philosophy in GMI', 3, 28, 'positive', '', 2, 400, '60', 'Develop & share the spare philosophy in GMI', 20, '2019-06-16 09:56:57', '2019-05-08 05:48:37', '2019-06-05 13:57:02', 42, 1, 'Monthly', '0', '', '0', 0, 'terminal_value'),
(45, 'new test', 3, 19, 'negative', '', 1, 450, '60', 'new test', 20, '2019-06-15 07:10:41', '2019-05-08 07:37:18', '2019-06-07 13:48:19', 38, 0, 'Monthly', '0', '', '0', 0, 'terminal_value'),
(46, 'sssssssssss', 3, 23, 'positive', '', 0, 0, 'sssss', 'ssssssss', 20, '2019-05-31 10:17:39', '2019-05-27 12:39:51', '2019-05-27 12:39:51', 31, 1, 'Monthly', '0', '', '0', 0, 'terminal_value'),
(47, 'Revenue', 3, 26, 'positive', '', 3, 60, '2000', 'Revenue Genration', 20, NULL, '2019-08-01 02:34:44', '2019-08-01 02:35:35', 43, 1, 'Monthly', '0', '73', '71', 0, 'sum_up_all'),
(48, 'test sotam', 3, 19, 'negative', '', 1, 300, '', 'test sotam', 20, '2019-06-05 01:55:18', '2019-06-05 11:37:36', '2019-06-05 11:37:36', 38, 1, 'Monthly', '0', '', '0', 0, 'terminal_value'),
(49, 'sssssssssssss', 3, 26, 'negative', '', 2, 300, '', 'ssssssssss', 20, '2019-06-05 01:55:02', '2019-06-05 13:25:53', '2019-06-05 13:25:53', 44, 1, 'Monthly', '0', '', '0', 0, 'terminal_value'),
(50, 'First aid incident', 3, 29, 'negative', '', 6, 5, '', 'First aid Incident - Any incident where the worker can go back to work after first aid incident', 20, '2019-06-13 03:14:31', '2019-06-07 16:19:19', '2019-06-10 12:38:20', 47, 1, 'Monthly', '0', '', '0', 0, 'terminal_value'),
(51, 'Lost man days cases', 3, 29, 'negative', '', 6, 8, '', 'Lost mandays incidents', 20, NULL, '2019-10-18 07:29:30', '2019-10-18 07:29:05', 47, 1, 'Monthly', '1', '92', '73', 16, 'sum_up_all'),
(52, 'Total Sales', 3, 26, 'negative', '', 8, 1000, '', 'Revenue', 20, '2019-06-16 08:12:57', '2019-06-09 15:27:24', '2019-06-13 15:25:21', 43, 0, 'Monthly', '0', '', '0', 0, 'terminal_value'),
(53, 'aaaaaaaaaaa', 3, 26, 'positive', '', 6, 500, '', 'aaaaaaaaaaaaaaaaaaaaaaaaa', 20, '2019-06-10 10:17:46', '2019-06-10 10:16:13', '2019-06-10 10:16:47', 44, 1, 'Monthly', '0', '', '0', 0, 'terminal_value'),
(54, 'First aid incident', 3, 29, 'negative', '', 6, 25, '', 'Any Incident where a worker/ Employee can go back to work after First aid treatment after any injury/  termed as minor injury.', 20, '2019-06-15 07:08:28', '2019-06-13 15:16:55', '2019-06-15 05:03:51', 47, 0, 'Monthly', '0', '', '0', 0, 'terminal_value'),
(55, 'aaaaaaaaaaaaa', 3, 20, 'positive', '', 6, 3434, '', 'aaaaaaaaaaaaaa', 20, '2019-06-15 07:51:38', '2019-06-15 07:32:02', '2019-06-15 07:32:02', 35, 1, 'Monthly', '0', '', '0', 0, 'terminal_value'),
(56, 'aaaaaaaaaaaaaa', 3, 20, 'negative', '', 2, 435, '', 'aaaaaaaaaaaaaaaa', 20, '2019-06-15 10:14:54', '2019-06-15 10:04:54', '2019-06-15 10:04:54', 34, 1, 'Monthly', '0', '', '0', 0, 'terminal_value'),
(57, 'wqewqewqe', 3, 20, 'negative', '', 3, 3432534, '', 'qwewqeqwe', 20, '2019-06-15 10:28:22', '2019-06-15 10:27:57', '2019-06-15 10:27:57', 34, 1, 'Monthly', '0', '', '0', 0, 'terminal_value'),
(58, 'sp', 3, 26, 'positive', '', 3, 390, '', 'ggggggghhhh', 20, '2019-06-17 11:06:20', '2019-06-15 11:59:46', '2019-06-15 12:24:16', 44, 0, 'Monthly', '0', '', '0', 0, 'terminal_value'),
(59, 'sssssssssssss', 3, 26, 'positive', '', 7, 234, '', 'aaaaaaaaaaaaaaaaa', 20, '2019-06-16 08:12:10', '2019-06-16 08:10:34', '2019-06-16 08:10:34', 44, 0, 'Monthly', '0', '', '0', 0, 'terminal_value'),
(60, 'First aid incidents', 3, 29, 'negative', '', 6, 5, '', 'ABCDEF', 20, NULL, '2019-10-18 07:29:40', '2019-10-18 07:28:53', 47, 1, 'Monthly', '1', '92', '73', 17, 'average'),
(61, '% Market share', 3, 28, 'positive', '', 1, 15, '', 'The % sale of our company with respect to overall market sale - Total Industry volume', 20, NULL, '2019-10-04 04:50:34', '2019-06-16 08:27:46', 42, 1, 'Monthly', '0', '', '0', 0, 'terminal_value'),
(62, 'Operating Profit', 3, 26, 'positive', '', 1, 157, '', 'GAHJSJSK', 20, NULL, '2019-10-18 07:35:03', '2019-10-18 07:34:00', 43, 1, 'Monthly', '1', '73', '71', 9, 'sum_up_all'),
(63, 'New Product Introduction', 3, 23, 'positive', '', 6, 74, '', 'No of new products launch', 20, NULL, '2019-10-18 07:21:06', '2019-10-01 03:00:09', 31, 1, 'Monthly', '1', '68', '58', 3, 'sum_up_all'),
(64, 'sssssssssssssss', 3, 20, 'negative', '', 3, 234, '', 'ssssssssssssssss', 20, '2019-06-17 05:03:13', '2019-06-17 05:00:48', '2019-06-17 05:00:48', 35, 1, 'Monthly', '0', '', '0', 0, 'terminal_value'),
(65, 'sp', 3, 26, 'positive', '', 3, 390, '', 'ggggggghhhh', 20, '2019-06-22 04:50:22', '2019-06-17 11:07:09', '2019-06-17 11:07:09', 44, 1, 'Monthly', '0', '', '0', 0, 'terminal_value'),
(66, 'sppp', 3, 26, 'positive', '', 3, 390, '', 'ggggggghhhh', 1, '2019-06-22 04:50:12', '2019-06-17 12:20:38', '2019-06-17 12:20:38', 44, 0, 'Monthly', '0', '', '0', 0, 'terminal_value'),
(67, 'ggggggghhhh', 3, 26, 'positive', '', 3, 390, '', 'ggggggghhhh', 1, '2019-06-22 09:58:50', '2019-06-16 20:04:34', '2019-06-22 09:19:10', 44, 0, 'Monthly', '0', '73', '0', 0, 'terminal_value'),
(68, 'asafafafafasf', 3, 27, 'negative', '', 2, 27, '', 'wqewqqwrqwrqw', 1, '2019-06-22 09:16:35', '2019-06-22 09:16:21', '2019-06-22 09:16:21', 51, 0, 'Quarterly', '1', '72', '59', 0, 'terminal_value'),
(69, 'dfgdsgsdgds', 3, 26, 'negative', '', 2, 64, '', 'dsfgdfgfdgd', 1, '2019-06-22 09:58:39', '2019-06-22 09:57:34', '2019-06-22 09:58:10', 45, 0, 'Quarterly', '1', '73', '60', 0, 'terminal_value'),
(70, 'Overhead Cost at functional level', 3, 26, 'negative', '', 8, 7, '', 'Overhead expenditure  - All functional level', 1, NULL, '2019-10-18 07:27:07', '2019-09-30 05:07:29', 43, 1, 'Monthly', '1', '73', '60', 8, 'average'),
(71, 'State Penetration Matrix', 3, 28, 'positive', '', 6, 1, '', 'State penetration', 1, NULL, '2019-10-18 07:21:48', '2019-10-04 10:34:03', 57, 1, 'Quarterly', '1', '75', '61', 5, 'terminal_value'),
(72, 'Variable cost', 3, 26, 'negative', '', 7, 24, '', 'Variable cost', 1, NULL, '2019-10-18 07:34:49', '2019-10-18 07:34:18', 43, 0, 'Monthly', '1', '73', '60', 7, 'sum_up_all'),
(73, 'Test KPI 2', 3, 28, 'positive', '', 1, 87, '', 'Test KPI2', 1, NULL, '2019-10-01 03:03:56', '2019-07-15 05:21:58', 57, 0, 'Monthly', '0', '75', '61', 0, 'sum_up_all'),
(74, 'Test KPI 3', 3, 28, 'positive', '', 6, 13, '', 'Test KPI 3', 1, NULL, '2019-07-20 02:16:58', '2019-07-12 02:19:10', 57, 0, 'Monthly', '0', '75', '62', 0, 'average'),
(75, 'Attrition Rate', 3, 27, 'negative', '', 1, 7, '', 'Attrition annualized basis', 1, NULL, '2019-10-18 07:24:21', '2019-07-30 10:09:35', 56, 1, 'Monthly', '1', '72', '79', 15, 'average'),
(76, 'Training madays', 3, 26, 'positive', '', 10, 5, '', 'Training ', 1, NULL, '2019-10-18 07:24:11', '2019-07-30 10:08:27', 45, 0, 'Monthly', '1', '73', '71', 14, 'terminal_value'),
(77, 'Review meetings monthly', 3, 28, 'positive', '', 6, 48, '', 'Have CFT review meetings ', 1, NULL, '2019-10-01 03:03:05', '2019-09-27 04:42:41', 41, 0, 'Monthly', '0', '75', '61', 0, 'sum_up_all'),
(78, 'Testing KPI', 3, 27, 'positive', '', 1, 46, '', 'Testing KPI-Action Plan Mapping', 1, NULL, '2019-10-05 09:19:44', '2019-07-12 01:03:45', 46, 0, 'Monthly', '1', '72', '79', 1, 'sum_up_all'),
(79, 'aaaaaaaaaaaa', 3, 20, 'positive', '', 1, 0, '', 'aaaaaaaaaaaaaaaaaaaa', 1, '2019-06-28 08:54:13', '2019-06-28 07:59:51', '2019-06-28 07:59:51', 35, 0, 'Monthly', '0', '65', '67', 0, 'terminal_value'),
(80, 'Channel Partners establishment', 3, 19, 'positive', '', 6, 49, '', 'Channel Parrtners', 1, NULL, '2019-12-03 07:26:14', '2019-10-04 10:33:38', 39, 1, 'Monthly', '1', '91', '69', 2, 'sum_up_all'),
(81, 'tesh ghanshyam', 3, 19, 'positive', '', 2, 32, '', 'test ghanshyam', 1, '2019-09-28 01:48:53', '2019-09-28 01:45:35', '2019-09-26 12:46:39', 39, 0, 'Monthly', '1', '91', '53', 1, 'sum_up_all'),
(82, 'AQDWGFDSA', 3, 19, 'positive', '', 2, 3, '', 'asdfsafdsafsaf', 1, '2019-09-28 01:48:45', '2019-09-28 01:44:51', '2019-09-28 01:43:27', 39, 0, 'Quarterly', '0', '91', '53', 1, 'average'),
(83, 'AS', 3, 19, 'negative', '', 2, 0, '', 'ZXCZXCADsa', 1, '2019-09-28 02:01:25', '2019-09-28 02:01:12', '2019-09-28 02:00:53', 39, 0, 'Quarterly', '0', '91', '69', 1, 'average'),
(84, 'aaaaaaaaaa', 3, 19, 'negative', '', 2, 1, '', 'aaaaaaaaaaaaaaa', 1, '2019-09-30 07:36:17', '2019-09-30 07:20:41', '2019-09-30 07:19:38', 39, 0, 'Quarterly', '0', '91', '69', 1, 'average'),
(85, 'bbbbbbbbbb', 3, 19, 'negative', '', 2, 1, '', 'bbbbbbbbbbbbbbbb', 1, '2019-09-30 07:36:07', '2019-09-30 07:21:08', '2019-09-30 07:20:10', 39, 0, 'Quarterly', '0', '91', '69', 1, 'average'),
(86, 'Channel Partners establishment', 2, 55, 'positive', '', 2, 64, '', 'Channel Partners establishment\n', 1, NULL, '2019-10-03 01:22:20', '2019-10-03 01:24:31', 66, 1, 'Monthly', '1', '125', '121', 1, 'sum_up_all'),
(87, 'Review meetings monthly', 2, 24, 'negative', '', 16, 6, '', 'Review meetings monthly\n', 1, NULL, '2019-10-03 01:30:40', '2019-10-03 01:30:40', 21, 0, 'Quarterly', '1', '114', '101', 1, 'average'),
(88, 'Attrition Rate', 2, 22, 'positive', '', 2, 44, '', 'Attrition Rate\n', 1, NULL, '2019-10-03 01:34:19', '2019-10-03 01:34:19', 25, 0, 'Monthly', '1', '124', '119', 1, 'terminal_value'),
(89, 'State Penetration Matrix', 2, 24, 'negative', '', 1, 178, '', 'State Penetration Matrix\n', 1, NULL, '2019-10-03 01:36:09', '2019-10-03 01:36:09', 22, 1, 'Monthly', '1', '115', '115', 1, 'sum_up_all'),
(90, '% Market share', 2, 24, 'negative', '', 7, 15, '', '% Market share\n', 1, NULL, '2019-10-03 01:38:44', '2019-10-03 01:38:44', 22, 0, 'Quarterly', '0', '115', '116', 1, 'average'),
(91, 'First aid incidents', 2, 21, 'negative', '', 2, 3, '', 'First aid incidents\n', 1, NULL, '2019-10-03 01:40:10', '2019-10-03 01:40:10', 30, 1, 'Monthly', '1', '113', '95', 1, 'terminal_value'),
(92, 'Lost man days cases', 2, 21, 'negative', '', 16, 18, '', 'Lost man days cases\n', 1, NULL, '2019-10-03 01:41:32', '2019-10-03 01:41:32', 28, 0, 'Quarterly', '1', '107', '90', 1, 'average'),
(93, 'Optimize manufacturing cost per unit', 2, 24, 'positive', '', 2, 225, '', 'Optimize manufacturing cost per unit\n', 1, NULL, '2019-10-03 01:42:48', '2019-10-03 01:42:48', 22, 1, 'Quarterly', '1', '114', '110', 1, 'sum_up_all'),
(94, 'Provide India ME input into Global budget process', 2, 21, 'negative', '', 6, 22, '', 'Provide India ME input into Global budget process\n', 1, NULL, '2019-10-03 01:46:41', '2019-10-03 01:46:41', 29, 0, 'Quarterly', '0', '113', '95', 1, 'terminal_value'),
(95, 'Provide India ME input into Global budget process', 2, 21, 'negative', '', 6, 22, '', 'Provide India ME input into Global budget process\n', 1, '2019-10-03 01:47:11', '2019-10-03 01:46:53', '2019-10-03 01:46:53', 29, 0, 'Quarterly', '0', '113', '95', 1, 'terminal_value'),
(96, 'sssssssss', 3, 19, 'positive', '', 2, 0, '', 'sssssssssss', 1, '2019-10-04 11:20:56', '2019-10-04 11:16:04', '2019-10-04 11:16:04', 38, 1, 'Quarterly', '0', '91', '53', 1, 'average'),
(97, 'Line Quality OK Rate', 3, 20, 'negative', '', 16, 5, '', 'First time OK % product out of produced numbers, no rework needed', 1, NULL, '2019-12-03 07:13:41', '2019-10-19 02:57:17', 35, 1, 'Monthly', '0', '67', '68', 1, 'average'),
(98, 'Launch Event', 3, 19, 'positive', '', 6, 12, '', 'Have Media Launch event in each state', 1, NULL, '2019-12-02 01:58:12', '2019-10-22 01:02:46', 38, 1, 'Monthly', '0', '91', '70', 1, 'sum_up_all'),
(99, 'No KPI', 3, 19, 'positive', '', 6, 0, '', 'It is a one time activity ', 1, '2019-10-22 06:13:20', '2019-10-22 01:17:05', '2019-10-22 01:17:05', 38, 0, 'Monthly', '0', '91', '70', 1, 'sum_up_all'),
(100, 'testtttt', 3, 26, 'positive', '', 2, 11, '', 'testttttttt', 1, '2019-11-12 11:53:02', '2019-11-08 07:20:10', '2019-11-08 07:24:00', 34, 1, 'Quarterly', '0', '65', '57', 1, 'average'),
(101, 'QADsqwqweqwe', 3, 26, 'negative', '', 2, 2, '', 'wqeqwerqwe', 1, '2019-11-21 05:58:28', '2019-11-21 05:57:53', '2019-11-21 05:57:53', 43, 0, 'Quarterly', '0', '73', '60', 1, 'average'),
(102, 'ewrewrewrewr', 3, 26, 'negative', '', 2, 1, '', 'ewrewrewrewrewr', 1, '2019-11-23 02:27:39', '2019-11-23 02:27:06', '2019-11-23 02:27:06', 44, 0, 'Quarterly', '1', '73', '60', 1, 'average'),
(103, 'RWERWERQWRQWRQ', 3, 26, 'negative', '', 2, 0, '', 'QWRQWRQWRQWRQR', 1, '2019-11-28 00:09:17', '2019-11-27 03:43:54', '2019-11-27 03:43:54', 44, 0, 'Monthly', '1', '73', '60', 1, 'average'),
(104, 'RWERWERQWRQWRQ', 3, 26, 'negative', '', 2, 0, '', 'QWRQWRQWRQWRQR', 1, '2019-11-28 00:09:12', '2019-11-27 03:44:56', '2019-11-27 03:44:56', 44, 0, 'Monthly', '1', '0', '0', 1, 'average'),
(105, 'RWERWERQWRQWRQ', 3, 26, 'negative', '', 2, 0, '', 'QWRQWRQWRQWRQR', 1, '2019-11-28 00:09:07', '2019-11-27 03:46:16', '2019-11-27 03:46:16', 44, 0, 'Monthly', '1', '0', '0', 1, 'average'),
(106, 'RWERWERQWRQWRQ', 3, 26, 'negative', '', 2, 0, '', 'QWRQWRQWRQWRQR', 1, '2019-11-28 00:09:02', '2019-11-27 03:47:41', '2019-11-27 03:47:41', 44, 0, 'Monthly', '1', '0', '0', 1, 'average'),
(107, 'RWERWERQWRQWRQ', 3, 26, 'negative', '', 2, 0, '', 'QWRQWRQWRQWRQR', 1, '2019-11-28 00:08:58', '2019-11-27 03:50:48', '2019-11-27 03:50:48', 44, 0, 'Monthly', '1', '0', '0', 1, 'average'),
(108, 'RWERWERQWRQWRQ', 3, 26, 'negative', '', 2, 0, '', 'QWRQWRQWRQWRQR', 1, '2019-11-28 00:08:54', '2019-11-27 03:51:01', '2019-11-27 03:51:01', 44, 0, 'Monthly', '1', '0', '0', 1, 'average'),
(109, 'RWERWERQWRQWRQ', 3, 26, 'negative', '', 2, 0, '', 'QWRQWRQWRQWRQR', 1, '2019-11-28 00:08:51', '2019-11-27 03:57:30', '2019-11-27 03:57:30', 44, 0, 'Monthly', '1', '0', '0', 1, 'average'),
(110, 'RWERWERQWRQWRQ', 3, 26, 'negative', '', 2, 0, '', 'QWRQWRQWRQWRQR', 1, '2019-11-28 00:08:46', '2019-11-27 03:59:06', '2019-11-27 03:59:06', 44, 0, 'Monthly', '1', '0', '0', 1, 'average'),
(111, 'RWERWERQWRQWRQ', 3, 26, 'negative', '', 2, 0, '', 'QWRQWRQWRQWRQR', 1, '2019-11-28 00:08:42', '2019-11-27 03:59:34', '2019-11-27 03:59:34', 44, 0, 'Monthly', '1', '73', '60', 1, 'average'),
(112, 'RWERWERQWRQWRQ', 3, 26, 'negative', '', 2, 0, '', 'QWRQWRQWRQWRQR', 1, '2019-11-28 00:08:37', '2019-11-27 04:00:42', '2019-11-27 04:00:42', 44, 0, 'Monthly', '1', '73', '60', 1, 'average'),
(113, 'RWERWERQWRQWRQ', 3, 26, 'negative', '', 2, 0, '', 'QWRQWRQWRQWRQR', 1, '2019-11-28 00:08:33', '2019-11-27 04:00:47', '2019-11-27 04:00:47', 44, 0, 'Monthly', '1', '0', '0', 1, 'average'),
(114, 'RWERWERQWRQWRQ', 3, 26, 'negative', '', 2, 0, '', 'QWRQWRQWRQWRQR', 1, '2019-11-28 00:08:29', '2019-11-27 04:01:09', '2019-11-27 04:01:09', 44, 0, 'Monthly', '1', '0', '0', 1, 'average'),
(115, 'RWERWERQWRQWRQ', 3, 26, 'negative', '', 2, 0, '', 'QWRQWRQWRQWRQR', 1, '2019-11-28 00:08:25', '2019-11-27 04:04:54', '2019-11-27 04:04:54', 44, 0, 'Monthly', '1', '0', '0', 1, 'average'),
(116, 'RWERWERQWRQWRQ', 3, 26, 'negative', '', 2, 0, '', 'QWRQWRQWRQWRQR', 1, '2019-11-28 00:08:19', '2019-11-27 04:06:10', '2019-11-27 04:06:10', 44, 0, 'Monthly', '1', '0', '0', 1, 'average'),
(117, 'RWERWERQWRQWRQ', 3, 26, 'negative', '', 2, 0, '', 'QWRQWRQWRQWRQR', 1, '2019-11-28 00:08:10', '2019-11-27 04:07:10', '2019-11-27 04:07:10', 44, 0, 'Monthly', '1', '0', '0', 1, 'average'),
(118, 'RWERWERQWRQWRQ', 3, 26, 'negative', '', 2, 0, '', 'QWRQWRQWRQWRQR', 1, '2019-11-28 00:07:52', '2019-11-27 04:07:25', '2019-11-27 04:07:25', 44, 0, 'Monthly', '1', '0', '0', 1, 'average'),
(119, 'RWERWERQWRQWRQ', 3, 26, 'negative', '', 2, 0, '', 'QWRQWRQWRQWRQR', 1, '2019-11-28 00:07:47', '2019-11-27 04:07:37', '2019-11-27 04:07:37', 44, 0, 'Monthly', '1', '0', '0', 1, 'average'),
(120, 'RWERWERQWRQWRQ', 3, 26, 'negative', '', 2, 0, '', 'QWRQWRQWRQWRQR', 1, '2019-11-28 00:07:44', '2019-11-27 04:08:12', '2019-11-27 04:08:12', 44, 0, 'Monthly', '1', '0', '0', 1, 'average'),
(121, 'RWERWERQWRQWRQ', 3, 26, 'negative', '', 2, 0, '', 'QWRQWRQWRQWRQR', 1, '2019-11-28 00:07:39', '2019-11-27 04:08:45', '2019-11-27 04:08:45', 44, 0, 'Monthly', '1', '0', '0', 1, 'average'),
(122, 'RWERWERQWRQWRQ', 3, 26, 'negative', '', 2, 0, '', 'QWRQWRQWRQWRQR', 1, '2019-11-28 00:07:34', '2019-11-27 04:09:17', '2019-11-27 04:09:17', 44, 0, 'Monthly', '1', '0', '0', 1, 'average'),
(123, 'RWERWERQWRQWRQ', 3, 26, 'negative', '', 2, 0, '', 'QWRQWRQWRQWRQR', 1, '2019-11-28 00:07:30', '2019-11-27 04:09:32', '2019-11-27 04:09:32', 44, 0, 'Monthly', '1', '0', '0', 1, 'average'),
(124, 'RWERWERQWRQWRQ', 3, 26, 'negative', '', 2, 0, '', 'QWRQWRQWRQWRQR', 1, '2019-11-28 00:07:26', '2019-11-27 04:13:57', '2019-11-27 04:13:57', 44, 0, 'Monthly', '1', '73', '60', 1, 'average'),
(125, 'RWERWERQWRQWRQ', 3, 26, 'negative', '', 2, 0, '', 'QWRQWRQWRQWRQR', 1, '2019-11-28 00:07:21', '2019-11-27 04:14:45', '2019-11-27 04:14:45', 44, 0, 'Monthly', '1', '73', '60', 1, 'average'),
(126, 'RWERWERQWRQWRQ', 3, 26, 'negative', '', 2, 0, '', 'QWRQWRQWRQWRQR', 1, '2019-11-28 00:07:16', '2019-11-27 04:26:08', '2019-11-27 04:26:08', 44, 0, 'Monthly', '1', '73', '60', 1, 'average'),
(127, 'test', 3, 26, 'positive', '', 1, 2, '', 'test', 1, '2019-12-04 10:22:17', '2019-11-29 07:34:24', '2019-11-29 07:34:24', 44, 1, 'Monthly', '1', '73', '60', 1, 'average');

-- --------------------------------------------------------

--
-- Table structure for table `administrations`
--

CREATE TABLE `administrations` (
  `id` int(10) UNSIGNED NOT NULL,
  `deleted_at` timestamp NULL DEFAULT NULL,
  `created_at` timestamp NULL DEFAULT NULL,
  `updated_at` timestamp NULL DEFAULT NULL,
  `test` varchar(10) COLLATE utf8_unicode_ci NOT NULL
) ENGINE=InnoDB DEFAULT CHARSET=utf8 COLLATE=utf8_unicode_ci;

-- --------------------------------------------------------

--
-- Table structure for table `backups`
--

CREATE TABLE `backups` (
  `id` int(10) UNSIGNED NOT NULL,
  `name` varchar(250) COLLATE utf8_unicode_ci NOT NULL DEFAULT '',
  `file_name` varchar(250) COLLATE utf8_unicode_ci NOT NULL DEFAULT '',
  `backup_size` varchar(10) COLLATE utf8_unicode_ci NOT NULL DEFAULT '',
  `deleted_at` timestamp NULL DEFAULT NULL,
  `created_at` timestamp NULL DEFAULT NULL,
  `updated_at` timestamp NULL DEFAULT NULL
) ENGINE=InnoDB DEFAULT CHARSET=utf8 COLLATE=utf8_unicode_ci;

-- --------------------------------------------------------

--
-- Table structure for table `big_data_services`
--

CREATE TABLE `big_data_services` (
  `id` int(10) UNSIGNED NOT NULL,
  `deleted_at` timestamp NULL DEFAULT NULL,
  `created_at` timestamp NULL DEFAULT NULL,
  `updated_at` timestamp NULL DEFAULT NULL,
  `test_big_data` varchar(256) COLLATE utf8_unicode_ci NOT NULL DEFAULT '20'
) ENGINE=InnoDB DEFAULT CHARSET=utf8 COLLATE=utf8_unicode_ci;

-- --------------------------------------------------------

--
-- Table structure for table `business_initiatives`
--

CREATE TABLE `business_initiatives` (
  `id` int(10) UNSIGNED NOT NULL,
  `business_initiative` varchar(256) COLLATE utf8_unicode_ci NOT NULL,
  `deleted_at` timestamp NULL DEFAULT NULL,
  `created_at` timestamp NULL DEFAULT NULL,
  `updated_at` timestamp NULL DEFAULT NULL,
  `enable` varchar(255) COLLATE utf8_unicode_ci NOT NULL DEFAULT 'yes',
  `company_id` varchar(50) COLLATE utf8_unicode_ci NOT NULL
) ENGINE=InnoDB DEFAULT CHARSET=utf8 COLLATE=utf8_unicode_ci;

--
-- Dumping data for table `business_initiatives`
--

INSERT INTO `business_initiatives` (`id`, `business_initiative`, `deleted_at`, `created_at`, `updated_at`, `enable`, `company_id`) VALUES
(1, 'business initiative 1', NULL, '2018-12-13 01:21:00', '2018-12-13 01:21:00', 'yes', ''),
(2, 'business initiative 2', NULL, '2018-12-13 01:21:07', '2018-12-13 01:21:07', 'yes', ''),
(3, 'business initiative 3', NULL, '2019-05-08 05:20:27', '2019-05-08 05:20:27', 'yes', '2'),
(4, 'test', '2019-05-10 09:51:27', '2019-05-10 09:51:20', '2019-05-10 09:51:20', 'Yes', ''),
(5, 'test business', '2019-05-10 09:59:30', '2019-05-10 09:51:38', '2019-05-10 09:59:18', 'Yes', ''),
(6, 'test inticiative', NULL, '2019-09-02 06:29:39', '2019-09-02 06:29:39', 'yes', '2');

-- --------------------------------------------------------

--
-- Table structure for table `business_menuses`
--

CREATE TABLE `business_menuses` (
  `id` int(10) UNSIGNED NOT NULL,
  `deleted_at` timestamp NULL DEFAULT NULL,
  `created_at` timestamp NULL DEFAULT NULL,
  `updated_at` timestamp NULL DEFAULT NULL,
  `permission` varchar(256) COLLATE utf8_unicode_ci NOT NULL
) ENGINE=InnoDB DEFAULT CHARSET=utf8 COLLATE=utf8_unicode_ci;

-- --------------------------------------------------------

--
-- Table structure for table `business_objectives`
--

CREATE TABLE `business_objectives` (
  `id` int(10) UNSIGNED NOT NULL,
  `deleted_at` timestamp NULL DEFAULT NULL,
  `created_at` timestamp NULL DEFAULT NULL,
  `updated_at` timestamp NULL DEFAULT NULL,
  `business_objective` text COLLATE utf8_unicode_ci NOT NULL,
  `keywords` text COLLATE utf8_unicode_ci NOT NULL
) ENGINE=InnoDB DEFAULT CHARSET=utf8 COLLATE=utf8_unicode_ci;

--
-- Dumping data for table `business_objectives`
--

INSERT INTO `business_objectives` (`id`, `deleted_at`, `created_at`, `updated_at`, `business_objective`, `keywords`) VALUES
(1, '2019-06-07 01:50:48', '2019-05-23 06:16:02', '2019-05-23 06:36:58', 'test update', 'test keywords update'),
(2, '2019-06-07 01:50:44', '2019-05-24 11:49:50', '2019-05-24 11:49:50', 'Test', 'Test'),
(3, NULL, '2019-05-29 15:19:04', '2019-05-29 15:19:04', 'Social Media influence', 'Social Media'),
(4, NULL, '2019-05-29 15:19:35', '2019-05-29 15:19:35', 'Strong usages by young generation', 'Young generation');

-- --------------------------------------------------------

--
-- Table structure for table `business_plans`
--

CREATE TABLE `business_plans` (
  `id` int(10) UNSIGNED NOT NULL,
  `deleted_at` timestamp NULL DEFAULT NULL,
  `created_at` timestamp NULL DEFAULT NULL,
  `updated_at` timestamp NULL DEFAULT NULL,
  `message_of_ceo` text COLLATE utf8_unicode_ci NOT NULL,
  `vision` text COLLATE utf8_unicode_ci NOT NULL,
  `mission` text COLLATE utf8_unicode_ci NOT NULL,
  `company_id` varchar(50) COLLATE utf8_unicode_ci NOT NULL,
  `values` text COLLATE utf8_unicode_ci NOT NULL
) ENGINE=InnoDB DEFAULT CHARSET=utf8 COLLATE=utf8_unicode_ci;

--
-- Dumping data for table `business_plans`
--

INSERT INTO `business_plans` (`id`, `deleted_at`, `created_at`, `updated_at`, `message_of_ceo`, `vision`, `mission`, `company_id`, `values`) VALUES
(1, NULL, '2019-01-16 06:06:17', '2019-10-02 17:11:35', 'Welcome to DigiPrima!\r\n\r\nAs you navigate our website, I hope you learn more about the qualities that make our company an outstanding provider of essential government services and a wonderful place to build a career.\r\n\r\nWe provide service with a human touch.\r\n\r\nWe have earned the trust and respect of government customers for one simple reasonwe have great people. They are experts in their fields. They bring a strong service ethos to everything they do. They take pride and ownership in the jobs they do. We bring passion, pride and experience together.\r\n\r\nWe make a positive difference in peoples lives.\r\n\r\nAt Serco, we have earned a reputation for helping our government clients to transform the way in which citizens access government services. The programs we support are critical to keeping the nation secure, as well as making government services more efficient. From modernizing the Navy and supporting returning warriors to ensuring healthcare access and keeping the skies safe, Serco has earned a reputation for delivering on programs that truly make a difference.\r\n\r\nWe have a client first philosophy.\r\n\r\nWe have only one objective: to ensure our clients mission objectives are achieved with the highest level of capability and assurance, and at the lowest possible cost. Our methodology ensures that vital government programs are stood up on time and on schedule. Sercos clients come to us with confidence that we have the expertise to take service delivery to the next level of performance.\r\n\r\nWe have true international reach.\r\n\r\nWe have worked in many of the most demanding and secure environments in the world, and our global reach means that we can support our clients wherever their needs require. As part of Serco Group plc, we are able to draw upon the accumulated knowledge of an organization that has set new standards of excellence in sectors including transportation, healthcare, and defense. We apply the very best international insights to keep our clients at the leading edge.\r\n\r\nWe live out our values.\r\n\r\nSercos corporate culture is defined by a simple set of corporate values that define how we operate every single day  Trust, Care, Innovation, and Pride. They reflect how we interact with our clients, our colleagues, and our communities. We hold each other accountable for creating a company we can all be proud to work at.\r\n\r\nI hope this provides you with a few reasons to get to know Serco better. Whether you are a potential customer, a small business partner, or a future employee, we look forward to finding out how we can work together to bring service to life.', 'Digiprimas vision is to create smart and sustainable It solutions for wellbeing of society and growth of industries \r\n', 'Achieving 25% CAGR by providing smart solutions to Fintech, Healthcare and Manufacturing Industries.', '2', 'Customer Commitment\n\nQuality Delightment\n\nIntegrity at core\n\nTeamwork \n\nRespect for People and Process');

-- --------------------------------------------------------

--
-- Table structure for table `business_plan_dashes`
--

CREATE TABLE `business_plan_dashes` (
  `id` int(10) UNSIGNED NOT NULL,
  `deleted_at` timestamp NULL DEFAULT NULL,
  `created_at` timestamp NULL DEFAULT NULL,
  `updated_at` timestamp NULL DEFAULT NULL,
  `permission` int(10) UNSIGNED NOT NULL
) ENGINE=InnoDB DEFAULT CHARSET=utf8 COLLATE=utf8_unicode_ci;

-- --------------------------------------------------------

--
-- Table structure for table `business_priorities`
--

CREATE TABLE `business_priorities` (
  `id` int(10) UNSIGNED NOT NULL,
  `deleted_at` timestamp NULL DEFAULT NULL,
  `created_at` timestamp NULL DEFAULT NULL,
  `updated_at` timestamp NULL DEFAULT NULL,
  `business_priority` varchar(256) COLLATE utf8_unicode_ci NOT NULL,
  `keywords` text COLLATE utf8_unicode_ci NOT NULL
) ENGINE=InnoDB DEFAULT CHARSET=utf8 COLLATE=utf8_unicode_ci;

--
-- Dumping data for table `business_priorities`
--

INSERT INTO `business_priorities` (`id`, `deleted_at`, `created_at`, `updated_at`, `business_priority`, `keywords`) VALUES
(1, '2019-06-13 03:17:55', '2019-05-23 05:33:12', '2019-06-26 00:23:55', 'Introduction of ssssssdsdsdsds', 'Connected device sdsdsdsdsdsdsdsdsdsdsdsdsd'),
(2, NULL, '2019-05-29 15:15:13', '2019-06-30 06:55:02', 'Introduction of more connected devices', 'Connected device'),
(3, NULL, '2019-05-29 15:15:36', '2019-06-30 06:56:36', 'Implement all wi-fi connected services', 'IOT 4.0'),
(4, '2019-06-24 02:31:57', '2019-06-24 14:31:50', '2019-06-24 14:31:50', 'sgshsjskskslsls', 'hshshsh'),
(5, '2019-06-26 09:58:29', '2019-06-26 05:16:16', '2019-06-26 09:58:03', 'sssssssfffffffffffffffffffffffffffffff ytfyt yuff', 'aaaaaaaaaaaa'),
(6, '2019-06-28 03:46:09', '2019-06-28 15:46:02', '2019-06-28 15:46:02', 'dhdjss jdksksks kdjdjsjs kssj', 'hhsjskl jsjsjsj jjssj');

-- --------------------------------------------------------

--
-- Table structure for table `business_vitals`
--

CREATE TABLE `business_vitals` (
  `id` int(10) UNSIGNED NOT NULL,
  `deleted_at` timestamp NULL DEFAULT NULL,
  `created_at` timestamp NULL DEFAULT NULL,
  `updated_at` timestamp NULL DEFAULT NULL,
  `business_vital_test` varchar(256) COLLATE utf8_unicode_ci NOT NULL DEFAULT '20'
) ENGINE=InnoDB DEFAULT CHARSET=utf8 COLLATE=utf8_unicode_ci;

-- --------------------------------------------------------

--
-- Table structure for table `categories`
--

CREATE TABLE `categories` (
  `id` int(10) UNSIGNED NOT NULL,
  `category_name` varchar(256) COLLATE utf8_unicode_ci NOT NULL DEFAULT '',
  `deleted_at` timestamp NULL DEFAULT NULL,
  `created_at` timestamp NULL DEFAULT NULL,
  `updated_at` timestamp NULL DEFAULT NULL,
  `enable` varchar(255) COLLATE utf8_unicode_ci NOT NULL DEFAULT 'yes',
  `company_id` varchar(50) COLLATE utf8_unicode_ci NOT NULL
) ENGINE=InnoDB DEFAULT CHARSET=utf8 COLLATE=utf8_unicode_ci;

--
-- Dumping data for table `categories`
--

INSERT INTO `categories` (`id`, `category_name`, `deleted_at`, `created_at`, `updated_at`, `enable`, `company_id`) VALUES
(1, 'category 1', NULL, '2018-12-13 01:16:29', '2018-12-13 01:16:29', 'yes', ''),
(2, 'category 2', NULL, '2018-12-13 01:16:40', '2018-12-13 01:16:40', 'yes', ''),
(3, 'category 3', NULL, '2019-05-08 05:20:03', '2019-05-08 05:20:03', 'yes', ''),
(4, 'category 4', NULL, '2019-05-10 00:38:20', '2019-05-10 01:00:15', 'yes', ''),
(5, 'category 5', NULL, '2019-05-10 07:30:43', '2019-05-10 07:30:43', 'yes', '2'),
(6, 'ttttttttt', '2019-05-10 07:42:48', '2019-05-10 07:30:57', '2019-05-10 07:30:57', 'Yes', ''),
(7, 'asdsadsadsadasdsadasd', '2019-05-10 07:43:09', '2019-05-10 07:42:54', '2019-05-10 07:43:03', 'Yes', ''),
(8, 'hhhiii', '2019-09-02 06:57:31', '2019-09-02 06:57:08', '2019-09-02 06:57:08', 'Yes', '2'),
(9, 'newcategery', NULL, '2019-09-02 06:17:34', '2019-09-02 06:17:34', 'yes', '2');

-- --------------------------------------------------------

--
-- Table structure for table `celebrations`
--

CREATE TABLE `celebrations` (
  `id` int(10) UNSIGNED NOT NULL,
  `deleted_at` timestamp NULL DEFAULT NULL,
  `created_at` timestamp NULL DEFAULT NULL,
  `updated_at` timestamp NULL DEFAULT NULL,
  `test_celebration` varchar(256) COLLATE utf8_unicode_ci NOT NULL DEFAULT '20'
) ENGINE=InnoDB DEFAULT CHARSET=utf8 COLLATE=utf8_unicode_ci;

-- --------------------------------------------------------

--
-- Table structure for table `company_performances`
--

CREATE TABLE `company_performances` (
  `id` int(10) UNSIGNED NOT NULL,
  `deleted_at` timestamp NULL DEFAULT NULL,
  `created_at` timestamp NULL DEFAULT NULL,
  `updated_at` timestamp NULL DEFAULT NULL,
  `menu` varchar(15) COLLATE utf8_unicode_ci NOT NULL
) ENGINE=InnoDB DEFAULT CHARSET=utf8 COLLATE=utf8_unicode_ci;

-- --------------------------------------------------------

--
-- Table structure for table `company_profiles`
--

CREATE TABLE `company_profiles` (
  `id` int(10) UNSIGNED NOT NULL,
  `company_name` varchar(256) COLLATE utf8_unicode_ci NOT NULL,
  `phone_no` varchar(13) COLLATE utf8_unicode_ci NOT NULL,
  `address` text COLLATE utf8_unicode_ci NOT NULL,
  `logo` int(11) NOT NULL,
  `enable` varchar(255) COLLATE utf8_unicode_ci NOT NULL DEFAULT 'yes',
  `deleted_at` timestamp NULL DEFAULT NULL,
  `created_at` timestamp NULL DEFAULT NULL,
  `updated_at` timestamp NULL DEFAULT NULL,
  `user_id` varchar(55) COLLATE utf8_unicode_ci DEFAULT NULL
) ENGINE=InnoDB DEFAULT CHARSET=utf8 COLLATE=utf8_unicode_ci;

--
-- Dumping data for table `company_profiles`
--

INSERT INTO `company_profiles` (`id`, `company_name`, `phone_no`, `address`, `logo`, `enable`, `deleted_at`, `created_at`, `updated_at`, `user_id`) VALUES
(1, 'Microsoft', '1234567890', 'Microsoft company address', 0, 'yes', '2018-12-12 07:02:31', '2018-12-05 04:56:26', '2018-12-12 07:02:31', NULL),
(2, 'Digiprima', '1234567890', 'indore', 0, 'yes', NULL, '2018-12-12 01:35:52', '2018-12-12 01:35:52', '20'),
(8, 'new mahi company', '', '', 0, 'yes', NULL, '2019-08-31 09:11:40', '2019-08-31 09:11:40', '45'),
(9, 'DigiPrima', '', '', 0, 'yes', NULL, '2019-08-31 02:08:25', '2019-08-31 02:08:25', '47'),
(10, 'kamal', '', '', 0, 'yes', NULL, '2019-10-31 08:57:16', '2019-10-31 08:57:16', '58');

-- --------------------------------------------------------

--
-- Table structure for table `company_settings`
--

CREATE TABLE `company_settings` (
  `id` int(10) UNSIGNED NOT NULL,
  `deleted_at` timestamp NULL DEFAULT NULL,
  `created_at` timestamp NULL DEFAULT NULL,
  `updated_at` timestamp NULL DEFAULT NULL,
  `Company_id` varchar(20) COLLATE utf8_unicode_ci NOT NULL,
  `reminder_date` date NOT NULL
) ENGINE=InnoDB DEFAULT CHARSET=utf8 COLLATE=utf8_unicode_ci;

--
-- Dumping data for table `company_settings`
--

INSERT INTO `company_settings` (`id`, `deleted_at`, `created_at`, `updated_at`, `Company_id`, `reminder_date`) VALUES
(1, NULL, '2019-02-26 14:20:26', '2019-08-26 10:27:23', '2', '2019-11-05');

-- --------------------------------------------------------

--
-- Table structure for table `dashboard_projects`
--

CREATE TABLE `dashboard_projects` (
  `id` int(10) UNSIGNED NOT NULL,
  `deleted_at` timestamp NULL DEFAULT NULL,
  `created_at` timestamp NULL DEFAULT NULL,
  `updated_at` timestamp NULL DEFAULT NULL,
  `test` varchar(10) COLLATE utf8_unicode_ci NOT NULL
) ENGINE=InnoDB DEFAULT CHARSET=utf8 COLLATE=utf8_unicode_ci;

-- --------------------------------------------------------

--
-- Table structure for table `demos`
--

CREATE TABLE `demos` (
  `id` int(10) UNSIGNED NOT NULL,
  `deleted_at` timestamp NULL DEFAULT NULL,
  `created_at` timestamp NULL DEFAULT NULL,
  `updated_at` timestamp NULL DEFAULT NULL,
  `test_demo` varchar(256) COLLATE utf8_unicode_ci NOT NULL DEFAULT '20'
) ENGINE=InnoDB DEFAULT CHARSET=utf8 COLLATE=utf8_unicode_ci;

-- --------------------------------------------------------

--
-- Table structure for table `departments`
--

CREATE TABLE `departments` (
  `id` int(10) UNSIGNED NOT NULL,
  `name` varchar(250) COLLATE utf8_unicode_ci NOT NULL DEFAULT '',
  `tags` varchar(1000) COLLATE utf8_unicode_ci NOT NULL DEFAULT '[]',
  `color` varchar(50) COLLATE utf8_unicode_ci NOT NULL DEFAULT '',
  `deleted_at` timestamp NULL DEFAULT NULL,
  `created_at` timestamp NULL DEFAULT NULL,
  `updated_at` timestamp NULL DEFAULT NULL
) ENGINE=InnoDB DEFAULT CHARSET=utf8 COLLATE=utf8_unicode_ci;

--
-- Dumping data for table `departments`
--

INSERT INTO `departments` (`id`, `name`, `tags`, `color`, `deleted_at`, `created_at`, `updated_at`) VALUES
(1, 'Administration', '[]', '#000', NULL, '2018-12-05 04:23:48', '2018-12-05 04:23:48');

-- --------------------------------------------------------

--
-- Table structure for table `department_masters`
--

CREATE TABLE `department_masters` (
  `id` int(10) UNSIGNED NOT NULL,
  `dept_name` varchar(256) COLLATE utf8_unicode_ci NOT NULL,
  `user_id` varchar(20) COLLATE utf8_unicode_ci NOT NULL,
  `email` varchar(25) COLLATE utf8_unicode_ci NOT NULL,
  `unit_id` int(10) UNSIGNED NOT NULL DEFAULT '1',
  `enable` varchar(255) COLLATE utf8_unicode_ci NOT NULL DEFAULT 'yes',
  `deleted_at` timestamp NULL DEFAULT NULL,
  `created_at` timestamp NULL DEFAULT NULL,
  `updated_at` timestamp NULL DEFAULT NULL
) ENGINE=InnoDB DEFAULT CHARSET=utf8 COLLATE=utf8_unicode_ci;

--
-- Dumping data for table `department_masters`
--

INSERT INTO `department_masters` (`id`, `dept_name`, `user_id`, `email`, `unit_id`, `enable`, `deleted_at`, `created_at`, `updated_at`) VALUES
(1, 'SEO', 'Kalpna', '1234567890', 2, 'yes', '2019-05-04 07:13:33', '2018-12-05 04:57:41', '2019-05-04 07:13:33'),
(2, 'Php Development', 'sotam patel', '9876554432', 1, 'yes', '2019-05-04 07:13:32', '2018-12-12 01:47:17', '2019-05-04 07:13:32'),
(3, 'Quality Assurance', 'Dewan', '9876554432', 3, 'yes', '2019-05-04 07:13:31', '2018-12-12 01:48:07', '2019-05-04 07:13:31'),
(4, 'CI', 'Sotam patel', '1234567890', 3, 'yes', '2019-05-04 07:13:30', '2018-12-12 01:51:25', '2019-05-04 07:13:30'),
(5, 'Finance', 'Vijay Kumar', '9489849002', 3, 'yes', '2019-02-12 12:21:50', '2018-12-12 07:06:33', '2019-02-12 12:21:50'),
(6, 'Finance', 'Sotam', '37999000', 1, 'yes', '2019-05-04 07:13:28', '2018-12-12 07:09:32', '2019-05-04 07:13:28'),
(7, 'Testing', 'ssssss', '1234567890', 3, 'yes', '2019-05-04 07:13:27', '2019-03-01 13:01:31', '2019-05-04 07:13:27'),
(8, 'Java Development', 'zxcxc', '1234567890', 3, 'yes', '2019-05-04 07:13:26', '2019-03-01 13:02:05', '2019-05-04 07:13:26'),
(9, 'Manufacturing', 'ABC', '67372829202', 3, 'yes', '2019-05-04 07:13:25', '2019-03-20 18:08:14', '2019-05-04 07:13:25'),
(10, 'Finance', 'ZXC', '163738399', 2, 'yes', '2019-05-04 07:13:23', '2019-03-20 18:08:40', '2019-05-04 07:13:23'),
(11, 'Sales and Marketing', 'QWE', '26373849O0', 3, 'yes', '2019-05-04 07:13:13', '2019-03-20 18:09:16', '2019-05-04 07:13:13'),
(12, 'Human Resources', 'asdf', '1234567890', 3, 'yes', '2019-05-04 07:13:14', '2019-03-20 18:09:57', '2019-05-04 07:13:14'),
(13, 'Human Respurce', 'qwer', '1234567890', 1, 'yes', '2019-05-04 07:13:15', '2019-03-20 18:10:36', '2019-05-04 07:13:15'),
(14, 'test department', '4', '8959881548', 3, 'yes', '2019-05-04 07:13:16', '2019-04-26 13:21:36', '2019-05-04 07:13:16'),
(15, 'test department1', '2', '8958881549', 3, 'yes', '2019-05-04 07:13:17', '2019-04-26 13:22:03', '2019-05-04 07:13:17'),
(16, 'test department2', '5', '8959881548', 3, 'yes', '2019-05-04 07:13:18', '2019-04-26 13:22:23', '2019-05-04 07:13:18'),
(17, 'test department3', '2', '8959881548', 3, 'yes', '2019-05-04 07:13:20', '2019-04-26 13:22:55', '2019-05-04 07:13:20'),
(18, 'test department4', '10', '8959881548', 3, 'yes', '2019-05-04 07:13:21', '2019-04-26 13:23:13', '2019-05-04 07:13:21'),
(19, 'Sales & Marketing', '27', 'rajendra@mailinator.com', 3, 'yes', NULL, '2019-05-04 08:20:44', '2019-09-25 06:39:02'),
(20, 'Quality', '27', 'rajendra@mailinator.com', 3, 'yes', NULL, '2019-05-04 08:21:23', '2019-09-25 06:39:09'),
(21, 'Manufacturing', '27', 'rajendra@mailinator.com', 2, 'yes', NULL, '2019-05-04 08:22:29', '2019-09-25 06:38:27'),
(22, 'Human Resource', '27', 'rajendra@mailinator.com', 2, 'yes', NULL, '2019-05-04 08:24:10', '2019-09-25 06:38:47'),
(23, 'Research &  Development', '27', 'rajendra@mailinator.com', 3, 'yes', NULL, '2019-05-04 08:26:30', '2019-09-25 06:38:15'),
(24, 'Business Planning', '27', 'rajendra@mailinator.com', 2, 'yes', NULL, '2019-05-04 08:27:08', '2019-09-25 06:38:55'),
(25, 'Finance', '26', 'test111@gmail.com', 1, 'yes', '2019-09-27 03:55:34', '2019-05-04 08:27:50', '2019-09-25 06:19:20'),
(26, 'Finance', '27', 'rajendra@mailinator.com', 3, 'yes', NULL, '2019-05-05 13:12:51', '2019-09-25 06:13:49'),
(27, 'Human Resource', '27', 'rajendra@mailinator.com', 3, 'yes', NULL, '2019-05-05 13:13:54', '2019-09-25 06:13:18'),
(28, 'Business Planning', '28', 'ghanshyam@mailinator.com', 3, 'yes', NULL, '2019-05-05 13:14:36', '2019-09-25 06:15:49'),
(29, 'Manufacturing', '28', 'ghanshyam@mailinator.com', 3, 'yes', NULL, '2019-05-05 13:15:07', '2019-09-25 06:12:32'),
(44, 'software dept', '', '', 18, 'yes', NULL, '2019-08-31 09:11:40', '2019-08-31 09:11:40'),
(45, 'software dept', '', '', 19, 'yes', '2019-08-31 10:00:58', '2019-08-31 09:11:40', '2019-08-31 09:11:40'),
(46, 'hardware dept', '', '', 19, 'yes', NULL, '2019-08-31 09:11:40', '2019-08-31 09:11:40'),
(47, 'QA', '', '', 20, 'yes', NULL, '2019-08-31 02:08:25', '2019-08-31 02:08:25'),
(48, 'QA', '', '', 21, 'yes', NULL, '2019-08-31 02:08:25', '2019-08-31 02:08:25'),
(49, 'test new dept', '20', '', 1, 'yes', '2019-09-24 12:15:06', '2019-09-24 12:12:49', '2019-09-24 12:12:49'),
(50, 'qretretret', '20', '', 1, 'yes', '2019-09-24 12:20:03', '2019-09-24 12:15:24', '2019-09-24 12:15:24'),
(51, 'aSAsaS', '20', '', 1, 'yes', '2019-09-24 12:35:58', '2019-09-24 12:35:49', '2019-09-24 12:35:49'),
(52, 'rrrrr', '26', 'test111@gmail.com', 1, 'yes', '2019-09-25 06:11:14', '2019-09-24 13:24:11', '2019-09-25 06:10:29'),
(53, 'depatrmeny', '28', 'ghanshyam@mailinator.com', 3, 'yes', '2019-09-26 06:46:58', '2019-09-26 09:55:29', '2019-09-26 09:55:29'),
(54, 'sdfsafasdfasf', '26', 'test111@gmail.com', 1, 'yes', '2019-09-27 03:55:16', '2019-09-26 13:56:39', '2019-09-26 13:56:39'),
(55, 'Sales & Marketing', '48', 'john@digiprima.com', 2, 'yes', NULL, '2019-10-03 07:34:59', '2019-10-03 07:34:59'),
(56, 'it', '', '', 22, 'yes', NULL, '2019-10-31 08:57:16', '2019-10-31 08:57:16'),
(57, 'it', '', '', 23, 'yes', NULL, '2019-10-31 08:57:16', '2019-10-31 08:57:16');

-- --------------------------------------------------------

--
-- Table structure for table `employees`
--

CREATE TABLE `employees` (
  `id` int(10) UNSIGNED NOT NULL,
  `name` varchar(250) COLLATE utf8_unicode_ci NOT NULL DEFAULT '',
  `designation` varchar(50) COLLATE utf8_unicode_ci NOT NULL DEFAULT '',
  `gender` varchar(255) COLLATE utf8_unicode_ci NOT NULL DEFAULT 'Male',
  `mobile` varchar(20) COLLATE utf8_unicode_ci NOT NULL DEFAULT '',
  `mobile2` varchar(20) COLLATE utf8_unicode_ci NOT NULL,
  `email` varchar(250) COLLATE utf8_unicode_ci NOT NULL DEFAULT '',
  `dept` int(10) UNSIGNED NOT NULL DEFAULT '1',
  `city` varchar(50) COLLATE utf8_unicode_ci NOT NULL,
  `address` varchar(1000) COLLATE utf8_unicode_ci NOT NULL,
  `about` varchar(255) COLLATE utf8_unicode_ci NOT NULL,
  `date_birth` date NOT NULL DEFAULT '1990-01-01',
  `date_hire` date NOT NULL,
  `date_left` date NOT NULL DEFAULT '1990-01-01',
  `salary_cur` decimal(15,3) NOT NULL DEFAULT '0.000',
  `deleted_at` timestamp NULL DEFAULT NULL,
  `created_at` timestamp NULL DEFAULT NULL,
  `updated_at` timestamp NULL DEFAULT NULL
) ENGINE=InnoDB DEFAULT CHARSET=utf8 COLLATE=utf8_unicode_ci;

--
-- Dumping data for table `employees`
--

INSERT INTO `employees` (`id`, `name`, `designation`, `gender`, `mobile`, `mobile2`, `email`, `dept`, `city`, `address`, `about`, `date_birth`, `date_hire`, `date_left`, `salary_cur`, `deleted_at`, `created_at`, `updated_at`) VALUES
(1, 'Super Admin', 'Super Admin', 'Male', '8888888888', '', 'admin@mailinator.com', 1, 'Pune', 'Karve nagar, Pune 411030', 'About user / biography', '2018-12-05', '2018-12-05', '2018-12-05', '0.000', NULL, '2018-12-05 04:28:21', '2018-12-05 04:28:21');

-- --------------------------------------------------------

--
-- Table structure for table `employers`
--

CREATE TABLE `employers` (
  `id` int(10) UNSIGNED NOT NULL,
  `name` varchar(50) COLLATE utf8_unicode_ci NOT NULL,
  `designation` varchar(50) COLLATE utf8_unicode_ci NOT NULL,
  `gender` varchar(255) COLLATE utf8_unicode_ci NOT NULL,
  `mobile` varchar(10) COLLATE utf8_unicode_ci NOT NULL,
  `mobile2` varchar(10) COLLATE utf8_unicode_ci NOT NULL,
  `email` varchar(100) COLLATE utf8_unicode_ci NOT NULL DEFAULT '',
  `city` varchar(50) COLLATE utf8_unicode_ci NOT NULL,
  `address` varchar(256) COLLATE utf8_unicode_ci NOT NULL,
  `date_birth` date NOT NULL,
  `date_hire` date NOT NULL,
  `dept_master_id` int(10) UNSIGNED NOT NULL DEFAULT '1',
  `unit_id` int(10) UNSIGNED NOT NULL DEFAULT '1',
  `section_id` int(10) UNSIGNED NOT NULL DEFAULT '1',
  `role_id` int(10) UNSIGNED NOT NULL DEFAULT '1',
  `pan_card_no` varchar(10) COLLATE utf8_unicode_ci NOT NULL,
  `deleted_at` timestamp NULL DEFAULT NULL,
  `created_at` timestamp NULL DEFAULT NULL,
  `updated_at` timestamp NULL DEFAULT NULL,
  `user_id` int(10) UNSIGNED NOT NULL DEFAULT '1',
  `reset_password_token` varchar(256) COLLATE utf8_unicode_ci NOT NULL,
  `multi_unit_id` varchar(256) COLLATE utf8_unicode_ci NOT NULL DEFAULT '[]',
  `multi_dept_id` varchar(256) COLLATE utf8_unicode_ci NOT NULL DEFAULT '[]',
  `multi_section_id` varchar(256) COLLATE utf8_unicode_ci NOT NULL DEFAULT '[]',
  `company_id` varchar(50) COLLATE utf8_unicode_ci NOT NULL
) ENGINE=InnoDB DEFAULT CHARSET=utf8 COLLATE=utf8_unicode_ci;

--
-- Dumping data for table `employers`
--

INSERT INTO `employers` (`id`, `name`, `designation`, `gender`, `mobile`, `mobile2`, `email`, `city`, `address`, `date_birth`, `date_hire`, `dept_master_id`, `unit_id`, `section_id`, `role_id`, `pan_card_no`, `deleted_at`, `created_at`, `updated_at`, `user_id`, `reset_password_token`, `multi_unit_id`, `multi_dept_id`, `multi_section_id`, `company_id`) VALUES
(2, 'sotam', 'software developer', 'Male', '1234567890', '', 'sotam1992@gmail.com', 'indore', 'indore', '1970-01-01', '1970-01-01', 3, 3, 1, 2, '', NULL, '2018-12-05 05:00:21', '2019-04-03 00:54:35', 3, '', '[1,3]', '[1,3]', '[1,3]', '2'),
(13, 'pradeep mukati', 'hhhh', 'Male', '8959881548', '8959881549', 'pradeep@gmail.com', 'indore1', 'indore ,india', '1991-06-24', '1970-01-01', 3, 1, 5, 2, '1234567890', NULL, '2018-12-17 01:08:59', '2019-04-03 00:52:53', 15, '', '[1,2]', '[1,2]', '', ''),
(14, 'rajesh', 'developer', 'Male', '1234567890', '1234567890', 'rajesh@gmail.com', 'indore', 'indore  address', '1970-01-01', '1970-01-01', 4, 3, 1, 2, '1234567890', NULL, '2018-12-25 01:37:37', '2018-12-25 01:37:37', 16, '', '', '', '', ''),
(15, 'pradeepppp mukati', '', 'male', '1234567890', '1234567891', 'pradeep@gmail.com', 'indore1', 'indore ,india', '1992-01-10', '2019-01-01', 1, 1, 2, 4, '1234567890', NULL, '2018-12-27 13:58:39', '2019-04-03 06:06:00', 17, '', '', '', '', ''),
(16, 'lata', '', '', '', '', 'lata.g2005@gmail.com', '', '', '0000-00-00', '0000-00-00', 2, 1, 1, 3, '', NULL, '2018-12-29 09:10:40', '2018-12-29 09:10:40', 18, '', '', '', '', ''),
(17, 'lata', '', '', '', '', 'lata.gajbhiye@digiprima.com', '', '', '0000-00-00', '0000-00-00', 2, 2, 1, 3, '', NULL, '2018-12-29 09:12:20', '2018-12-29 09:12:20', 19, '', '', '', '', ''),
(18, 'Arpit', 'hhhh', 'male', '8959881548', '8959881548', 'arpit@mailinator.com', 'indore', 'indore', '1993-01-07', '1970-01-01', 2, 1, 5, 2, 'sfesd21321', NULL, '2019-01-22 12:28:44', '2019-10-31 07:18:23', 20, 'd13386', '[3,2,1]', '[19,20,21,22,23,24,26,27,28,29]', '[21,22,23,24,25,26,27,28,29,30,31,32,33,34,35,36,37,38,39,40,41,42,43,44,45,46,47,48,49,50,51,56,57,58,65]', '2'),
(21, 'sotam', '', '', '', '', 'sotam1993@gmail.com', '', '', '0000-00-00', '0000-00-00', 2, 1, 2, 4, '', NULL, '2019-02-13 06:23:06', '2019-02-13 06:23:06', 23, '', '', '', '', ''),
(25, 'kalpana', '', '', '', '', 'kalpna@mailinator.com', '', '', '1990-07-01', '2011-02-01', 1, 1, 1, 5, '', NULL, '2019-04-03 01:30:53', '2019-04-03 01:30:53', 25, '', '[2,3]', '[2,3]', '[2,3]', '2'),
(26, 'Test', '', '', '', '', 'test111@gmail.com', '', '', '0000-00-00', '0000-00-00', 1, 1, 1, 4, '', NULL, '2019-04-03 01:37:37', '2019-04-03 01:37:37', 26, '', '[2,3]', '[2,3]', '[2,3]', '2'),
(27, 'Rajendra Rajput', 'test', 'male', '9009959359', '9009959359', 'rajendra.rajput@digiprima.com', 'indore', 'indore', '1998-07-01', '2018-07-01', 1, 1, 1, 4, 'safas53345', NULL, '2019-08-10 11:29:48', '2019-12-03 05:24:10', 27, '', '[3]', '[19,20,23,26,27,28,29]', '[36,37,38,39,40,41,42,43,44,45,46,47,48,49,50,51,56,57,58]', '2'),
(28, 'ghanshyam', 'test', 'male', '8959881548', '8959881548', 'ghanshyam.digiprima@gmail.com', 'indore', 'indore', '1993-01-07', '1999-01-07', 1, 1, 1, 4, '5r6tfg4566', NULL, '2019-08-10 11:52:40', '2019-12-03 05:18:05', 28, '', '[3]', '[19,20,23,26,27,28,29]', '[31,32,33,34,35,36,37,38,39,40,41,42,43,44,45,46,47,48,49,50,51,56,57,58]', '2'),
(29, 'Bharat', '', '', '', '', 'bharat@mailinator.com', '', '', '1995-03-01', '2012-05-01', 1, 1, 1, 6, '', NULL, '2019-08-13 05:27:19', '2019-08-13 05:27:19', 29, '', '[3]', '[20]', '[34]', '2'),
(30, '132', '', '', '', '', 'rajrajput8959@gmail.com', '', '', '0000-00-00', '0000-00-00', 1, 1, 1, 2, '', NULL, '2019-08-22 04:42:25', '2019-08-22 04:42:25', 30, '', '[]', '[]', '[]', ''),
(31, 'rajendra', '', '', '', '', 'rajrajput899@gmail.com', '', '', '0000-00-00', '0000-00-00', 1, 1, 1, 2, '', NULL, '2019-08-22 04:51:57', '2019-08-22 04:51:57', 31, '', '[]', '[]', '[]', ''),
(32, 'rajendra', '', '', '', '', 'rajrajput99@gmail.com', '', '', '0000-00-00', '0000-00-00', 1, 1, 1, 2, '', NULL, '2019-08-22 05:27:39', '2019-08-22 05:27:39', 32, '', '[]', '[]', '[]', ''),
(33, 'rajendra', '', '', '', '', 'rajrajput24299@gmail.com', '', '', '0000-00-00', '0000-00-00', 1, 1, 1, 2, '', NULL, '2019-08-22 06:38:38', '2019-08-22 06:38:38', 33, '', '[]', '[]', '[]', ''),
(34, 'newtest', '', '', '', '', 'newtest@gmail.com', '', '', '0000-00-00', '0000-00-00', 1, 1, 1, 2, '', NULL, '2019-08-28 12:08:09', '2019-08-28 12:08:09', 34, '', '[]', '[]', '[]', ''),
(35, 'rajendra', '', '', '', '', 'raj@gmail.com', '', '', '0000-00-00', '0000-00-00', 1, 1, 1, 2, '', NULL, '2019-08-28 12:11:14', '2019-08-28 12:11:14', 35, '', '[]', '[]', '[]', ''),
(36, 'newtest11', '', '', '', '', 'newtest11@gmail.com', '', '', '0000-00-00', '0000-00-00', 1, 1, 1, 3, '', NULL, '2019-08-29 05:39:59', '2019-08-29 05:39:59', 36, '', '[3]', '[19]', '[38]', '2'),
(37, 'jitendra', '', '', '', '', 'jitendra@mailinator.com', '', '', '1994-03-01', '2010-03-02', 1, 1, 1, 7, '', NULL, '2019-08-29 06:04:09', '2019-08-29 06:04:09', 37, '', '[8]', '[32]', '[59]', '2'),
(38, 'add new use', '', '', '', '', 'addnewuser@gmail.com', '', '', '0000-00-00', '0000-00-00', 1, 1, 1, 3, '', NULL, '2019-08-29 06:08:31', '2019-08-29 06:08:31', 38, '', '[8]', '[32]', '[59]', ''),
(41, 'ghanshyam nagar', '', '', '', '', 'nagarg477@gmail.com', '', '', '0000-00-00', '0000-00-00', 1, 1, 1, 2, '', NULL, '2019-08-30 13:56:59', '2019-08-30 13:56:59', 41, '', '[14]', '[37]', '[]', '4'),
(42, 'hariom', '', '', '', '', 'hariom111@gmail.com', '', '', '0000-00-00', '0000-00-00', 1, 1, 1, 2, '', NULL, '2019-08-30 14:13:03', '2019-08-30 14:13:03', 42, '', '[15]', '[38]', '[]', '5'),
(43, 'hariom', '', '', '', '', 'hariom2222@gmail.com', '', '', '0000-00-00', '0000-00-00', 1, 1, 1, 2, '', NULL, '2019-08-30 14:19:45', '2019-08-30 14:19:45', 43, '', '[16]', '[39]', '[]', '6'),
(44, 'omhari', '', '', '', '', 'omhari@gmail.com', '', '', '0000-00-00', '0000-00-00', 1, 1, 1, 2, '', NULL, '2019-08-30 14:22:54', '2019-08-30 14:22:54', 44, '', '[17]', '[40]', '[]', '7'),
(45, 'mahendra', 'hhiiiii', 'male', '9956478324', '9956478334', 'mahendra.digiprima@gmail.com', 'indore', 'indore', '2000-01-01', '1970-01-01', 1, 1, 1, 2, 'ewfew21324', NULL, '2019-08-31 09:09:20', '2019-08-31 13:39:22', 45, '', '[19,18]', '[44,46]', '[61]', '8'),
(46, 'mahendra', '', '', '', '', 'mahendra@gmail.com', '', '', '0000-00-00', '0000-00-00', 1, 1, 1, 5, '', NULL, '2019-08-31 13:29:52', '2019-08-31 13:29:52', 46, '', '[19,18]', '[44,46]', '[61]', '8'),
(47, 'shubhra', '', '', '', '', 'shubhra@gmail.com', '', '', '0000-00-00', '0000-00-00', 1, 1, 1, 2, '', NULL, '2019-08-31 14:05:40', '2019-08-31 14:05:40', 47, '', '[20,21]', '[47,48]', '[]', '9'),
(48, 'John-CEO', 'hhiii', 'male', '8989881548', '8989881548', 'john@digiprima.com', 'indore', 'indore', '1992-01-02', '1970-01-01', 1, 1, 1, 3, 'sddgfAA223', NULL, '2019-10-03 07:33:21', '2019-11-12 12:56:35', 48, '', '[3,2,1]', '[19,20,21,22,23,24,26,27,28,29,55]', '[21,22,23,24,25,26,27,28,29,30,31,32,33,37,38,39,40,41,42,46,47,48,49,50,51,56,57,58,65,66]', '2'),
(49, 'james', 'hiii', 'male', '8959881548', '8959881548', 'james@digiprima.com', 'indore', 'indore', '1985-02-05', '1970-01-01', 1, 1, 1, 4, 'dsfger3243', NULL, '2019-10-03 07:39:27', '2019-10-12 16:16:06', 49, '', '[3,2]', '[21,22,24,55,19,20,23]', '[21,22,23,24,25,26,27,28,29,30,32,33,34,35,36,37,38,39,40,65,66]', '2'),
(50, 'Kevin- VP- Finance', 'Vice President', 'male', '8989233444', '8989233444', 'kevin@digiprima.com', 'test', 'test', '1993-02-01', '1970-01-01', 1, 1, 1, 4, 'dsfgds1232', NULL, '2019-10-03 08:44:18', '2019-10-19 12:54:59', 50, '', '[3]', '[26]', '[43,44,45]', '2'),
(51, 'david', 'test', 'female', '8945873654', '8945873654', 'david@digiprima.com', 'test', 'test', '1992-01-06', '1970-01-01', 1, 1, 1, 5, 'q534563fdd', NULL, '2019-10-03 08:47:10', '2019-10-12 16:28:10', 51, '', '[3,2]', '[21,22,19,20]', '[23,24,25,26,27,28,29,30,34,35,36,37,38,39,40,65]', '2'),
(52, 'Eric-Manager-Finance', 'H R', 'male', '8933434433', '8933434433', 'eric@digiprima.com', 'Washigton', 'test', '1992-02-03', '1970-01-01', 1, 1, 1, 5, 'dsfse32353', NULL, '2019-10-03 08:48:13', '2019-10-19 15:38:33', 52, '', '[3]', '[26]', '[43,44,45]', '2'),
(53, 'tim', 'test', 'male', '8945454545', '8965654566', 'tim@digiprima.com', 'test', 'test', '1992-01-05', '1999-11-30', 1, 1, 1, 5, 'dgfdr43654', NULL, '2019-10-03 08:49:52', '2019-10-12 14:33:53', 53, '', '[3,2]', '[24,55]', '[21,22,66]', '2'),
(54, 'hilary', 'test', 'male', '8947564374', '8923474374', 'hilary@digiprima.com', 'test', 'test', '1993-01-04', '1999-11-30', 1, 1, 1, 5, 'Sdsa3242', NULL, '2019-10-03 08:50:56', '2019-10-12 15:49:53', 54, '', '[2]', '[24,55]', '[21,22,66]', '2'),
(55, 'maria', 'test', 'male', '7893247324', '7823473474', 'maria@digiprima.com', 'test', 'test', '1992-06-09', '1970-01-01', 1, 1, 1, 6, 'sadf23453', NULL, '2019-10-03 08:52:14', '2019-10-12 16:32:54', 55, '', '[3,2]', '[21,22,19,20]', '[23,24,25,26,27,28,29,30,34,35,36,37,38,39,40,65]', '2'),
(56, 'Mark-Supervisor-Finance', 'test', 'male', '7832543252', '6783452352', 'mark@digiprima.com', 'test', 'test', '1992-02-03', '1970-01-01', 1, 1, 1, 6, 'sdff234234', NULL, '2019-10-03 08:53:14', '2019-10-19 08:43:41', 56, '', '[3]', '[26]', '[43,44,45]', '2'),
(57, 'shubhra', '', '', '', '', 'shubhras@yahoo.com', '', '', '0000-00-00', '0000-00-00', 1, 1, 1, 7, '', NULL, '2019-10-12 10:18:19', '2019-10-12 10:18:19', 57, '', '[3]', '[19]', '[37,38,39,40]', '2'),
(58, 'kamal', '', '', '', '', 'kamal@gmail.com', '', '', '0000-00-00', '0000-00-00', 1, 1, 1, 2, '', NULL, '2019-10-31 08:55:31', '2019-10-31 08:55:31', 58, '', '[22,23]', '[56,57]', '[]', '10'),
(59, 'rajendra', '', '', '', '', 'rajendra@gmail.com', '', '', '0000-00-00', '0000-00-00', 1, 1, 1, 1, '', NULL, '0000-00-00 00:00:00', NULL, 59, '', '[]', '[]', '[]', '1'),
(60, 'ghansyam', '', '', '', '', 'ghansyam@gmail.com', '', '', '0000-00-00', '0000-00-00', 1, 1, 1, 1, '', '2019-12-03 05:13:14', '0000-00-00 00:00:00', NULL, 60, '', '[]', '[]', '[]', '2'),
(61, 'madhur', '', '', '', '', 'madhur@gmail.com', '', '', '0000-00-00', '0000-00-00', 1, 1, 1, 1, '', NULL, '0000-00-00 00:00:00', NULL, 61, '', '[]', '[]', '[]', '3'),
(62, 'abhilash', '', '', '', '', 'abhi@gamil.com', '', '', '0000-00-00', '0000-00-00', 1, 1, 1, 1, '', NULL, '0000-00-00 00:00:00', NULL, 62, '', '[]', '[]', '[]', '4'),
(63, 'jitendra', '', '', '', '', 'jite@gamil.com', '', '', '0000-00-00', '0000-00-00', 1, 1, 1, 1, '', NULL, '0000-00-00 00:00:00', NULL, 63, '', '[]', '[]', '[]', '5'),
(64, 'mahindra', '', '', '', '', 'mahi@gmail.com', '', '', '0000-00-00', '0000-00-00', 1, 1, 1, 1, '', NULL, '0000-00-00 00:00:00', NULL, 64, '', '[]', '[]', '[]', '2'),
(65, 'test', '', '', '', '', 'test31@gmail.com', '', '', '0000-00-00', '0000-00-00', 1, 1, 1, 6, '', '2019-12-03 09:28:54', '2019-12-03 09:27:50', '2019-12-03 09:27:50', 65, '', '[3]', '[19,20]', '[37,38,39]', '2');

-- --------------------------------------------------------

--
-- Table structure for table `events`
--

CREATE TABLE `events` (
  `id` int(10) UNSIGNED NOT NULL,
  `event_name` varchar(256) COLLATE utf8_unicode_ci NOT NULL,
  `category_id` int(10) UNSIGNED NOT NULL DEFAULT '1',
  `deleted_at` timestamp NULL DEFAULT NULL,
  `created_at` timestamp NULL DEFAULT NULL,
  `updated_at` timestamp NULL DEFAULT NULL
) ENGINE=InnoDB DEFAULT CHARSET=utf8 COLLATE=utf8_unicode_ci;

--
-- Dumping data for table `events`
--

INSERT INTO `events` (`id`, `event_name`, `category_id`, `deleted_at`, `created_at`, `updated_at`) VALUES
(1, 'event 1', 1, NULL, '2018-12-13 01:34:14', '2018-12-13 01:34:14'),
(2, 'event 2', 1, NULL, '2018-12-13 01:34:37', '2018-12-13 01:34:37'),
(3, 'event 3', 2, NULL, '2018-12-13 01:34:49', '2018-12-13 01:34:49'),
(4, 'event4', 2, NULL, '2019-01-03 05:32:14', '2019-01-03 05:32:14');

-- --------------------------------------------------------

--
-- Table structure for table `events_photographies`
--

CREATE TABLE `events_photographies` (
  `id` int(10) UNSIGNED NOT NULL,
  `deleted_at` timestamp NULL DEFAULT NULL,
  `created_at` timestamp NULL DEFAULT NULL,
  `updated_at` timestamp NULL DEFAULT NULL,
  `test_events_photo` varchar(256) COLLATE utf8_unicode_ci NOT NULL DEFAULT '20'
) ENGINE=InnoDB DEFAULT CHARSET=utf8 COLLATE=utf8_unicode_ci;

-- --------------------------------------------------------

--
-- Table structure for table `facility_details`
--

CREATE TABLE `facility_details` (
  `id` int(10) UNSIGNED NOT NULL,
  `deleted_at` timestamp NULL DEFAULT NULL,
  `created_at` timestamp NULL DEFAULT NULL,
  `updated_at` timestamp NULL DEFAULT NULL,
  `facility_test` varchar(256) COLLATE utf8_unicode_ci NOT NULL DEFAULT '20'
) ENGINE=InnoDB DEFAULT CHARSET=utf8 COLLATE=utf8_unicode_ci;

-- --------------------------------------------------------

--
-- Table structure for table `faqs`
--

CREATE TABLE `faqs` (
  `id` int(10) UNSIGNED NOT NULL,
  `deleted_at` timestamp NULL DEFAULT NULL,
  `created_at` timestamp NULL DEFAULT NULL,
  `updated_at` timestamp NULL DEFAULT NULL,
  `question` text COLLATE utf8_unicode_ci NOT NULL,
  `answer` text COLLATE utf8_unicode_ci NOT NULL,
  `company_id` varchar(50) COLLATE utf8_unicode_ci NOT NULL
) ENGINE=InnoDB DEFAULT CHARSET=utf8 COLLATE=utf8_unicode_ci;

--
-- Dumping data for table `faqs`
--

INSERT INTO `faqs` (`id`, `deleted_at`, `created_at`, `updated_at`, `question`, `answer`, `company_id`) VALUES
(1, '2019-07-09 01:40:41', '2019-05-20 01:00:39', '2019-05-20 01:00:39', 'test question 1', 'test answare 1', ''),
(2, NULL, '2019-07-09 01:39:44', '2019-10-21 15:11:39', 'How to update these action plans and other information? Who will update these details?', 'These will be done by different&#160;people in the organization. The write access will be provided by the management (seniors) based on hierarchy and Admin or Super Admin can provide access. This will be a one type set up and can be done very quickly.<div><br></div><div>Basically, there 2 types of controls here. One is level and position (right now we have provided 4 levels, but we can add more if needed) and the second control us related to Function or department...all&#160;these can&#160;be set up easily.&#160;</div><div><br></div><div>Later on as a regular practice, these people will be responsible for entering the details. There can be fixed deadline for updating the date. Beyond this auto escalation&#160;can&#160; happen at decided frequency and to defined levels.&#160;</div><div><br></div>', '2'),
(3, NULL, '2019-07-09 01:40:33', '2019-10-21 15:04:37', 'What is the importance of Business Vital?', 'Business Vitals are important functional details which at times we need for discussion or reviews or making some decisions. Unfortunately, these information are not available when we actually&#160;need it. Or we need to chase or do follow up from other employees.<div><br></div><div>This menu in PrimaPlus will ensure all vital information is available on finger tips when needed.</div>', '2'),
(4, NULL, '2019-07-09 01:41:55', '2019-10-21 15:00:42', 'There are too many items in the menu, also the database seems to be too high? The question is, who will fill all this information? This looks to be a full time job for&#160;some one? Or need to a hire a person for this?', 'Not really. The database looks high and the content looks high if we see the overall available information from Super Admin perspective. Basically, each employee will be provided read and write access based on his role and position in the organization. A supervisor will have limited access, information related to his area only. A Vice President&#160;will have access&#160;to much larger information&#160;related to his function.<div>So depending on the role and position in the organization access and viewership will be provided.</div><div><br></div><div>All these people will be provided access through password and they will be able to enter data related to thier&#160;respective functions.</div><div>Pl refer Demo slides of Prima Plus in&#160; PrimaPlus Navigation Menu,</div><div><br></div>', '2'),
(5, '2019-09-29 10:39:00', '2019-07-11 09:29:50', '2019-08-02 06:50:45', 'hhhhhhhhhhhhhiiiiiiiiiiiiiiiii', '<font color="#121010">hhhiiii</font>', '2'),
(6, '2019-07-11 09:34:55', '2019-07-11 09:34:47', '2019-07-11 09:34:47', '<p>safsafsafsafsafsaf</p>', '<p>edesdfasfsafsafsa</p>', '2'),
(7, NULL, '2019-07-11 10:40:55', '2019-07-12 05:12:37', 'test', 'test', ''),
(8, '2019-07-11 01:16:22', '2019-07-11 10:43:19', '2019-07-11 13:15:15', '<font face="Calibri"><b>Test</b></font>', '<span><span>To add an international contact\'s phone number</span><span>:</span></span><span> Go to your phone\'s address book. When adding the contact\'s phone number, start by entering a plus sign (+). Enter the country code, followed by the full phone number. Note: A country code is a numerical prefix that needs to be entered before the full national phone number to make a call to another country. You can search online to find the country code you need.</span>', '2'),
(9, '2019-09-29 10:38:55', '2019-08-01 14:21:43', '2019-08-02 06:04:16', '<div><font color="#6a6a6a" face="Roboto, arial, sans-serif" size="4"><span><b>Test FAQ</b></span></font></div><div><span>who is thought to have scrambled parts of <b>Cicero\'s De Finibus Bonorum</b> et&#160;</span></div>', '<span>Lorem ipsum</span><span>, or&#160;</span><span><b>lipsum</b></span><span>&#160;as it is sometimes known, is dummy text used in laying out print, graphic or web designs. The passage is attributed to an unknown typesetter in the 15th&#160;</span><div><ol><li><span>century who is thought to have scrambled&#160;</span></li><li><span>parts of Cicero\'s De Finibus Bonorum et Malorum</span></li><li><span>&#160;for use in a type specimen book</span></li></ol></div>', '2'),
(10, NULL, '2019-09-02 06:45:11', '2019-09-29 10:38:38', 'There are different Menus, right from Strategic Objectives, Strategic Initiatives and Action plan, who will fill all these information?', 'It is simple, these will be done by different people at different levels based on the hierarchy set in the governance structure of the organization. Super admin will set the Read, Write and modify controls to these people based on management direction.', '2');

-- --------------------------------------------------------

--
-- Table structure for table `functions`
--

CREATE TABLE `functions` (
  `id` int(10) UNSIGNED NOT NULL,
  `unit_id` int(10) UNSIGNED NOT NULL DEFAULT '1',
  `function_name` varchar(256) COLLATE utf8_unicode_ci NOT NULL DEFAULT '',
  `deleted_at` timestamp NULL DEFAULT NULL,
  `created_at` timestamp NULL DEFAULT NULL,
  `updated_at` timestamp NULL DEFAULT NULL
) ENGINE=InnoDB DEFAULT CHARSET=utf8 COLLATE=utf8_unicode_ci;

-- --------------------------------------------------------

--
-- Table structure for table `function_mods`
--

CREATE TABLE `function_mods` (
  `id` int(10) UNSIGNED NOT NULL,
  `deleted_at` timestamp NULL DEFAULT NULL,
  `created_at` timestamp NULL DEFAULT NULL,
  `updated_at` timestamp NULL DEFAULT NULL,
  `unit_id` int(10) UNSIGNED NOT NULL DEFAULT '1',
  `function_name` varchar(256) COLLATE utf8_unicode_ci NOT NULL,
  `function_details` text COLLATE utf8_unicode_ci NOT NULL,
  `function_owner` int(10) UNSIGNED NOT NULL DEFAULT '1'
) ENGINE=InnoDB DEFAULT CHARSET=utf8 COLLATE=utf8_unicode_ci;

--
-- Dumping data for table `function_mods`
--

INSERT INTO `function_mods` (`id`, `deleted_at`, `created_at`, `updated_at`, `unit_id`, `function_name`, `function_details`, `function_owner`) VALUES
(1, NULL, '2018-12-12 05:57:27', '2018-12-12 05:57:27', 1, 'function 1', 'function 1', 2);

-- --------------------------------------------------------

--
-- Table structure for table `function_modules`
--

CREATE TABLE `function_modules` (
  `id` int(10) UNSIGNED NOT NULL,
  `unit_id` int(10) UNSIGNED NOT NULL DEFAULT '1',
  `function_name` varchar(256) COLLATE utf8_unicode_ci NOT NULL DEFAULT '',
  `function_details` varchar(10000) COLLATE utf8_unicode_ci NOT NULL,
  `function_owner` int(10) UNSIGNED NOT NULL DEFAULT '1',
  `deleted_at` timestamp NULL DEFAULT NULL,
  `created_at` timestamp NULL DEFAULT NULL,
  `updated_at` timestamp NULL DEFAULT NULL
) ENGINE=InnoDB DEFAULT CHARSET=utf8 COLLATE=utf8_unicode_ci;

--
-- Dumping data for table `function_modules`
--

INSERT INTO `function_modules` (`id`, `unit_id`, `function_name`, `function_details`, `function_owner`, `deleted_at`, `created_at`, `updated_at`) VALUES
(1, 1, 'select function  1', 'select function&nbsp; 1', 1, NULL, '2018-12-12 01:31:52', '2018-12-12 01:32:27');

-- --------------------------------------------------------

--
-- Table structure for table `governances`
--

CREATE TABLE `governances` (
  `id` int(10) UNSIGNED NOT NULL,
  `deleted_at` timestamp NULL DEFAULT NULL,
  `created_at` timestamp NULL DEFAULT NULL,
  `updated_at` timestamp NULL DEFAULT NULL,
  `governances_test` varchar(256) COLLATE utf8_unicode_ci NOT NULL DEFAULT '20'
) ENGINE=InnoDB DEFAULT CHARSET=utf8 COLLATE=utf8_unicode_ci;

-- --------------------------------------------------------

--
-- Table structure for table `helps`
--

CREATE TABLE `helps` (
  `id` int(10) UNSIGNED NOT NULL,
  `deleted_at` timestamp NULL DEFAULT NULL,
  `created_at` timestamp NULL DEFAULT NULL,
  `updated_at` timestamp NULL DEFAULT NULL,
  `test_help` varchar(256) COLLATE utf8_unicode_ci NOT NULL DEFAULT '20'
) ENGINE=InnoDB DEFAULT CHARSET=utf8 COLLATE=utf8_unicode_ci;

-- --------------------------------------------------------

--
-- Table structure for table `hk_dept_heads`
--

CREATE TABLE `hk_dept_heads` (
  `id` int(10) UNSIGNED NOT NULL,
  `deleted_at` timestamp NULL DEFAULT NULL,
  `created_at` timestamp NULL DEFAULT NULL,
  `updated_at` timestamp NULL DEFAULT NULL,
  `hoshin_kanri_id` int(10) UNSIGNED NOT NULL,
  `allocation_id` int(10) UNSIGNED NOT NULL DEFAULT '1',
  `assign_user` int(10) UNSIGNED NOT NULL DEFAULT '1',
  `value` int(10) UNSIGNED NOT NULL,
  `percent` int(10) UNSIGNED NOT NULL DEFAULT '100'
) ENGINE=InnoDB DEFAULT CHARSET=utf8 COLLATE=utf8_unicode_ci;

--
-- Dumping data for table `hk_dept_heads`
--

INSERT INTO `hk_dept_heads` (`id`, `deleted_at`, `created_at`, `updated_at`, `hoshin_kanri_id`, `allocation_id`, `assign_user`, `value`, `percent`) VALUES
(1, NULL, NULL, NULL, 1, 3, 22, 6, 100),
(2, NULL, NULL, NULL, 3, 15, 24, 2, 100),
(3, NULL, NULL, NULL, 4, 3, 17, 2, 25),
(4, NULL, NULL, NULL, 4, 3, 19, 2, 25),
(5, NULL, NULL, NULL, 4, 3, 26, 2, 25),
(6, NULL, NULL, NULL, 4, 3, 21, 2, 25);

-- --------------------------------------------------------

--
-- Table structure for table `hk_section_heads`
--

CREATE TABLE `hk_section_heads` (
  `id` int(10) UNSIGNED NOT NULL,
  `deleted_at` timestamp NULL DEFAULT NULL,
  `created_at` timestamp NULL DEFAULT NULL,
  `updated_at` timestamp NULL DEFAULT NULL,
  `hoshin_kanri_id` int(10) UNSIGNED NOT NULL,
  `allocation_id` int(10) UNSIGNED NOT NULL DEFAULT '1',
  `assign_user` int(10) UNSIGNED NOT NULL DEFAULT '1',
  `value` int(10) UNSIGNED NOT NULL,
  `percent` int(10) UNSIGNED NOT NULL DEFAULT '100'
) ENGINE=InnoDB DEFAULT CHARSET=utf8 COLLATE=utf8_unicode_ci;

--
-- Dumping data for table `hk_section_heads`
--

INSERT INTO `hk_section_heads` (`id`, `deleted_at`, `created_at`, `updated_at`, `hoshin_kanri_id`, `allocation_id`, `assign_user`, `value`, `percent`) VALUES
(1, NULL, NULL, NULL, 3, 25, 22, 2, 50),
(2, NULL, NULL, NULL, 3, 25, 22, 2, 50),
(3, NULL, NULL, NULL, 4, 22, 16, 9, 100);

-- --------------------------------------------------------

--
-- Table structure for table `hk_supervisor_heads`
--

CREATE TABLE `hk_supervisor_heads` (
  `id` int(10) UNSIGNED NOT NULL,
  `deleted_at` timestamp NULL DEFAULT NULL,
  `created_at` timestamp NULL DEFAULT NULL,
  `updated_at` timestamp NULL DEFAULT NULL,
  `hoshin_kanri_id` int(10) UNSIGNED NOT NULL,
  `allocation_id` int(10) UNSIGNED NOT NULL DEFAULT '1',
  `assign_user` int(10) UNSIGNED NOT NULL DEFAULT '1',
  `value` int(10) UNSIGNED NOT NULL,
  `percent` int(10) UNSIGNED NOT NULL
) ENGINE=InnoDB DEFAULT CHARSET=utf8 COLLATE=utf8_unicode_ci;

--
-- Dumping data for table `hk_supervisor_heads`
--

INSERT INTO `hk_supervisor_heads` (`id`, `deleted_at`, `created_at`, `updated_at`, `hoshin_kanri_id`, `allocation_id`, `assign_user`, `value`, `percent`) VALUES
(1, NULL, NULL, NULL, 3, 16, 20, 1, 40),
(2, NULL, NULL, NULL, 3, 16, 25, 1, 60),
(3, NULL, NULL, NULL, 4, 20, 19, 2, 50),
(4, NULL, NULL, NULL, 4, 20, 25, 2, 50);

-- --------------------------------------------------------

--
-- Table structure for table `hoshin_kanris`
--

CREATE TABLE `hoshin_kanris` (
  `id` int(10) UNSIGNED NOT NULL,
  `deleted_at` timestamp NULL DEFAULT NULL,
  `created_at` timestamp NULL DEFAULT NULL,
  `updated_at` timestamp NULL DEFAULT NULL,
  `dept_id` int(10) UNSIGNED NOT NULL DEFAULT '1',
  `str_obj_id` int(10) UNSIGNED NOT NULL DEFAULT '1',
  `initiatives_id` int(10) UNSIGNED NOT NULL DEFAULT '1',
  `action_plan_id` int(10) UNSIGNED NOT NULL DEFAULT '1',
  `kpi_id` int(10) UNSIGNED NOT NULL,
  `area_manager` int(10) UNSIGNED NOT NULL DEFAULT '1',
  `area_manager_value` int(10) UNSIGNED NOT NULL,
  `area_manager_percent` int(10) UNSIGNED NOT NULL DEFAULT '100',
  `dept_head` int(10) UNSIGNED NOT NULL DEFAULT '1',
  `dept_head_value` int(10) UNSIGNED NOT NULL,
  `dept_head_percent` int(10) UNSIGNED NOT NULL,
  `section_head` int(10) UNSIGNED NOT NULL,
  `section_head_value` int(10) UNSIGNED NOT NULL,
  `section_head_percent` int(10) UNSIGNED NOT NULL,
  `supervisor_head` int(10) UNSIGNED NOT NULL,
  `superv_head_value` int(10) UNSIGNED NOT NULL,
  `superv_head_percent` int(10) UNSIGNED NOT NULL,
  `unit_id` int(10) UNSIGNED NOT NULL DEFAULT '1'
) ENGINE=InnoDB DEFAULT CHARSET=utf8 COLLATE=utf8_unicode_ci;

--
-- Dumping data for table `hoshin_kanris`
--

INSERT INTO `hoshin_kanris` (`id`, `deleted_at`, `created_at`, `updated_at`, `dept_id`, `str_obj_id`, `initiatives_id`, `action_plan_id`, `kpi_id`, `area_manager`, `area_manager_value`, `area_manager_percent`, `dept_head`, `dept_head_value`, `dept_head_percent`, `section_head`, `section_head_value`, `section_head_percent`, `supervisor_head`, `superv_head_value`, `superv_head_percent`, `unit_id`) VALUES
(1, NULL, '2019-07-29 07:42:03', '2019-07-29 07:42:03', 27, 72, 59, 89, 78, 16, 12, 100, 3, 6, 50, 25, 3, 25, 20, 3, 25, 3),
(2, NULL, '2019-07-29 07:47:55', '2019-07-29 07:47:55', 27, 77, 78, 89, 75, 15, 7, 100, 3, 3, 40, 24, 2, 30, 22, 2, 30, 3),
(3, NULL, '2019-07-29 07:49:36', '2019-07-29 07:49:36', 27, 72, 59, 89, 75, 3, 7, 100, 15, 2, 30, 25, 4, 50, 16, 1, 20, 3),
(4, NULL, '2019-07-31 14:08:32', '2019-07-31 14:08:32', 20, 65, 57, 89, 80, 16, 22, 100, 3, 9, 40, 22, 9, 40, 20, 4, 20, 3),
(5, NULL, '2019-07-31 14:16:18', '2019-07-31 14:16:18', 28, 75, 62, 89, 38, 25, 7, 100, 22, 4, 50, 23, 2, 30, 3, 1, 20, 3);

-- --------------------------------------------------------

--
-- Table structure for table `infrastructures`
--

CREATE TABLE `infrastructures` (
  `id` int(10) UNSIGNED NOT NULL,
  `deleted_at` timestamp NULL DEFAULT NULL,
  `created_at` timestamp NULL DEFAULT NULL,
  `updated_at` timestamp NULL DEFAULT NULL,
  `test_infrastructure` varchar(256) COLLATE utf8_unicode_ci NOT NULL DEFAULT '20'
) ENGINE=InnoDB DEFAULT CHARSET=utf8 COLLATE=utf8_unicode_ci;

-- --------------------------------------------------------

--
-- Table structure for table `initiatives`
--

CREATE TABLE `initiatives` (
  `id` int(10) UNSIGNED NOT NULL,
  `deleted_at` timestamp NULL DEFAULT NULL,
  `created_at` timestamp NULL DEFAULT NULL,
  `updated_at` timestamp NULL DEFAULT NULL,
  `s_o_id` int(10) UNSIGNED NOT NULL DEFAULT '1',
  `dept_id` int(10) UNSIGNED NOT NULL DEFAULT '1',
  `section_id` int(10) UNSIGNED NOT NULL DEFAULT '1',
  `definition` text COLLATE utf8_unicode_ci NOT NULL,
  `user_id` int(10) UNSIGNED NOT NULL DEFAULT '1',
  `unit_id` int(10) UNSIGNED NOT NULL DEFAULT '1',
  `status` int(10) UNSIGNED NOT NULL DEFAULT '1',
  `percentage` varchar(256) COLLATE utf8_unicode_ci NOT NULL,
  `start_date` date NOT NULL,
  `end_date` date NOT NULL,
  `sr_no` varchar(20) COLLATE utf8_unicode_ci NOT NULL DEFAULT '',
  `previous_status` int(10) UNSIGNED NOT NULL
) ENGINE=InnoDB DEFAULT CHARSET=utf8 COLLATE=utf8_unicode_ci;

--
-- Dumping data for table `initiatives`
--

INSERT INTO `initiatives` (`id`, `deleted_at`, `created_at`, `updated_at`, `s_o_id`, `dept_id`, `section_id`, `definition`, `user_id`, `unit_id`, `status`, `percentage`, `start_date`, `end_date`, `sr_no`, `previous_status`) VALUES
(1, '2019-02-28 05:24:17', '2019-01-23 06:45:16', '2019-02-19 03:51:01', 3, 2, 1, 'sfsfsdfsfsdfs111111111', 15, 2, 1, '0', '0000-00-00', '0000-00-00', '', 0),
(2, '2019-03-01 12:59:17', '2019-01-30 10:32:37', '2019-02-18 05:38:11', 8, 3, 3, 'Initiative first', 20, 3, 1, '0', '0000-00-00', '0000-00-00', '', 0),
(3, '2019-03-01 12:59:14', '2019-01-30 10:33:05', '2019-01-30 10:33:05', 8, 3, 3, 'Initiative second', 20, 3, 1, '0', '0000-00-00', '0000-00-00', '', 0),
(4, '2019-03-06 00:00:00', '2019-01-30 11:34:45', '2019-02-21 01:37:04', 2, 3, 3, 'Initiative 3', 20, 3, 1, '0', '0000-00-00', '0000-00-00', '', 0),
(5, '2019-02-28 05:24:14', '2019-02-03 10:54:44', '2019-02-03 10:54:44', 14, 1, 1, 'Sell 5 k EVERY MONTH', 15, 2, 1, '0', '0000-00-00', '0000-00-00', '', 0),
(6, '2019-02-28 05:24:10', '2019-02-03 10:54:45', '2019-02-03 10:54:45', 14, 1, 1, 'Sell 5 k EVERY MONTH', 15, 2, 1, '0', '0000-00-00', '0000-00-00', '', 0),
(7, '2019-02-28 05:31:26', '2019-02-05 18:06:02', '2019-02-28 05:31:26', 17, 5, 4, 'hgdsajddaj', 15, 3, 1, '0', '0000-00-00', '0000-00-00', '', 0),
(8, '2019-02-08 10:01:21', '2019-02-08 09:34:52', '2019-02-08 09:37:54', 16, 2, 2, 'description  details ', 21, 1, 1, '0', '0000-00-00', '0000-00-00', '', 0),
(9, '2019-02-28 05:31:34', '2019-02-08 09:39:10', '2019-02-28 05:31:34', 20, 6, 5, 'details ', 21, 1, 1, '0', '0000-00-00', '0000-00-00', '', 0),
(10, '2019-02-28 05:31:39', '2019-02-08 09:39:49', '2019-02-28 05:31:39', 20, 2, 6, 'PROJECT DESCRIPTION ', 21, 1, 1, '0', '0000-00-00', '0000-00-00', '', 0),
(11, '2019-03-05 00:00:00', '2019-02-08 12:49:07', '2019-02-26 05:16:46', 27, 3, 3, 'Initiative ', 20, 3, 1, '0', '0000-00-00', '0000-00-00', '', 0),
(12, '2019-02-12 12:07:30', '2019-02-12 12:06:57', '2019-02-12 12:07:23', 17, 5, 4, 'aaaaaa', 15, 3, 1, '0', '0000-00-00', '0000-00-00', '', 0),
(13, '2019-02-25 02:03:41', '2019-02-25 14:03:27', '2019-02-25 14:03:37', 4, 1, 1, 'WADaadADa', 20, 2, 1, '0', '0000-00-00', '0000-00-00', '', 0),
(14, '2019-02-28 05:04:08', '2019-02-28 05:03:38', '2019-02-28 05:03:38', 8, 3, 3, 'test', 20, 3, 1, '0', '0000-00-00', '0000-00-00', '', 0),
(15, '2019-03-01 01:51:57', '2019-03-01 12:59:34', '2019-03-01 12:59:34', 8, 3, 3, 'Initiative', 20, 3, 1, '0', '0000-00-00', '0000-00-00', '', 0),
(16, '2019-03-01 01:51:54', '2019-03-01 12:59:43', '2019-03-01 12:59:43', 33, 4, 10, 'Initiative1', 20, 3, 1, '0', '0000-00-00', '0000-00-00', '', 0),
(17, '2019-03-01 01:51:57', '2019-03-01 13:07:53', '2019-03-01 13:07:53', 8, 7, 12, 'Initiative', 20, 3, 1, '0', '0000-00-00', '0000-00-00', '', 0),
(18, '2019-03-01 01:51:57', '2019-03-01 13:08:06', '2019-03-01 13:08:06', 8, 8, 15, 'Initiative', 20, 3, 1, '0', '0000-00-00', '0000-00-00', '', 0),
(19, '2019-03-01 02:12:32', '2019-03-01 13:53:07', '2019-03-01 14:09:52', 36, 3, 3, 'Initiative 1', 20, 3, 1, '0', '0000-00-00', '0000-00-00', '', 0),
(20, '2019-03-01 01:58:54', '2019-03-01 13:58:44', '2019-03-01 13:58:44', 37, 7, 15, 'Initiative 2', 20, 3, 1, '0', '0000-00-00', '0000-00-00', '', 0),
(21, '2019-03-01 02:12:25', '2019-03-01 13:58:44', '2019-03-01 13:58:44', 37, 7, 15, 'Initiative 2', 20, 3, 1, '0', '0000-00-00', '0000-00-00', '', 0),
(22, '2019-03-01 02:12:22', '2019-03-01 14:04:51', '2019-03-01 14:07:00', 38, 4, 10, 'Initiative 3', 20, 3, 1, '0', '0000-00-00', '0000-00-00', '', 0),
(23, '2019-03-19 10:13:20', '2019-03-01 14:14:17', '2019-03-15 04:47:52', 39, 3, 3, 'Initiative 1', 20, 3, 1, '0', '0000-00-00', '0000-00-00', '', 0),
(24, '2019-03-19 10:24:50', '2019-03-01 14:17:34', '2019-03-19 10:21:28', 40, 4, 10, 'Initiative 2', 20, 3, 1, '0', '0000-00-00', '0000-00-00', '', 0),
(25, '2019-03-19 10:24:40', '2019-03-01 14:25:05', '2019-03-19 10:21:55', 42, 7, 12, 'Initiative 3', 20, 3, 1, '0', '0000-00-00', '0000-00-00', '', 0),
(26, '2019-03-12 00:00:00', '2019-03-01 14:25:52', '2019-03-19 10:21:47', 41, 7, 13, 'Initiative 4', 20, 3, 1, '0', '0000-00-00', '0000-00-00', '', 0),
(27, '2019-03-19 10:24:50', '2019-03-02 04:40:43', '2019-03-19 10:21:28', 40, 7, 13, 'Develop a dealer', 15, 3, 1, '0', '0000-00-00', '0000-00-00', '', 0),
(28, '2019-03-12 02:25:35', '2019-03-12 13:24:01', '2019-03-12 13:24:01', 39, 3, 3, 'new', 20, 3, 1, '0', '0000-00-00', '0000-00-00', '', 0),
(29, '2019-03-19 10:13:20', '2019-03-13 10:10:11', '2019-03-19 10:01:56', 39, 3, 3, 'test', 20, 3, 1, '0', '0000-00-00', '0000-00-00', '', 0),
(30, '2019-03-20 07:21:36', '2019-03-19 10:26:45', '2019-03-19 01:00:32', 44, 7, 12, 'new Initiative', 20, 3, 1, '0', '0000-00-00', '0000-00-00', '', 0),
(31, '2019-03-20 07:21:27', '2019-03-19 16:11:23', '2019-03-19 16:11:23', 46, 4, 10, 'sgshsjalala', 20, 3, 1, '0', '0000-00-00', '0000-00-00', '', 0),
(32, '2019-03-20 07:21:27', '2019-03-19 16:12:13', '2019-03-19 16:12:13', 46, 4, 5, 'adsfgqy2638292', 20, 3, 1, '0', '0000-00-00', '0000-00-00', '', 0),
(33, '2019-05-04 07:02:58', '2019-03-20 07:25:50', '2019-05-04 05:00:21', 47, 4, 5, ' Maintain ME lost workday cases and recordables', 20, 3, 1, '0', '2019-03-30', '2020-12-03', '', 0),
(34, '2019-05-04 07:02:58', '2019-03-20 07:26:24', '2019-05-04 05:00:21', 47, 4, 5, 'Ensure resolution of ergonomic issues in Future Programs', 20, 3, 1, '0', '2019-03-27', '2020-12-31', '', 0),
(35, '2019-05-04 07:03:03', '2019-03-20 07:26:50', '2019-03-27 10:08:32', 48, 4, 10, 'Develop and implement Quality Systems and Training ', 20, 3, 1, '0', '2019-03-27', '2021-01-04', '', 0),
(36, '2019-05-04 07:03:03', '2019-03-20 07:27:14', '2019-03-27 10:08:18', 48, 4, 10, ' Improve Perceptual Quality  ', 20, 3, 1, '0', '2019-03-27', '2020-11-05', '', 0),
(37, '2019-03-23 10:30:33', '2019-03-23 08:41:13', '2019-03-23 09:19:53', 51, 3, 3, 'Initiative SO test 1', 20, 3, 1, '0', '0000-00-00', '0000-00-00', '', 0),
(38, '2019-03-23 10:30:33', '2019-03-23 08:41:44', '2019-03-23 10:07:31', 51, 3, 3, 'Initiative SO test 2', 20, 3, 1, '0', '0000-00-00', '0000-00-00', '', 0),
(39, '2019-04-26 06:45:56', '2019-03-23 10:32:45', '2019-11-01 06:28:48', 52, 3, 3, 'S O I1', 20, 3, 5, '0', '2019-03-29', '2021-10-21', '', 5),
(40, '2019-05-04 07:03:18', '2019-03-23 10:33:11', '2019-03-30 11:37:50', 52, 3, 3, 'S O I2', 20, 3, 1, '0', '2019-03-30', '2020-12-09', '', 0),
(41, '2019-04-27 04:30:31', '2019-03-24 04:46:30', '2019-03-27 10:07:14', 53, 4, 10, 'sgshsjaka', 20, 3, 1, '0', '2019-03-27', '2020-01-01', '', 0),
(42, '2019-05-04 07:03:18', '2019-03-26 07:06:32', '2019-03-27 13:19:27', 52, 3, 3, 'new Initiative', 20, 3, 1, '0', '2019-03-27', '2021-01-04', '', 0),
(43, '2019-05-04 07:03:18', '2019-04-25 01:39:21', '2019-04-25 01:39:21', 52, 3, 3, 'S O I3', 20, 3, 1, '0', '2019-04-25', '2020-04-25', '52.4', 0),
(44, '2019-05-04 07:03:18', '2019-04-25 01:39:48', '2019-04-25 01:39:48', 52, 3, 3, 'S O I5', 20, 3, 1, '0', '2019-04-25', '2020-04-25', '52.5', 0),
(45, '2019-05-04 07:03:46', '2019-04-26 07:43:25', '2019-04-26 07:43:25', 61, 4, 5, 'test', 20, 3, 1, '0', '2019-04-26', '2020-11-12', '61.1', 0),
(46, '2019-05-04 07:03:36', '2019-05-03 17:06:31', '2019-05-03 17:06:31', 55, 4, 5, 'Prepare People Appraisal process', 20, 3, 1, '0', '2019-05-28', '2020-03-31', '55.1', 0),
(47, '2019-06-05 03:05:08', '2019-05-04 09:10:32', '2019-06-05 03:00:56', 65, 20, 34, 'Maintain ME lost workday cases and recordables', 20, 3, 1, '0', '2019-01-02', '2021-02-02', '65.1', 2),
(48, '2019-06-05 03:05:16', '2019-05-04 09:11:46', '2019-06-05 03:00:56', 65, 20, 35, ' Ensure resolution of ergonomic issues in Future Programs', 20, 3, 1, '0', '2019-01-02', '2022-03-24', '65.2', 2),
(49, '2019-06-05 03:05:23', '2019-05-04 09:13:02', '2019-06-05 03:00:56', 65, 20, 36, 'Increase safety awareness and practices', 20, 3, 1, '0', '2019-01-02', '2020-10-20', '65.3', 2),
(50, NULL, '2019-05-04 09:14:38', '2019-10-17 05:43:22', 66, 29, 58, 'Focus on developing next generation of ME leaders across all regions.  Develop and grow benchstrengths.', 20, 3, 1, '0', '2019-01-03', '2020-12-30', '66.1', 5),
(51, '2019-06-27 05:12:06', '2019-05-04 09:15:24', '2019-06-05 14:50:16', 66, 29, 58, 'Develop ME expertise and resources', 20, 3, 1, '0', '2019-01-06', '2020-12-17', '66.2', 1),
(52, '2019-06-27 05:12:56', '2019-05-04 09:16:11', '2019-06-05 14:50:53', 66, 29, 58, 'Balance ME workload optimizing utilization of resources in low cost countries', 20, 3, 1, '0', '2019-01-07', '2020-11-26', '66.3', 3),
(53, NULL, '2019-05-04 09:17:03', '2019-11-27 02:01:26', 91, 19, 37, ' Develop Media add and Promotion plan and release', 20, 3, 3, '100', '2019-03-06', '2020-02-28', '67.1', 3),
(54, '2019-06-07 03:06:37', '2019-05-04 09:17:42', '2019-11-01 06:29:15', 67, 19, 38, 'Improve Perceptual Quality', 20, 3, 5, '0', '2019-01-09', '2020-12-30', '67.2', 5),
(55, '2019-06-07 03:09:14', '2019-05-04 09:19:16', '2019-06-03 05:03:24', 67, 19, 39, 'Develop and implement Quality Culture, Systems and Training', 20, 3, 1, '0', '2019-01-02', '2021-03-16', '67.3', 3),
(56, '2019-06-07 03:10:02', '2019-05-04 09:19:54', '2019-06-03 05:03:24', 67, 19, 40, 'Deploy GMS principles -- eliminate things that dont matter (GMS Eliminate Engineering Waste)', 20, 3, 1, '0', '2019-01-02', '2021-11-17', '67.4', 3),
(57, NULL, '2019-05-04 16:27:24', '2019-10-30 02:15:06', 65, 20, 36, 'Establish a new Metrology lab', 20, 3, 2, '0', '2019-01-02', '2021-01-04', '65.4', 2),
(58, NULL, '2019-05-05 12:01:15', '2019-10-30 02:09:52', 68, 23, 31, 'Created Detailed Product development road map and launch plan for all 25 products', 20, 3, 4, '90', '2019-05-06', '2021-01-01', '68.1', 4),
(59, NULL, '2019-05-07 15:10:54', '2019-11-28 07:00:09', 72, 27, 56, 'Prepare People Appraisal Process', 20, 3, 3, '100', '2019-01-02', '2019-12-30', '72.1', 3),
(60, NULL, '2019-05-07 15:18:32', '2019-11-25 06:11:20', 73, 26, 43, 'Prepare the Financial model and get approval from the management', 20, 3, 3, '100', '2019-04-01', '2019-11-30', '73.1', 3),
(61, NULL, '2019-05-07 15:56:40', '2019-10-30 02:06:38', 75, 28, 41, 'Complete Market research', 20, 3, 3, '100', '2019-04-01', '2019-12-31', '75.1', 3),
(62, NULL, '2019-05-08 05:57:40', '2019-11-23 05:34:39', 75, 28, 57, 'Prepare segment wise business penetration plan', 20, 3, 3, '100', '2019-04-01', '2019-10-31', '75.2', 3),
(63, '2019-06-03 06:12:02', '2019-06-03 06:04:55', '2019-06-03 06:04:55', 78, 20, 34, 'hhiii', 20, 3, 1, '0', '2019-06-03', '2020-06-09', '78.1', 1),
(64, '2019-06-03 07:04:37', '2019-06-03 06:10:06', '2019-06-03 06:10:06', 78, 20, 36, 'New Initiative  ', 20, 3, 1, '0', '2019-06-03', '2020-12-10', '78.2', 1),
(65, NULL, '2019-06-05 14:53:11', '2019-11-01 07:26:58', 71, 29, 49, 'Initiate project report and finalize the plant location', 20, 3, 5, '89', '2019-06-05', '2019-08-31', '71.1', 5),
(66, NULL, '2019-06-05 14:54:40', '2019-10-17 05:44:38', 71, 29, 49, 'Release all LLT on time', 20, 3, 1, '0', '2019-07-01', '2019-12-31', '71.2', 1),
(67, NULL, '2019-06-05 15:11:19', '2019-10-30 02:15:06', 65, 20, 35, 'Prepare ISO manual including new product launch Quality systems and procedures', 20, 3, 2, '0', '2019-06-05', '2019-09-30', '65.5', 1),
(68, NULL, '2019-06-05 15:13:07', '2019-10-30 02:16:12', 67, 20, 34, 'Build Product Quality standards for domestic and international market', 20, 3, 5, '89', '2019-06-05', '2019-11-30', '67.5', 5),
(69, NULL, '2019-06-07 15:07:56', '2019-11-02 12:15:33', 91, 19, 38, 'Prepare network plan and establish channel partners in major territory', 20, 3, 3, '100', '2019-08-01', '2019-12-01', '91.2', 3),
(70, NULL, '2019-06-07 15:13:29', '2019-11-01 02:01:38', 91, 19, 38, 'Start Advertisement in social media in a big way', 20, 3, 5, '89', '2019-06-30', '2019-12-31', '91.3', 5),
(71, NULL, '2019-06-07 15:17:58', '2019-11-07 05:57:07', 73, 26, 44, 'Fix profitability statement for each product range and release sales prices ', 20, 3, 3, '100', '2019-05-06', '2019-12-19', '73.2', 3),
(72, NULL, '2019-06-07 15:22:50', '2019-06-07 15:22:50', 67, 20, 35, 'Build Product Quality standards and Process controls and audit process as per global norms', 20, 3, 1, '0', '2019-07-01', '2019-09-01', '67.5', 1),
(73, NULL, '2019-06-07 16:12:58', '2019-11-02 12:14:38', 92, 29, 47, 'Adopt Best Practices including green cross and Safety Metrics', 20, 3, 4, '90', '2019-07-08', '2020-02-27', '92.1', 4),
(74, '2019-06-11 11:21:34', '2019-06-11 11:20:08', '2019-06-11 11:20:08', 67, 20, 35, 'hhhhhhhhhhhhhhhhhhhhhhhhhhhhhhh', 20, 3, 1, '0', '2019-06-11', '2021-05-03', '67.6', 1),
(75, '2019-06-11 11:21:27', '2019-06-11 11:20:55', '2019-06-11 11:20:55', 67, 20, 35, 'hhhhhhhhhhhhhhhhhhhhhhhhhhhhhhh', 20, 3, 1, '0', '2019-06-11', '2021-05-11', '67.7', 1),
(76, NULL, '2019-06-15 19:21:19', '2019-10-17 05:44:38', 71, 29, 48, 'The new Plant and infrastructure to comply Industry 4.0 status', 20, 3, 1, '0', '2019-06-16', '2020-03-30', '71.3', 1),
(77, NULL, '2019-06-15 19:23:47', '2019-08-01 04:52:47', 92, 29, 50, 'Get all ISO related Environmental, H&S Certification', 20, 3, 1, '0', '2019-07-15', '2020-03-09', '92.2', 1),
(78, '2019-09-28 12:22:54', '2019-06-16 09:19:00', '2019-08-13 09:18:18', 77, 27, 46, 'Study gaps and then list priorities', 20, 3, 1, '0', '2019-06-16', '2020-10-31', '77.1', 1),
(79, NULL, '2019-06-22 16:26:50', '2019-11-07 06:39:07', 72, 27, 56, 'Map Leadership competency, Functional competency and Technical competency of all employees and make a part of joiningg process', 20, 3, 1, '0', '2019-01-03', '2019-12-29', '72.2', 3),
(80, '2019-07-02 03:52:19', '2019-06-22 16:28:02', '2019-06-22 16:28:02', 76, 27, 56, 'Develop critical skills and rotate people - right job for right work', 20, 3, 1, '0', '2019-06-22', '2019-09-30', '76.1', 1),
(81, '2019-07-02 03:52:19', '2019-06-22 16:29:13', '2019-06-22 16:29:13', 76, 27, 51, 'Launch new employees welfare and engagement schemes', 20, 3, 1, '0', '2019-06-22', '2019-12-31', '76.2', 1),
(82, '2019-09-28 12:22:54', '2019-06-22 16:30:22', '2019-08-13 09:18:18', 77, 27, 46, 'Get all details, benchmark the best of the best companies and identify opportunity for us.', 20, 3, 1, '0', '2019-06-22', '2019-10-31', '77.2', 1),
(83, NULL, '2019-06-22 16:38:56', '2019-10-30 02:10:17', 68, 23, 31, 'Develop market for low end and high end and premium segment and distinguish USP and value proposition for all products', 20, 3, 4, '90', '2019-02-05', '2020-12-30', '68.2', 4),
(84, '2019-07-02 03:47:14', '2019-06-29 06:57:39', '2019-06-29 08:51:11', 76, 27, 51, 'test ghnashyam', 20, 3, 1, '0', '2019-06-29', '2020-01-20', '76.3', 1),
(85, NULL, '2019-06-30 19:09:21', '2019-10-17 05:44:38', 71, 29, 49, 'Install the best available production tooling for the new line set up', 20, 3, 1, '0', '2019-07-01', '2019-12-31', '71.4', 1),
(86, NULL, '2019-09-26 13:34:33', '2019-11-07 06:19:10', 72, 27, 51, 'Define clear Roles and responsibilty and authority matrix', 20, 3, 1, '0', '2019-09-12', '2019-09-21', '72.3', 1),
(87, '2019-09-28 12:27:41', '2019-09-27 07:37:26', '2019-09-27 07:37:26', 73, 26, 44, 'dd', 20, 3, 1, '0', '2019-09-27', '2019-09-27', '73.3', 1),
(88, '2019-10-03 09:32:14', '2019-10-03 07:27:49', '2019-10-03 07:27:49', 110, 28, 41, 'ggggggggggggg', 20, 3, 1, '0', '2019-01-02', '2020-10-13', '110.1', 1),
(89, NULL, '2019-10-03 10:24:28', '2019-10-03 10:24:28', 107, 21, 27, 'Establish a new Metrology lab\n', 48, 2, 1, '0', '2019-01-08', '2021-02-10', '107.1', 1),
(90, NULL, '2019-10-03 10:26:30', '2019-10-03 10:26:30', 107, 21, 28, 'Prepare ISO manual including new product launch Quality systems and procedures\n', 48, 2, 1, '0', '2019-01-08', '2021-03-10', '107.2', 1),
(91, NULL, '2019-10-03 10:29:45', '2019-10-03 10:29:45', 112, 21, 29, 'Focus on developing next generation of ME leaders across all regions. Develop and grow benchstrengths.\n', 48, 2, 1, '0', '2019-02-05', '2021-10-01', '112.1', 1),
(92, '2019-10-03 10:30:05', '2019-10-03 10:29:50', '2019-10-03 10:29:50', 112, 21, 29, 'Focus on developing next generation of ME leaders across all regions. Develop and grow benchstrengths.\n', 48, 2, 1, '0', '2019-02-05', '2021-10-01', '112.2', 1),
(93, NULL, '2019-10-03 10:36:08', '2019-10-05 10:18:40', 113, 21, 30, 'Build Product Quality standards and Process controls and audit process as per global norms\n', 20, 2, 1, '0', '2019-01-09', '2021-12-31', '113.1', 1),
(94, '2019-10-03 10:36:19', '2019-10-03 10:36:11', '2019-10-03 10:36:11', 113, 21, 30, 'Build Product Quality standards and Process controls and audit process as per global norms\n', 48, 2, 1, '0', '2019-05-06', '2021-11-25', '113.2', 1),
(95, NULL, '2019-10-03 10:37:48', '2019-10-05 10:12:59', 113, 21, 29, 'Build Product Quality standards for domestic and international market\n', 48, 2, 1, '0', '2019-05-06', '2022-01-02', '113.3', 1),
(96, '2019-10-03 10:40:41', '2019-10-03 10:37:51', '2019-10-03 10:37:51', 113, 21, 29, 'Build Product Quality standards for domestic and international market\n', 48, 2, 1, '0', '2019-05-06', '2022-01-02', '113.4', 1),
(97, '2019-10-03 10:40:22', '2019-10-03 10:38:01', '2019-10-03 10:38:01', 113, 21, 29, 'Build Product Quality standards for domestic and international market\n', 48, 2, 1, '0', '2019-05-06', '2022-01-02', '113.5', 1),
(98, '2019-10-03 10:40:13', '2019-10-03 10:39:18', '2019-10-03 10:39:18', 113, 21, 28, 'Build Product Quality standards for domestic and international market\n', 48, 2, 1, '0', '2019-06-11', '2021-11-30', '113.6', 1),
(99, '2019-10-03 10:40:00', '2019-10-03 10:39:23', '2019-10-03 10:39:23', 113, 21, 28, 'Build Product Quality standards for domestic and international market\n', 48, 2, 1, '0', '2019-06-11', '2021-11-30', '113.7', 1),
(100, '2019-10-03 10:39:52', '2019-10-03 10:39:27', '2019-10-03 10:39:27', 113, 21, 28, 'Build Product Quality standards for domestic and international market\n', 48, 2, 1, '0', '2019-06-11', '2021-11-30', '113.8', 1),
(101, NULL, '2019-10-03 10:42:47', '2019-10-03 10:42:47', 114, 24, 21, 'Created Detailed Product development road map and launch plan for all 25 products\n', 48, 2, 1, '0', '2019-04-04', '2022-01-26', '114.1', 1),
(102, '2019-10-03 10:43:32', '2019-10-03 10:43:04', '2019-10-03 10:43:04', 114, 24, 21, 'Created Detailed Product development road map and launch plan for all 25 products\n', 48, 2, 1, '0', '2019-04-04', '2022-01-26', '114.2', 1),
(103, '2019-10-03 10:43:20', '2019-10-03 10:43:11', '2019-10-03 10:43:11', 114, 24, 21, 'Created Detailed Product development road map and launch plan for all 25 products\n', 48, 2, 1, '0', '2019-04-04', '2022-01-26', '114.3', 1),
(104, '2019-10-03 11:02:25', '2019-10-03 10:45:27', '2019-10-03 10:45:27', 114, 24, 22, 'Develop market for low end and high end and premium segment and distinguish USP and value proposition for all products\n', 48, 2, 1, '0', '2019-04-04', '2022-01-20', '114.4', 1),
(105, '2019-10-03 11:02:18', '2019-10-03 10:45:32', '2019-10-03 10:45:32', 114, 24, 22, 'Develop market for low end and high end and premium segment and distinguish USP and value proposition for all products\n', 48, 2, 1, '0', '2019-04-04', '2022-01-20', '114.5', 1),
(106, '2019-10-03 11:02:13', '2019-10-03 10:45:37', '2019-10-03 10:45:37', 114, 24, 22, 'Develop market for low end and high end and premium segment and distinguish USP and value proposition for all products\n', 48, 2, 1, '0', '2019-04-04', '2022-01-20', '114.6', 1),
(107, '2019-10-03 11:00:25', '2019-10-03 10:45:37', '2019-10-03 10:45:37', 114, 24, 22, 'Develop market for low end and high end and premium segment and distinguish USP and value proposition for all products\n', 48, 2, 1, '0', '2019-04-04', '2022-01-20', '114.7', 1),
(108, '2019-10-03 11:00:16', '2019-10-03 10:46:58', '2019-10-03 10:46:58', 114, 24, 22, 'Develop market for low end and high end and premium segment and distinguish USP and value proposition for all products\n', 48, 2, 1, '0', '2019-04-04', '2022-01-20', '114.8', 1),
(109, '2019-10-03 11:00:09', '2019-10-03 10:48:36', '2019-10-03 10:48:36', 114, 24, 22, 'Develop market for low end and high end and premium segment and distinguish USP and value proposition for all products\n', 48, 2, 1, '0', '2019-04-04', '2022-01-20', '114.9', 1),
(110, NULL, '2019-10-03 10:48:45', '2019-10-03 10:48:45', 114, 24, 22, 'Develop market for low end and high end and premium segment and distinguish USP and value proposition for all products\n', 48, 2, 1, '0', '2019-04-04', '2022-01-20', '114.10', 1),
(111, '2019-10-03 11:02:06', '2019-10-03 10:52:04', '2019-10-03 10:52:04', 114, 24, 22, 'Develop market for low end and high end and premium segment and distinguish USP and value proposition for all products\n', 48, 2, 1, '0', '2019-04-04', '2022-01-20', '114.11', 1),
(112, '2019-10-03 11:02:33', '2019-10-03 10:58:44', '2019-10-03 10:58:44', 114, 24, 22, 'Develop market for low end and high end and premium segment and distinguish USP and value proposition for all products', 48, 2, 1, '0', '2019-04-03', '2021-12-17', '114.12', 1),
(113, NULL, '2019-10-03 11:03:34', '2019-10-03 11:03:34', 115, 24, 21, 'Initiate project report and finalize the plant location\n', 48, 2, 1, '0', '2019-04-02', '2021-02-09', '115.1', 1),
(114, NULL, '2019-10-03 11:03:40', '2019-10-03 11:05:30', 115, 24, 22, 'Release all LLT on time', 48, 2, 1, '0', '2019-04-02', '2021-02-09', '115.2', 1),
(115, NULL, '2019-10-03 11:12:17', '2019-10-03 11:12:17', 115, 24, 22, 'The new Plant and infrastructure to comply Industry 4.0 status\n', 48, 2, 1, '0', '2019-04-12', '2021-01-11', '115.3', 1),
(116, NULL, '2019-10-03 11:12:24', '2019-10-03 11:13:24', 115, 24, 21, 'Install the best available production tooling for the new line set up', 48, 2, 1, '0', '2019-04-12', '2021-01-11', '115.4', 1),
(117, NULL, '2019-10-03 11:19:08', '2019-10-05 10:51:03', 116, 22, 23, 'Prepare People Appraisal Process\n', 48, 2, 1, '0', '2019-01-01', '2021-06-30', '116.1', 5),
(118, NULL, '2019-10-03 11:20:30', '2019-10-03 11:20:30', 116, 22, 24, 'Map Leadership competency, Functional competency and Technical competency of all employees and make a part of joiningg process\n', 48, 2, 1, '0', '2019-02-12', '2021-12-30', '116.2', 1),
(119, NULL, '2019-10-03 11:22:28', '2019-10-05 10:17:54', 124, 22, 25, 'Prepare the Financial model and get approval from the management\n', 20, 2, 1, '0', '2019-02-06', '2022-09-12', '124.1', 1),
(120, NULL, '2019-10-03 11:24:14', '2019-10-05 10:17:18', 124, 22, 26, 'Fix profitability statement for product range and release\n', 20, 2, 1, '0', '2019-02-05', '2022-03-03', '124.2', 1),
(121, NULL, '2019-10-03 11:34:53', '2019-10-05 10:05:17', 125, 55, 66, 'Complete Market research\n', 48, 2, 1, '0', '2019-01-08', '2021-12-30', '125.1', 5),
(122, NULL, '2019-10-03 11:35:53', '2019-10-05 10:49:22', 125, 55, 66, 'Prepare segment wise business penetration plan\n', 48, 2, 1, '0', '2019-03-27', '2022-02-08', '125.2', 5),
(123, NULL, '2019-10-03 11:37:10', '2019-10-05 10:15:59', 126, 24, 22, 'Prepare network plan and establish channel partners in major territory\n', 20, 2, 1, '0', '2019-03-04', '2022-06-14', '126.1', 1),
(124, NULL, '2019-10-03 11:40:29', '2019-10-05 10:33:44', 124, 22, 24, 'Start Advertisement in social media in a big way\n', 20, 2, 1, '0', '2019-02-05', '2022-02-03', '126.2', 5),
(125, NULL, '2019-10-03 11:41:26', '2019-10-05 10:48:39', 127, 55, 66, 'Adopt Best Practices including green cross and Safety Metrics\n', 48, 2, 1, '0', '2019-01-22', '2022-02-09', '127.1', 5),
(126, NULL, '2019-10-03 11:42:16', '2019-10-03 11:42:16', 127, 55, 66, 'Get all ISO related Environmental, H&S Certification\n', 48, 2, 1, '0', '2019-03-28', '2021-08-26', '127.2', 1),
(127, '2019-10-04 12:47:47', '2019-10-04 12:47:17', '2019-10-04 12:47:17', 73, 26, 43, 'aaaaaaaaaaaaaaaaa', 20, 3, 1, '0', '2019-10-04', '2019-10-04', '73.4', 1),
(128, '2019-10-05 09:54:26', '2019-10-05 09:45:35', '2019-10-05 09:45:35', 73, 26, 43, 'aaaaaaaaaaaaaa', 20, 3, 1, '0', '2019-10-05', '2019-10-05', '73.5', 1),
(129, NULL, '2019-10-22 12:55:48', '2019-10-22 12:55:48', 91, 19, 38, 'Open 20 new dealerships pan India', 20, 3, 1, '0', '2019-08-25', '2019-12-31', '91.4', 1),
(130, '2019-10-22 01:09:56', '2019-10-22 12:57:04', '2019-10-22 12:57:04', 91, 19, 38, 'ABC', 20, 3, 1, '0', '2019-08-15', '2019-11-30', '91.5', 1);

-- --------------------------------------------------------

--
-- Table structure for table `initiatives_statuses`
--

CREATE TABLE `initiatives_statuses` (
  `id` int(10) UNSIGNED NOT NULL,
  `deleted_at` timestamp NULL DEFAULT NULL,
  `created_at` timestamp NULL DEFAULT NULL,
  `updated_at` timestamp NULL DEFAULT NULL,
  `initiative_id` int(10) UNSIGNED NOT NULL DEFAULT '1',
  `status_id` int(10) UNSIGNED NOT NULL DEFAULT '1',
  `percentage` varchar(10) COLLATE utf8_unicode_ci NOT NULL
) ENGINE=InnoDB DEFAULT CHARSET=utf8 COLLATE=utf8_unicode_ci;

--
-- Dumping data for table `initiatives_statuses`
--

INSERT INTO `initiatives_statuses` (`id`, `deleted_at`, `created_at`, `updated_at`, `initiative_id`, `status_id`, `percentage`) VALUES
(1, NULL, '2019-10-30 02:00:24', '2019-10-30 02:00:24', 60, 4, '95'),
(2, NULL, '2019-10-30 02:00:50', '2019-10-30 02:00:50', 60, 3, '100'),
(3, NULL, '2019-10-30 02:02:54', '2019-10-30 02:02:54', 71, 4, '95'),
(4, NULL, '2019-10-30 02:03:36', '2019-10-30 02:03:36', 71, 4, '95'),
(5, NULL, '2019-10-30 02:04:06', '2019-10-30 02:04:06', 60, 3, '100'),
(6, NULL, '2019-10-30 02:04:37', '2019-10-30 02:04:37', 60, 3, '100'),
(7, NULL, '2019-10-30 02:05:23', '2019-10-30 02:05:23', 62, 4, '95'),
(8, NULL, '2019-10-30 02:05:47', '2019-10-30 02:05:47', 61, 4, '95'),
(9, NULL, '2019-10-30 02:06:12', '2019-10-30 02:06:12', 62, 3, '100'),
(10, NULL, '2019-10-30 02:06:38', '2019-10-30 02:06:38', 61, 3, '100'),
(11, NULL, '2019-10-30 02:08:51', '2019-10-30 02:08:51', 71, 3, '100'),
(12, NULL, '2019-10-30 02:09:25', '2019-10-30 02:09:25', 58, 4, '90'),
(13, NULL, '2019-10-30 02:09:52', '2019-10-30 02:09:52', 58, 4, '90'),
(14, NULL, '2019-10-30 02:10:17', '2019-10-30 02:10:17', 83, 4, '90'),
(15, NULL, '2019-10-30 02:16:12', '2019-10-30 02:16:12', 68, 5, '89'),
(16, NULL, '2019-10-30 02:16:43', '2019-10-30 02:16:43', 73, 4, '90'),
(17, NULL, '2019-10-30 02:20:15', '2019-10-30 02:20:15', 73, 4, '90'),
(18, NULL, '2019-10-30 02:21:02', '2019-10-30 02:21:02', 73, 4, '90'),
(19, NULL, '2019-10-30 02:22:23', '2019-10-30 02:22:23', 65, 5, '89'),
(20, NULL, '2019-10-31 05:17:22', '2019-10-31 05:17:22', 53, 3, '100'),
(21, NULL, '2019-11-01 01:52:14', '2019-11-01 01:52:14', 70, 5, '89'),
(22, NULL, '2019-11-01 01:55:08', '2019-11-01 01:55:08', 70, 5, '89'),
(23, NULL, '2019-11-01 01:57:51', '2019-11-01 01:57:51', 70, 5, '89'),
(24, NULL, '2019-11-01 02:01:13', '2019-11-01 02:01:13', 70, 5, '89'),
(25, NULL, '2019-11-01 02:01:38', '2019-11-01 02:01:38', 70, 5, '89'),
(26, NULL, '2019-11-01 02:08:33', '2019-11-01 02:08:33', 60, 3, '100'),
(27, NULL, '2019-11-01 02:09:31', '2019-11-01 02:09:31', 60, 3, '100'),
(28, NULL, '2019-11-01 02:10:26', '2019-11-01 02:10:26', 60, 3, '100'),
(29, NULL, '2019-11-01 02:12:13', '2019-11-01 02:12:13', 60, 3, '100'),
(30, NULL, '2019-11-01 02:12:42', '2019-11-01 02:12:42', 60, 3, '100'),
(31, NULL, '2019-11-01 03:17:18', '2019-11-01 03:17:18', 60, 3, '100'),
(32, NULL, '2019-11-01 03:21:34', '2019-11-01 03:21:34', 60, 3, '100'),
(33, NULL, '2019-11-01 03:25:52', '2019-11-01 03:25:52', 60, 3, '100'),
(34, NULL, '2019-11-01 03:26:37', '2019-11-01 03:26:37', 60, 3, '100'),
(35, NULL, '2019-11-01 03:37:38', '2019-11-01 03:37:38', 60, 3, '100'),
(36, NULL, '2019-11-01 04:24:37', '2019-11-01 04:24:37', 60, 3, '100'),
(37, NULL, '2019-11-01 04:32:28', '2019-11-01 04:32:28', 60, 3, '100'),
(38, NULL, '2019-11-01 05:01:00', '2019-11-01 05:01:00', 60, 3, '100'),
(39, NULL, '2019-11-01 05:18:46', '2019-11-01 05:18:46', 60, 3, '100'),
(40, NULL, '2019-11-01 05:35:22', '2019-11-01 05:35:22', 60, 3, '100'),
(41, NULL, '2019-11-01 05:42:45', '2019-11-01 05:42:45', 60, 3, '100'),
(42, NULL, '2019-11-01 05:47:58', '2019-11-01 05:47:58', 60, 3, '100'),
(43, NULL, '2019-11-01 05:48:10', '2019-11-01 05:48:10', 60, 3, '100'),
(46, NULL, '2019-11-01 05:52:08', '2019-11-01 05:52:08', 100, 3, '100'),
(47, NULL, '2019-11-01 05:52:52', '2019-11-01 05:52:52', 60, 3, '100'),
(48, NULL, '2019-11-01 05:54:11', '2019-11-01 05:54:11', 60, 3, '100'),
(49, NULL, '2019-11-01 05:56:59', '2019-11-01 05:56:59', 60, 3, '100'),
(50, NULL, '2019-11-01 05:57:36', '2019-11-01 05:57:36', 60, 3, '100'),
(51, NULL, '2019-11-01 05:57:52', '2019-11-01 05:57:52', 60, 3, '100'),
(52, NULL, '2019-11-01 05:58:05', '2019-11-01 05:58:05', 60, 3, '100'),
(53, NULL, '2019-11-01 05:58:19', '2019-11-01 05:58:19', 60, 3, '100'),
(54, NULL, '2019-11-01 05:59:07', '2019-11-01 05:59:07', 60, 3, '100'),
(55, NULL, '2019-11-01 06:01:35', '2019-11-01 06:01:35', 60, 3, '100'),
(56, NULL, '2019-11-01 06:04:03', '2019-11-01 06:04:03', 60, 3, '100'),
(57, NULL, '2019-11-01 06:06:55', '2019-11-01 06:06:55', 60, 3, '100'),
(58, NULL, '2019-11-01 06:09:43', '2019-11-01 06:09:43', 60, 3, '100'),
(59, NULL, '2019-11-01 06:10:39', '2019-11-01 06:10:39', 60, 3, '100'),
(60, NULL, '2019-11-01 06:21:09', '2019-11-01 06:21:09', 71, 3, '100'),
(61, NULL, '2019-11-01 06:21:50', '2019-11-01 06:21:50', 71, 3, '100'),
(62, NULL, '2019-11-01 06:23:29', '2019-11-01 06:23:29', 71, 3, '100'),
(63, NULL, '2019-11-01 06:28:29', '2019-11-01 06:28:29', 39, 5, '0'),
(64, NULL, '2019-11-01 06:28:48', '2019-11-01 06:28:48', 39, 5, '0'),
(65, NULL, '2019-11-01 06:28:57', '2019-11-01 06:28:57', 71, 3, '100'),
(66, NULL, '2019-11-01 06:29:15', '2019-11-01 06:29:15', 54, 5, '0'),
(67, NULL, '2019-11-01 06:30:21', '2019-11-01 06:30:21', 65, 5, '89'),
(68, NULL, '2019-11-01 06:31:01', '2019-11-01 06:31:01', 65, 5, '89'),
(69, NULL, '2019-11-01 06:40:35', '2019-11-01 06:40:35', 60, 3, '100'),
(70, NULL, '2019-11-01 06:40:50', '2019-11-01 06:40:50', 65, 5, '89'),
(71, NULL, '2019-11-01 06:44:41', '2019-11-01 06:44:41', 65, 5, '89'),
(72, NULL, '2019-11-01 06:49:43', '2019-11-01 06:49:43', 65, 5, '89'),
(73, NULL, '2019-11-01 06:57:19', '2019-11-01 06:57:19', 65, 5, '89'),
(74, NULL, '2019-11-01 06:57:55', '2019-11-01 06:57:55', 65, 5, '89'),
(75, NULL, '2019-11-01 06:59:13', '2019-11-01 06:59:13', 65, 5, '89'),
(76, NULL, '2019-11-01 07:01:59', '2019-11-01 07:01:59', 65, 5, '89'),
(77, NULL, '2019-11-01 07:04:59', '2019-11-01 07:04:59', 65, 5, '89'),
(78, NULL, '2019-11-01 07:06:14', '2019-11-01 07:06:14', 65, 5, '89'),
(79, NULL, '2019-11-01 07:08:03', '2019-11-01 07:08:03', 65, 5, '89'),
(80, NULL, '2019-11-01 07:08:35', '2019-11-01 07:08:35', 65, 5, '89'),
(81, NULL, '2019-11-01 07:09:02', '2019-11-01 07:09:02', 65, 5, '89'),
(82, NULL, '2019-11-01 07:12:22', '2019-11-01 07:12:22', 65, 5, '89'),
(83, NULL, '2019-11-01 07:13:49', '2019-11-01 07:13:49', 65, 5, '89'),
(84, NULL, '2019-11-01 07:14:11', '2019-11-01 07:14:11', 65, 5, '89'),
(85, NULL, '2019-11-01 07:15:30', '2019-11-01 07:15:30', 65, 5, '89'),
(86, NULL, '2019-11-01 07:19:03', '2019-11-01 07:19:03', 65, 5, '89'),
(87, NULL, '2019-11-01 07:19:59', '2019-11-01 07:19:59', 65, 5, '89'),
(88, NULL, '2019-11-01 07:20:41', '2019-11-01 07:20:41', 65, 5, '89'),
(89, NULL, '2019-11-01 07:26:58', '2019-11-01 07:26:58', 65, 5, '89'),
(90, NULL, '2019-11-02 12:14:38', '2019-11-02 12:14:38', 73, 4, '90'),
(91, NULL, '2019-11-02 12:15:33', '2019-11-02 12:15:33', 69, 3, '100'),
(92, NULL, '2019-11-23 05:27:18', '2019-11-23 05:27:18', 59, 4, '95'),
(93, NULL, '2019-11-23 05:34:39', '2019-11-23 05:34:39', 62, 3, '100'),
(94, NULL, '2019-11-25 06:11:20', '2019-11-25 06:11:20', 60, 3, '100'),
(95, NULL, '2019-11-27 02:01:26', '2019-11-27 02:01:26', 53, 3, '100'),
(96, NULL, '2019-11-28 07:00:09', '2019-11-28 07:00:09', 59, 3, '100');

-- --------------------------------------------------------

--
-- Table structure for table `initiative_datas`
--

CREATE TABLE `initiative_datas` (
  `id` int(10) UNSIGNED NOT NULL,
  `deleted_at` timestamp NULL DEFAULT NULL,
  `created_at` timestamp NULL DEFAULT NULL,
  `updated_at` timestamp NULL DEFAULT NULL,
  `permission` int(10) UNSIGNED NOT NULL
) ENGINE=InnoDB DEFAULT CHARSET=utf8 COLLATE=utf8_unicode_ci;

-- --------------------------------------------------------

--
-- Table structure for table `initiat_edit_comments`
--

CREATE TABLE `initiat_edit_comments` (
  `id` int(10) UNSIGNED NOT NULL,
  `deleted_at` timestamp NULL DEFAULT NULL,
  `created_at` timestamp NULL DEFAULT NULL,
  `updated_at` timestamp NULL DEFAULT NULL,
  `user_id` int(10) UNSIGNED NOT NULL DEFAULT '1',
  `comment` text COLLATE utf8_unicode_ci NOT NULL,
  `initiatives_id` int(10) UNSIGNED NOT NULL DEFAULT '1'
) ENGINE=InnoDB DEFAULT CHARSET=utf8 COLLATE=utf8_unicode_ci;

--
-- Dumping data for table `initiat_edit_comments`
--

INSERT INTO `initiat_edit_comments` (`id`, `deleted_at`, `created_at`, `updated_at`, `user_id`, `comment`, `initiatives_id`) VALUES
(1, NULL, '2019-05-01 06:16:57', '2019-05-01 06:16:57', 20, 'hhhhh', 45),
(2, NULL, '2019-05-01 06:17:08', '2019-05-01 06:17:08', 20, 'hhhhhh', 36),
(3, NULL, '2019-05-01 06:17:47', '2019-05-01 06:17:47', 20, 'hhhhh', 44),
(4, NULL, '2019-05-01 06:17:54', '2019-05-01 06:17:54', 20, 'hhhhhhh', 40),
(5, NULL, '2019-05-02 05:54:27', '2019-05-02 05:54:27', 20, 'hhhhhh', 45),
(6, NULL, '2019-05-04 09:33:35', '2019-05-04 09:33:35', 20, 'not valid ', 51),
(7, NULL, '2019-05-04 09:38:00', '2019-05-04 09:38:00', 20, 'hhhhhhh', 50),
(8, NULL, '2019-05-04 09:38:17', '2019-05-04 09:38:17', 20, 'hhhhhhhhh', 56),
(9, NULL, '2019-05-04 09:38:35', '2019-05-04 09:38:35', 20, 'hhhhh', 55),
(10, NULL, '2019-05-04 09:38:50', '2019-05-04 09:38:50', 20, 'hhh', 54),
(11, NULL, '2019-05-04 09:38:51', '2019-05-04 09:38:51', 20, 'hhh', 54),
(12, NULL, '2019-05-04 09:39:07', '2019-05-04 09:39:07', 20, 'hh', 53),
(13, NULL, '2019-05-04 09:39:48', '2019-05-04 09:39:48', 20, 'hhhhh', 52),
(14, NULL, '2019-05-05 11:36:11', '2019-05-05 11:36:11', 20, 'hhhii', 47),
(15, NULL, '2019-05-05 11:36:33', '2019-05-05 11:36:33', 20, 'hhiii', 48),
(16, NULL, '2019-05-05 11:36:56', '2019-05-05 11:36:56', 20, 'hhhiii', 49),
(17, NULL, '2019-05-05 11:37:37', '2019-05-05 11:37:37', 20, 'hhiii', 57),
(18, NULL, '2019-05-05 11:38:15', '2019-05-05 11:38:15', 20, 'hhhii', 50),
(19, NULL, '2019-05-05 11:38:48', '2019-05-05 11:38:48', 20, 'hhhhiiiiii', 56),
(20, NULL, '2019-05-05 11:39:28', '2019-05-05 11:39:28', 20, 'hhhiii', 55),
(21, NULL, '2019-05-05 11:39:55', '2019-05-05 11:39:55', 20, 'hhhiiiiiii', 54),
(22, NULL, '2019-05-05 11:40:15', '2019-05-05 11:40:15', 20, 'hhii', 53),
(23, NULL, '2019-05-05 11:40:42', '2019-05-05 11:40:42', 20, 'hhiiii', 52),
(24, NULL, '2019-05-05 11:41:09', '2019-05-05 11:41:09', 20, 'hhhhhhhiiii', 51),
(25, NULL, '2019-05-05 11:50:30', '2019-05-05 11:50:30', 20, 'hhhhhii', 51),
(26, NULL, '2019-05-07 15:20:00', '2019-05-07 15:20:00', 20, 'Definition change', 60),
(27, NULL, '2019-05-07 15:57:19', '2019-05-07 15:57:19', 20, 'Test', 61),
(28, NULL, '2019-05-07 16:00:41', '2019-05-07 16:00:41', 20, 'test', 61),
(29, NULL, '2019-05-07 16:03:03', '2019-05-07 16:03:03', 20, 'test', 61),
(30, NULL, '2019-05-07 16:05:26', '2019-05-07 16:05:26', 20, 'test', 61),
(31, NULL, '2019-05-08 06:23:00', '2019-05-08 06:23:00', 20, 'hhiiiii', 48),
(32, NULL, '2019-05-08 06:24:41', '2019-05-08 06:24:41', 20, 'hhhiiii', 48),
(33, NULL, '2019-05-08 07:06:06', '2019-05-08 07:06:06', 20, 'hhhii', 47),
(34, NULL, '2019-05-08 07:06:40', '2019-05-08 07:06:40', 20, 'hhii', 47),
(35, NULL, '2019-05-10 00:04:10', '2019-05-10 00:04:10', 20, 'hiii', 50),
(36, NULL, '2019-05-10 00:05:09', '2019-05-10 00:05:09', 20, 'hiii', 50),
(37, NULL, '2019-05-10 00:08:13', '2019-05-10 00:08:13', 20, 'hiii', 50),
(38, NULL, '2019-05-10 00:08:43', '2019-05-10 00:08:43', 20, 'hiii', 50),
(39, NULL, '2019-05-10 00:09:13', '2019-05-10 00:09:13', 20, 'hiii', 50),
(40, NULL, '2019-05-10 00:12:46', '2019-05-10 00:12:46', 20, 'hiii', 50),
(41, NULL, '2019-05-10 00:14:18', '2019-05-10 00:14:18', 20, 'hiii', 50),
(42, NULL, '2019-05-10 00:14:51', '2019-05-10 00:14:51', 20, 'hiii', 50),
(43, NULL, '2019-05-10 00:14:59', '2019-05-10 00:14:59', 20, 'hiii', 50),
(44, NULL, '2019-05-10 00:15:51', '2019-05-10 00:15:51', 20, 'hiii', 50),
(45, NULL, '2019-05-10 00:21:36', '2019-05-10 00:21:36', 20, 'hiii', 50),
(46, NULL, '2019-06-05 14:49:37', '2019-06-05 14:49:37', 20, 'Correction', 50),
(47, NULL, '2019-06-05 14:50:16', '2019-06-05 14:50:16', 20, 'Correction', 51),
(48, NULL, '2019-06-05 14:50:53', '2019-06-05 14:50:53', 20, 'Correction', 52),
(49, NULL, '2019-06-07 13:52:50', '2019-06-07 13:52:50', 20, 'Correction', 62),
(50, NULL, '2019-06-07 13:55:57', '2019-06-07 13:55:57', 20, 'Correction', 58),
(51, NULL, '2019-06-07 15:05:47', '2019-06-07 15:05:47', 20, 'Correction', 53),
(52, NULL, '2019-06-07 15:16:37', '2019-06-07 15:16:37', 20, 'Correction', 60),
(53, NULL, '2019-06-13 15:11:01', '2019-06-13 15:11:01', 20, 'Correction', 73),
(54, NULL, '2019-06-16 09:22:02', '2019-06-16 09:22:02', 20, 'Correction', 78),
(55, NULL, '2019-06-24 14:42:42', '2019-06-24 14:42:42', 20, 'Correction', 62),
(56, NULL, '2019-06-24 14:45:00', '2019-06-24 14:45:00', 20, 'Correction', 62),
(57, NULL, '2019-06-24 14:46:01', '2019-06-24 14:46:01', 20, 'Correction', 62),
(58, NULL, '2019-06-27 16:59:48', '2019-06-27 16:59:48', 20, 'Correction', 61),
(59, NULL, '2019-06-27 17:06:55', '2019-06-27 17:06:55', 20, 'Correction', 60),
(60, NULL, '2019-06-27 17:09:29', '2019-06-27 17:09:29', 20, 'Correction', 60),
(61, NULL, '2019-06-29 08:45:18', '2019-06-29 08:45:18', 20, 'test', 84),
(62, NULL, '2019-06-29 08:46:54', '2019-06-29 08:46:54', 20, 'hhiiii', 84),
(63, NULL, '2019-06-29 08:51:11', '2019-06-29 08:51:11', 20, 'test', 84),
(64, NULL, '2019-06-30 19:04:52', '2019-06-30 19:04:52', 20, 'Correction', 50),
(65, NULL, '2019-07-02 11:33:02', '2019-07-02 11:33:02', 20, 'test', 73),
(66, NULL, '2019-07-02 11:33:46', '2019-07-02 11:33:46', 20, 'test', 77),
(67, NULL, '2019-07-31 06:48:29', '2019-07-31 06:48:29', 20, 'test', 83),
(68, NULL, '2019-07-31 06:50:12', '2019-07-31 06:50:12', 20, 'hhhh', 83),
(69, NULL, '2019-07-31 06:51:58', '2019-07-31 06:51:58', 20, 'hhh', 53),
(70, NULL, '2019-08-01 16:51:07', '2019-08-01 16:51:07', 20, 'hhhh', 59),
(71, NULL, '2019-08-01 16:51:19', '2019-08-01 16:51:19', 20, 'hhhiii', 65),
(72, NULL, '2019-08-01 16:51:30', '2019-08-01 16:51:30', 20, 'hhhiiii', 60),
(73, NULL, '2019-08-01 16:51:40', '2019-08-01 16:51:40', 20, 'hhhiii', 66),
(74, NULL, '2019-08-01 16:51:54', '2019-08-01 16:51:54', 20, 'hhhii', 73),
(75, NULL, '2019-08-01 16:52:04', '2019-08-01 16:52:04', 20, 'hhhiiii', 69),
(76, NULL, '2019-10-05 06:18:23', '2019-10-05 06:18:23', 20, 'test', 61),
(77, NULL, '2019-10-05 06:18:44', '2019-10-05 06:18:44', 20, 'test', 71),
(78, NULL, '2019-10-05 10:15:59', '2019-10-05 10:15:59', 20, 'test', 123),
(79, NULL, '2019-10-05 10:16:39', '2019-10-05 10:16:39', 20, 'test', 124),
(80, NULL, '2019-10-05 10:17:18', '2019-10-05 10:17:18', 20, 'test', 120),
(81, NULL, '2019-10-05 10:17:54', '2019-10-05 10:17:54', 20, 'test', 119),
(82, NULL, '2019-10-05 10:18:40', '2019-10-05 10:18:40', 20, 'test', 93),
(83, NULL, '2019-10-19 09:07:48', '2019-10-19 09:07:48', 20, 'Change', 71),
(84, NULL, '2019-11-07 05:57:14', '2019-11-07 05:57:14', 20, 'test', 71),
(85, NULL, '2019-11-07 06:35:19', '2019-11-07 06:35:19', 20, 'test', 59),
(86, NULL, '2019-11-07 06:39:07', '2019-11-07 06:39:07', 20, 'test', 79);

-- --------------------------------------------------------

--
-- Table structure for table `kpi_actioonplan_relation`
--

CREATE TABLE `kpi_actioonplan_relation` (
  `kpi_id` int(11) NOT NULL,
  `action_plan_id` int(11) NOT NULL
) ENGINE=InnoDB DEFAULT CHARSET=utf8;

--
-- Dumping data for table `kpi_actioonplan_relation`
--

INSERT INTO `kpi_actioonplan_relation` (`kpi_id`, `action_plan_id`) VALUES
(4, 164),
(4, 165),
(4, 166),
(4, 167),
(4, 168),
(4, 169),
(5, 164),
(5, 165),
(5, 166),
(5, 167),
(5, 168),
(5, 169),
(6, 164),
(6, 165),
(6, 166),
(6, 167),
(6, 168),
(6, 169),
(41, 116),
(43, 116),
(47, 91),
(47, 117),
(47, 158),
(47, 160),
(51, 106),
(60, 106),
(62, 91),
(62, 158),
(63, 87),
(63, 155),
(70, 123),
(72, 123),
(73, 118),
(73, 121),
(74, 118),
(75, 89),
(75, 90),
(75, 124),
(78, 89),
(78, 90),
(78, 124),
(78, 161),
(79, 119),
(80, 131),
(80, 156),
(88, 145),
(97, 132),
(98, 81),
(101, 123),
(102, 162),
(103, 164),
(111, 165),
(112, 166),
(124, 167),
(125, 168),
(126, 169);

-- --------------------------------------------------------

--
-- Table structure for table `kpi_actuals`
--

CREATE TABLE `kpi_actuals` (
  `id` int(10) UNSIGNED NOT NULL,
  `deleted_at` timestamp NULL DEFAULT NULL,
  `created_at` timestamp NULL DEFAULT NULL,
  `updated_at` timestamp NULL DEFAULT NULL,
  `jan` decimal(15,1) UNSIGNED DEFAULT NULL,
  `feb` decimal(15,1) UNSIGNED DEFAULT NULL,
  `mar` decimal(15,1) UNSIGNED DEFAULT NULL,
  `apr` decimal(15,1) UNSIGNED DEFAULT NULL,
  `may` decimal(15,1) UNSIGNED DEFAULT NULL,
  `june` decimal(15,1) UNSIGNED DEFAULT NULL,
  `july` decimal(15,1) UNSIGNED DEFAULT NULL,
  `aug` decimal(15,1) UNSIGNED DEFAULT NULL,
  `sept` decimal(15,1) UNSIGNED DEFAULT NULL,
  `oct` decimal(15,1) UNSIGNED DEFAULT NULL,
  `nov` decimal(15,1) UNSIGNED DEFAULT NULL,
  `dec` decimal(15,1) UNSIGNED DEFAULT NULL,
  `actual_year` int(10) UNSIGNED NOT NULL,
  `kpi_id` int(10) UNSIGNED NOT NULL DEFAULT '1',
  `ytd` decimal(15,1) NOT NULL DEFAULT '0.0'
) ENGINE=InnoDB DEFAULT CHARSET=utf8 COLLATE=utf8_unicode_ci;

--
-- Dumping data for table `kpi_actuals`
--

INSERT INTO `kpi_actuals` (`id`, `deleted_at`, `created_at`, `updated_at`, `jan`, `feb`, `mar`, `apr`, `may`, `june`, `july`, `aug`, `sept`, `oct`, `nov`, `dec`, `actual_year`, `kpi_id`, `ytd`) VALUES
(1, NULL, '2019-01-18 08:35:26', '2019-01-19 01:21:16', '4.0', '4.0', '4.0', '4.0', '4.0', '4.0', '4.0', '4.0', '4.0', '4.0', '4.0', '4.0', 2017, 1, '0.0'),
(2, NULL, '2019-01-19 05:59:15', '2019-01-23 00:15:25', '4.0', '5.0', '5.0', '5.0', '5.0', '5.0', '5.0', '5.0', '5.0', '5.0', '5.0', '5.0', 2019, 1, '0.0'),
(14, NULL, '2019-01-23 00:29:45', '2019-01-23 00:29:45', '4.0', '5.0', '5.0', '5.0', '5.0', '5.0', '5.0', '5.0', '5.0', '5.0', '5.0', '5.0', 2018, 1, '0.0'),
(15, '2019-10-04 17:02:16', '2019-02-01 09:27:25', '2019-10-04 17:02:16', '11.0', '10.0', '9.0', '9.0', '12.0', '0.0', '3.0', '10.0', '10.0', '8.0', '9.0', '1.0', 2019, 19, '0.0'),
(16, NULL, '2019-02-01 13:37:24', '2019-02-16 09:07:48', '10.0', '6.0', '3.0', '7.0', '10.0', '10.0', '10.0', '4.0', '10.0', '9.0', '8.0', '10.0', 2019, 20, '0.0'),
(17, NULL, '2019-02-02 12:01:30', '2019-02-16 09:05:38', '3.0', '6.0', '4.0', '3.0', '1.0', '3.0', '1.0', '9.0', '7.0', '0.0', '5.0', '10.0', 2019, 21, '0.0'),
(18, NULL, '2019-02-02 12:31:49', '2019-02-02 13:45:17', '5.0', '7.0', NULL, NULL, NULL, '10.0', NULL, NULL, NULL, NULL, NULL, '10.0', 2019, 22, '0.0'),
(19, NULL, '2019-02-02 12:37:55', '2019-02-02 12:37:55', '0.0', NULL, NULL, NULL, '3.0', NULL, NULL, NULL, NULL, '0.0', NULL, '6.0', 2019, 23, '0.0'),
(20, NULL, '2019-02-02 13:14:43', '2019-02-05 15:37:15', '12.0', '6.0', '15.0', '0.0', '5.0', '20.0', '40.0', '15.0', NULL, '9.0', '20.0', '30.0', 2019, 15, '0.0'),
(21, NULL, '2019-02-08 05:40:31', '2019-02-08 06:11:10', '10.0', '1.0', '98.0', '2.0', '6.0', '8.0', '88.0', NULL, '7.0', NULL, NULL, NULL, 2019, 25, '0.0'),
(22, NULL, '2019-02-08 11:31:11', '2019-02-12 14:22:33', '2.0', NULL, NULL, NULL, NULL, '4.0', NULL, NULL, '2.0', NULL, NULL, NULL, 2019, 27, '0.0'),
(23, NULL, '2019-02-12 14:07:27', '2019-02-12 14:07:27', '2.0', NULL, NULL, NULL, '3.0', NULL, NULL, NULL, '3.0', '5.0', NULL, NULL, 2019, 24, '0.0'),
(24, NULL, '2019-02-15 10:32:04', '2019-02-15 10:32:04', '2.0', '7.0', NULL, NULL, '3.0', NULL, NULL, NULL, NULL, '5.0', NULL, NULL, 2019, 29, '0.0'),
(25, NULL, '2019-02-26 05:12:43', '2019-02-26 05:12:43', '5.0', '2.0', NULL, '8.0', '5.0', '5.0', '2.0', '3.0', NULL, '6.0', '1.0', '1.0', 2019, 28, '0.0'),
(26, NULL, '2019-05-06 06:04:17', '2019-10-01 15:08:55', '1.0', '3.0', '3.0', '4.0', '2.0', '7.0', '2.0', '4.0', '0.0', '9.0', '1.0', '3.0', 2019, 35, '3.0'),
(27, NULL, '2019-05-06 07:11:19', '2019-07-10 09:27:48', '1.0', NULL, NULL, NULL, NULL, '0.0', '0.0', NULL, '0.0', '0.0', NULL, NULL, 2019, 36, '1.0'),
(28, NULL, '2019-05-08 06:09:13', '2019-06-14 13:38:26', '23.0', '55.0', '95.0', '12.0', '51.0', '83.0', '4.0', '57.0', '43.0', '72.0', '190.0', '13.0', 2019, 43, '0.0'),
(29, NULL, '2019-05-08 06:10:27', '2019-06-14 14:04:00', '4.0', '6.0', '105.0', NULL, '8.0', NULL, '9.0', NULL, '4.0', NULL, '50.0', NULL, 2019, 41, '0.0'),
(30, NULL, '2019-05-08 06:10:37', '2019-05-08 07:22:50', '9.0', '6.0', NULL, NULL, '5.0', '6.0', '6.0', '9.0', '4.0', '4.0', '5.0', '8.0', 2019, 40, '0.0'),
(31, NULL, '2019-05-08 06:12:57', '2019-05-08 06:15:11', '10.0', '9.0', NULL, NULL, '7.0', '2.0', '5.0', NULL, '1.0', NULL, '1.0', NULL, 2019, 44, '0.0'),
(32, NULL, '2019-05-08 06:13:22', '2019-05-08 06:14:47', '10.0', '9.0', NULL, NULL, '7.0', '2.0', '5.0', NULL, '1.0', NULL, '1.0', NULL, 2019, 42, '0.0'),
(33, NULL, '2019-05-08 06:14:24', '2019-08-01 14:36:12', '1.0', '5.0', '6.0', '6.0', '7.0', '4.0', '6.0', '11.0', '7.0', '5.5', '3.0', '6.5', 2019, 38, '68.0'),
(34, NULL, '2019-05-18 04:17:22', '2019-06-14 12:51:35', NULL, '23.0', '100.0', '95.0', '2.0', '31.0', '41.0', '94.0', '0.0', '0.0', '20.0', '12.0', 2019, 45, '0.0'),
(35, NULL, '2019-06-07 16:23:43', '2019-09-30 05:37:44', '1.0', '0.0', '3.0', '0.0', '0.0', '0.0', '3.0', '0.0', '0.0', '1.0', '0.0', '0.0', 2019, 51, '8.0'),
(36, NULL, '2019-06-10 07:28:07', '2019-06-10 07:28:07', NULL, '4.0', '5.0', '2.0', '1.0', NULL, NULL, NULL, NULL, NULL, NULL, NULL, 2019, 50, '0.0'),
(42, NULL, '2019-06-24 05:31:05', '2019-08-01 14:28:52', '5.0', '4.0', '5.0', '5.0', '4.0', '4.0', '1.0', '3.0', '2.0', '2.0', '4.0', '3.0', 2019, 72, '42.0'),
(47, NULL, '2019-06-27 09:24:45', '2019-09-30 05:14:49', '2.0', '5.0', '3.0', '4.0', '1.0', '4.0', '1.0', '1.0', '8.0', '1.0', '5.0', '5.0', 2019, 76, '5.0'),
(48, NULL, '2019-06-27 13:09:02', '2019-08-01 14:29:47', '10.0', '9.0', '7.0', '8.5', '2.0', '3.3', '8.0', '10.0', '5.0', '5.0', '6.7', '3.9', 2019, 70, '6.5'),
(50, NULL, '2019-06-28 05:23:23', '2019-10-01 15:00:48', '2.0', '4.0', '1.0', '6.0', '2.0', '6.0', '12.0', '5.0', '7.0', '7.0', '4.0', '7.0', 2019, 63, '63.0'),
(51, NULL, '2019-06-28 05:27:06', '2019-06-28 05:27:06', '3.4', '5.6', '4.0', '6.0', '7.0', '1.0', '5.0', '7.0', '3.0', '5.0', '2.0', '6.0', 2015, 63, '0.0'),
(52, NULL, '2019-06-28 05:27:56', '2019-06-28 05:27:56', '4.0', '3.0', '5.0', '5.0', '3.0', '6.0', '5.0', '4.0', '8.0', '9.0', '3.0', '4.0', 2016, 63, '0.0'),
(53, NULL, '2019-06-28 05:28:48', '2019-06-28 05:28:48', '5.0', '6.0', '2.0', '5.0', '9.0', '6.0', '3.0', '5.0', '1.0', '5.0', '6.0', '4.0', 2017, 63, '0.0'),
(54, NULL, '2019-06-28 05:29:38', '2019-06-28 05:29:38', '6.0', '5.0', '4.0', '5.0', '3.0', '6.0', '4.0', '2.0', '4.0', '6.0', '7.0', '4.0', 2018, 63, '0.0'),
(58, NULL, '2019-07-01 13:04:48', '2019-12-03 07:26:14', '8.0', '5.0', '3.0', '4.0', '3.0', '4.0', '3.0', '4.0', '3.0', '3.0', '5.0', '4.0', 2019, 80, '49.0'),
(59, NULL, '2019-07-01 13:05:06', '2019-08-01 14:30:50', '8.0', '5.0', '6.5', '4.7', '3.0', '5.4', '3.0', '5.5', '6.8', '7.4', '5.0', '5.9', 2019, 62, '66.2'),
(60, NULL, '2019-07-01 13:05:23', '2019-10-01 15:02:32', '8.0', '5.0', '4.0', '4.0', '3.0', '3.0', '3.0', '3.0', '4.0', '2.0', '5.0', '2.0', 2019, 78, '46.0'),
(61, NULL, '2019-07-01 13:05:31', '2019-09-30 05:12:15', '5.0', '5.0', '5.0', '5.0', '7.0', '5.0', '3.0', '5.0', '7.0', '10.0', '5.0', '10.0', 2019, 75, '6.0'),
(62, NULL, '2019-07-01 13:06:00', '2019-09-30 05:38:03', '5.0', '5.0', '5.0', '5.0', '5.0', '5.0', '3.0', '5.0', '5.0', '5.0', '5.0', '5.0', 2019, 60, '4.8'),
(63, NULL, '2019-07-01 13:06:10', '2019-10-01 15:10:15', '8.0', '5.0', '4.0', '3.0', '3.0', NULL, '3.0', '3.0', '4.0', '5.0', '5.0', '6.0', 2019, 37, '4.1'),
(64, NULL, '2019-07-01 13:06:24', '2019-10-01 15:06:17', '8.0', '5.0', '12.0', '10.0', '3.0', '7.0', '3.0', '9.0', '8.0', '9.2', '5.0', '10.4', 2019, 39, '89.6'),
(65, NULL, '2019-07-01 13:06:42', '2019-08-01 14:34:44', '8.0', '5.0', '4.3', '3.5', '3.0', '6.0', '3.0', '5.0', '5.0', '4.0', '5.0', '6.0', 2019, 47, '57.8'),
(66, NULL, '2019-07-16 06:13:05', '2019-07-16 06:13:05', '5.0', '5.0', '5.0', '5.0', '5.0', '5.0', '5.0', '5.0', '5.0', '5.0', '5.0', '5.0', 2019, 71, '60.0'),
(67, NULL, '2019-07-20 02:16:58', '2019-07-20 02:16:58', '5.0', '6.0', '56.0', '6.0', '46.0', '1.0', '2.0', '5.0', '6.0', '7.0', '8.0', '9.0', 2019, 74, '13.1'),
(68, NULL, '2019-07-01 13:05:23', '2019-09-25 09:32:33', '8.0', '5.0', '4.0', '0.0', '3.0', '6.0', '3.0', '7.0', '0.0', '0.0', '5.0', '2.0', 2018, 70, '2.0'),
(69, NULL, '2019-07-01 13:04:48', '2019-08-01 14:25:40', '8.0', '5.0', '3.0', '4.0', '3.0', '4.0', '3.0', '4.0', '3.0', '3.0', '5.0', '5.0', 2018, 80, '50.0'),
(70, NULL, '2019-07-01 13:04:48', '2019-08-01 14:25:40', '8.0', '5.0', '3.0', '4.0', '3.0', '4.0', '3.0', '4.0', '3.0', '4.0', '5.0', '5.0', 2017, 80, '51.0'),
(71, NULL, '2019-07-01 13:04:48', '2019-08-01 14:25:40', '8.0', '5.0', '3.0', '4.0', '3.0', '4.0', '3.0', '4.0', '3.0', '5.0', '5.0', '5.0', 2016, 80, '52.0'),
(72, NULL, '2019-07-01 13:04:48', '2019-08-01 14:25:40', '8.0', '5.0', '3.0', '4.0', '3.0', '4.0', '3.0', '4.0', '5.0', '5.0', '5.0', '5.0', 2015, 80, '54.0'),
(73, NULL, '2019-06-27 09:24:45', '2019-08-01 14:28:12', '1.0', '1.0', '1.0', '1.0', '1.0', '1.0', '1.0', '1.0', '1.0', '5.0', '5.0', '5.0', 2018, 76, '25.0'),
(74, NULL, '2019-06-27 09:24:45', '2019-08-01 14:28:12', '1.0', '1.0', '1.0', '1.0', '1.0', '1.0', '1.0', '1.0', '5.0', '5.0', '5.0', '5.0', 2017, 76, '30.0'),
(75, NULL, '2019-06-27 09:24:45', '2019-08-01 14:28:12', '1.0', '1.0', '1.0', '1.0', '1.0', '1.0', '1.0', '5.0', '5.0', '5.0', '5.0', '5.0', 2016, 76, '35.0'),
(76, NULL, '2019-06-27 09:24:45', '2019-08-01 14:28:12', '1.0', '1.0', '1.0', '1.0', '1.0', '1.0', '5.0', '5.0', '5.0', '5.0', '5.0', '5.0', 2015, 76, '40.0'),
(77, NULL, '2019-07-01 13:05:31', '2019-07-01 13:05:31', '5.0', '5.0', '5.0', '5.0', '5.0', '5.0', '3.0', '5.0', '5.0', '5.0', '10.0', '10.0', 2018, 75, '70.0'),
(78, NULL, '2019-07-01 13:05:31', '2019-07-01 13:05:31', '5.0', '5.0', '5.0', '5.0', '5.0', '5.0', '3.0', '5.0', '5.0', '10.0', '10.0', '10.0', 2017, 75, '75.0'),
(79, NULL, '2019-07-01 13:05:31', '2019-07-01 13:05:31', '5.0', '5.0', '5.0', '5.0', '5.0', '5.0', '3.0', '5.0', '10.0', '10.0', '10.0', '10.0', 2016, 75, '80.0'),
(80, NULL, '2019-07-01 13:05:31', '2019-07-01 13:05:31', '5.0', '5.0', '5.0', '5.0', '5.0', '5.0', '3.0', '10.0', '10.0', '10.0', '10.0', '10.0', 2015, 75, '85.0'),
(81, NULL, '2019-07-16 06:13:05', '2019-07-16 06:13:05', '5.0', '5.0', '5.0', '5.0', '5.0', '5.0', '5.0', '5.0', '5.0', '5.0', '5.0', '11.0', 2018, 71, '66.0'),
(82, NULL, '2019-07-16 06:13:05', '2019-07-16 06:13:05', '5.0', '5.0', '5.0', '5.0', '5.0', '5.0', '5.0', '5.0', '5.0', '5.0', '10.0', '5.0', 2017, 71, '65.0'),
(83, NULL, '2019-07-16 06:13:05', '2019-07-16 06:13:05', '5.0', '5.0', '5.0', '5.0', '5.0', '5.0', '5.0', '5.0', '5.0', '10.0', '10.0', '5.0', 2016, 71, '70.0'),
(84, NULL, '2019-07-16 06:13:05', '2019-07-16 06:13:05', '5.0', '5.0', '5.0', '5.0', '5.0', '5.0', '5.0', '5.0', '5.0', '10.0', '10.0', '10.0', 2015, 71, '75.0'),
(85, NULL, '2019-09-25 09:36:55', '2019-10-01 15:03:05', '4.0', '8.0', '3.0', '3.0', '7.0', '5.0', '0.0', '2.0', '2.0', '2.0', '5.0', '7.0', 2019, 77, '48.0'),
(86, NULL, '2019-09-25 09:39:12', '2019-10-01 15:03:56', '4.0', '5.0', '6.0', '7.0', '8.0', '12.0', '10.0', '9.0', '3.0', '2.0', '12.0', '9.0', 2019, 73, '87.0'),
(87, NULL, '2019-09-25 09:39:34', '2019-10-04 16:50:34', '4.0', '5.0', '6.0', '7.0', '12.0', '9.0', '11.0', '9.0', '4.0', '2.0', '14.0', '15.0', 2019, 61, '15.0'),
(88, NULL, '2019-09-26 12:46:40', '2019-09-26 12:46:40', '0.0', '0.0', '0.0', '0.0', '0.0', '0.0', '0.0', '0.0', '0.0', '0.0', '0.0', '0.0', 0, 81, '0.0'),
(89, NULL, '2019-09-28 13:43:27', '2019-09-28 13:43:27', '0.0', '0.0', '0.0', '0.0', '0.0', '0.0', '0.0', '0.0', '0.0', '0.0', '0.0', '0.0', 0, 82, '0.0'),
(90, NULL, '2019-09-28 13:44:51', '2019-09-28 13:44:51', NULL, NULL, NULL, NULL, NULL, '3.0', NULL, NULL, '5.0', '6.0', '7.0', '9.0', 2019, 82, '2.5'),
(91, NULL, '2019-09-28 13:45:35', '2019-09-28 13:45:35', '3.0', '3.0', NULL, NULL, '3.0', NULL, NULL, NULL, NULL, NULL, '23.0', NULL, 2019, 81, '32.0'),
(92, NULL, '2019-09-28 14:00:53', '2019-09-28 14:00:53', '0.0', '0.0', '0.0', '0.0', '0.0', '0.0', '0.0', '0.0', '0.0', '0.0', '0.0', '0.0', 0, 83, '0.0'),
(93, NULL, '2019-09-30 07:19:40', '2019-09-30 07:19:40', '0.0', '0.0', '0.0', '0.0', '0.0', '0.0', '0.0', '0.0', '0.0', '0.0', '0.0', '0.0', 0, 84, '0.0'),
(94, '2019-10-04 17:02:07', '2019-09-30 07:20:10', '2019-10-04 17:02:07', '0.0', '0.0', '0.0', '0.0', '0.0', '0.0', '0.0', '0.0', '0.0', '0.0', '0.0', '0.0', 0, 85, '0.0'),
(95, NULL, '2019-09-30 07:20:41', '2019-09-30 07:20:41', '6.0', NULL, NULL, NULL, NULL, '2.0', '0.0', NULL, NULL, NULL, NULL, NULL, 2019, 84, '0.7'),
(96, NULL, '2019-09-30 07:21:08', '2019-09-30 07:21:08', '6.0', NULL, NULL, NULL, NULL, '2.0', '0.0', NULL, NULL, NULL, NULL, NULL, 2019, 85, '0.7'),
(97, NULL, '2019-10-03 13:22:20', '2019-10-03 13:22:20', '0.0', '0.0', '0.0', '0.0', '0.0', '0.0', '0.0', '0.0', '0.0', '0.0', '0.0', '0.0', 0, 86, '0.0'),
(98, NULL, '2019-10-03 13:30:40', '2019-10-03 13:30:40', '0.0', '0.0', '0.0', '0.0', '0.0', '0.0', '0.0', '0.0', '0.0', '0.0', '0.0', '0.0', 0, 87, '0.0'),
(99, NULL, '2019-10-03 13:34:19', '2019-10-03 13:34:19', '0.0', '0.0', '0.0', '0.0', '0.0', '0.0', '0.0', '0.0', '0.0', '0.0', '0.0', '0.0', 0, 88, '0.0'),
(100, NULL, '2019-10-03 13:36:09', '2019-10-03 13:36:09', '0.0', '0.0', '0.0', '0.0', '0.0', '0.0', '0.0', '0.0', '0.0', '0.0', '0.0', '0.0', 0, 89, '0.0'),
(101, NULL, '2019-10-03 13:38:44', '2019-10-03 13:38:44', '0.0', '0.0', '0.0', '0.0', '0.0', '0.0', '0.0', '0.0', '0.0', '0.0', '0.0', '0.0', 0, 90, '0.0'),
(102, NULL, '2019-10-03 13:40:10', '2019-10-03 13:40:10', '0.0', '0.0', '0.0', '0.0', '0.0', '0.0', '0.0', '0.0', '0.0', '0.0', '0.0', '0.0', 0, 91, '0.0'),
(103, NULL, '2019-10-03 13:41:32', '2019-10-03 13:41:32', '0.0', '0.0', '0.0', '0.0', '0.0', '0.0', '0.0', '0.0', '0.0', '0.0', '0.0', '0.0', 0, 92, '0.0'),
(104, NULL, '2019-10-03 13:42:48', '2019-10-03 13:42:48', '0.0', '0.0', '0.0', '0.0', '0.0', '0.0', '0.0', '0.0', '0.0', '0.0', '0.0', '0.0', 0, 93, '0.0'),
(105, NULL, '2019-10-03 13:46:41', '2019-10-03 13:46:41', '0.0', '0.0', '0.0', '0.0', '0.0', '0.0', '0.0', '0.0', '0.0', '0.0', '0.0', '0.0', 0, 94, '0.0'),
(106, NULL, '2019-10-03 13:46:53', '2019-10-03 13:46:53', '0.0', '0.0', '0.0', '0.0', '0.0', '0.0', '0.0', '0.0', '0.0', '0.0', '0.0', '0.0', 0, 95, '0.0'),
(107, NULL, '2019-10-04 11:16:04', '2019-10-04 11:16:04', '0.0', '0.0', '0.0', '0.0', '0.0', '0.0', '0.0', '0.0', '0.0', '0.0', '0.0', '0.0', 0, 96, '0.0'),
(108, NULL, '2019-10-19 14:57:17', '2019-10-19 14:57:17', '0.0', '0.0', '0.0', '0.0', '0.0', '0.0', '0.0', '0.0', '0.0', '0.0', '0.0', '0.0', 0, 97, '0.0'),
(109, NULL, '2019-10-19 14:59:18', '2019-10-19 14:59:18', '4.0', '5.0', '3.0', '2.5', '5.0', '3.5', '3.0', '4.0', '6.0', '4.0', '4.2', '4.0', 2019, 97, '4.0'),
(110, NULL, '2019-10-22 13:02:46', '2019-10-22 13:02:46', '0.0', '0.0', '0.0', '0.0', '0.0', '0.0', '0.0', '0.0', '0.0', '0.0', '0.0', '0.0', 0, 98, '0.0'),
(111, NULL, '2019-10-22 13:17:05', '2019-10-22 13:17:05', '0.0', '0.0', '0.0', '0.0', '0.0', '0.0', '0.0', '0.0', '0.0', '0.0', '0.0', '0.0', 0, 99, '0.0'),
(112, NULL, '2019-10-22 18:12:48', '2019-10-22 18:12:48', '0.0', '1.0', '2.0', '0.0', '1.0', '1.0', '1.0', '0.0', '2.0', '0.0', '1.0', '1.0', 2019, 98, '10.0'),
(113, NULL, '2019-11-08 07:20:10', '2019-11-08 07:20:10', '0.0', '0.0', '0.0', '0.0', '0.0', '0.0', '0.0', '0.0', '0.0', '0.0', '0.0', '0.0', 0, 100, '0.0'),
(114, NULL, '2019-11-21 05:57:53', '2019-11-21 05:57:53', '0.0', '0.0', '0.0', '0.0', '0.0', '0.0', '0.0', '0.0', '0.0', '0.0', '0.0', '0.0', 0, 101, '0.0'),
(115, NULL, '2019-11-23 14:27:06', '2019-11-23 14:27:06', NULL, NULL, NULL, NULL, NULL, NULL, NULL, NULL, NULL, NULL, NULL, NULL, 0, 1, '0.0'),
(116, NULL, '2019-11-27 03:43:54', '2019-11-27 03:43:54', NULL, NULL, NULL, NULL, NULL, NULL, NULL, NULL, NULL, NULL, NULL, NULL, 0, 1, '0.0'),
(117, NULL, '2019-11-27 03:44:56', '2019-11-27 03:44:56', NULL, NULL, NULL, NULL, NULL, NULL, NULL, NULL, NULL, NULL, NULL, NULL, 0, 1, '0.0'),
(118, NULL, '2019-11-27 03:46:16', '2019-11-27 03:46:16', NULL, NULL, NULL, NULL, NULL, NULL, NULL, NULL, NULL, NULL, NULL, NULL, 0, 1, '0.0'),
(119, NULL, '2019-11-27 03:47:41', '2019-11-27 03:47:41', NULL, NULL, NULL, NULL, NULL, NULL, NULL, NULL, NULL, NULL, NULL, NULL, 0, 1, '0.0'),
(120, NULL, '2019-11-27 03:50:48', '2019-11-27 03:50:48', NULL, NULL, NULL, NULL, NULL, NULL, NULL, NULL, NULL, NULL, NULL, NULL, 0, 1, '0.0'),
(121, NULL, '2019-11-27 03:51:01', '2019-11-27 03:51:01', NULL, NULL, NULL, NULL, NULL, NULL, NULL, NULL, NULL, NULL, NULL, NULL, 0, 1, '0.0'),
(122, NULL, '2019-11-27 03:57:30', '2019-11-27 03:57:30', NULL, NULL, NULL, NULL, NULL, NULL, NULL, NULL, NULL, NULL, NULL, NULL, 0, 1, '0.0'),
(123, NULL, '2019-11-27 03:59:06', '2019-11-27 03:59:06', NULL, NULL, NULL, NULL, NULL, NULL, NULL, NULL, NULL, NULL, NULL, NULL, 0, 1, '0.0'),
(124, NULL, '2019-11-27 03:59:34', '2019-11-27 03:59:34', NULL, NULL, NULL, NULL, NULL, NULL, NULL, NULL, NULL, NULL, NULL, NULL, 0, 1, '0.0'),
(125, NULL, '2019-11-27 04:00:42', '2019-11-27 04:00:42', NULL, NULL, NULL, NULL, NULL, NULL, NULL, NULL, NULL, NULL, NULL, NULL, 0, 1, '0.0'),
(126, NULL, '2019-11-27 04:00:47', '2019-11-27 04:00:47', NULL, NULL, NULL, NULL, NULL, NULL, NULL, NULL, NULL, NULL, NULL, NULL, 0, 1, '0.0'),
(127, NULL, '2019-11-27 04:01:09', '2019-11-27 04:01:09', NULL, NULL, NULL, NULL, NULL, NULL, NULL, NULL, NULL, NULL, NULL, NULL, 0, 1, '0.0'),
(128, NULL, '2019-11-27 04:04:54', '2019-11-27 04:04:54', NULL, NULL, NULL, NULL, NULL, NULL, NULL, NULL, NULL, NULL, NULL, NULL, 0, 1, '0.0'),
(129, NULL, '2019-11-27 04:06:10', '2019-11-27 04:06:10', NULL, NULL, NULL, NULL, NULL, NULL, NULL, NULL, NULL, NULL, NULL, NULL, 0, 1, '0.0'),
(130, NULL, '2019-11-27 04:07:10', '2019-11-27 04:07:10', NULL, NULL, NULL, NULL, NULL, NULL, NULL, NULL, NULL, NULL, NULL, NULL, 0, 1, '0.0'),
(131, NULL, '2019-11-27 04:07:25', '2019-11-27 04:07:25', NULL, NULL, NULL, NULL, NULL, NULL, NULL, NULL, NULL, NULL, NULL, NULL, 0, 1, '0.0'),
(132, NULL, '2019-11-27 04:07:37', '2019-11-27 04:07:37', NULL, NULL, NULL, NULL, NULL, NULL, NULL, NULL, NULL, NULL, NULL, NULL, 0, 1, '0.0'),
(133, NULL, '2019-11-27 04:08:12', '2019-11-27 04:08:12', NULL, NULL, NULL, NULL, NULL, NULL, NULL, NULL, NULL, NULL, NULL, NULL, 0, 1, '0.0'),
(134, NULL, '2019-11-27 04:08:45', '2019-11-27 04:08:45', NULL, NULL, NULL, NULL, NULL, NULL, NULL, NULL, NULL, NULL, NULL, NULL, 0, 1, '0.0'),
(135, NULL, '2019-11-27 04:09:18', '2019-11-27 04:09:18', NULL, NULL, NULL, NULL, NULL, NULL, NULL, NULL, NULL, NULL, NULL, NULL, 0, 1, '0.0'),
(136, NULL, '2019-11-27 04:09:32', '2019-11-27 04:09:32', NULL, NULL, NULL, NULL, NULL, NULL, NULL, NULL, NULL, NULL, NULL, NULL, 0, 1, '0.0'),
(137, NULL, '2019-11-27 04:13:57', '2019-11-27 04:13:57', NULL, NULL, NULL, NULL, NULL, NULL, NULL, NULL, NULL, NULL, NULL, NULL, 0, 1, '0.0'),
(138, NULL, '2019-11-27 04:14:45', '2019-11-27 04:14:45', NULL, NULL, NULL, NULL, NULL, NULL, NULL, NULL, NULL, NULL, NULL, NULL, 0, 1, '0.0'),
(139, NULL, '2019-11-27 04:26:08', '2019-11-27 04:26:08', NULL, NULL, NULL, NULL, NULL, NULL, NULL, NULL, NULL, NULL, NULL, NULL, 0, 1, '0.0'),
(140, NULL, '2019-11-29 07:34:24', '2019-11-29 07:34:24', '0.0', '0.0', '0.0', '0.0', '0.0', '0.0', '0.0', '0.0', '0.0', '0.0', '0.0', '0.0', 0, 127, '0.0'),
(141, NULL, NULL, NULL, NULL, NULL, NULL, '4.0', NULL, NULL, '3.0', '4.0', NULL, NULL, NULL, NULL, 2019, 127, '0.9');

-- --------------------------------------------------------

--
-- Table structure for table `kpi_comments`
--

CREATE TABLE `kpi_comments` (
  `id` int(10) UNSIGNED NOT NULL,
  `deleted_at` timestamp NULL DEFAULT NULL,
  `created_at` timestamp NULL DEFAULT NULL,
  `updated_at` timestamp NULL DEFAULT NULL,
  `kpi_id` int(10) UNSIGNED NOT NULL,
  `year` int(10) UNSIGNED NOT NULL,
  `month` varchar(20) COLLATE utf8_unicode_ci NOT NULL,
  `comment` text COLLATE utf8_unicode_ci NOT NULL,
  `recovery_plan` text COLLATE utf8_unicode_ci NOT NULL,
  `responsibility` text COLLATE utf8_unicode_ci NOT NULL,
  `target_date` date DEFAULT NULL,
  `status` varchar(20) COLLATE utf8_unicode_ci NOT NULL
) ENGINE=InnoDB DEFAULT CHARSET=utf8 COLLATE=utf8_unicode_ci;

--
-- Dumping data for table `kpi_comments`
--

INSERT INTO `kpi_comments` (`id`, `deleted_at`, `created_at`, `updated_at`, `kpi_id`, `year`, `month`, `comment`, `recovery_plan`, `responsibility`, `target_date`, `status`) VALUES
(1, NULL, NULL, NULL, 80, 2019, 'jan', 'test', 'test', '3', '2019-12-17', 'yellow'),
(2, NULL, NULL, NULL, 80, 2019, 'feb', 'test', 'test', '3', '2019-12-18', 'yellow'),
(3, NULL, NULL, NULL, 80, 2019, 'mar', 'test', 'test', '3', '2019-12-10', 'green'),
(4, NULL, NULL, NULL, 80, 2019, 'apr', 'test', 'test', '3', '2019-12-10', 'green'),
(5, NULL, NULL, NULL, 80, 2019, 'may', 'test', 'test', '3', '2019-12-17', 'red'),
(6, NULL, NULL, NULL, 80, 2019, 'june', 'test', 'test', '3', '2019-12-12', 'red'),
(7, NULL, NULL, NULL, 80, 2019, 'july', '', '', '', NULL, ''),
(8, NULL, NULL, NULL, 80, 2019, 'aug', '', '', '', NULL, ''),
(9, NULL, NULL, NULL, 80, 2019, 'sept', '', '', '', NULL, ''),
(10, NULL, NULL, NULL, 80, 2019, 'oct', '', '', '', NULL, ''),
(11, NULL, NULL, NULL, 80, 2019, 'nov', '', '', '', NULL, ''),
(12, NULL, NULL, NULL, 80, 2019, 'dec', '', '', '', NULL, ''),
(13, NULL, NULL, NULL, 80, 2019, 'jan', '', '', '', NULL, ''),
(14, NULL, NULL, NULL, 80, 2019, 'feb', '', '', '', NULL, ''),
(15, NULL, NULL, NULL, 80, 2019, 'mar', '', '', '', NULL, ''),
(16, NULL, NULL, NULL, 80, 2019, 'apr', '', '', '', NULL, ''),
(17, NULL, NULL, NULL, 80, 2019, 'may', '', '', '', NULL, ''),
(18, NULL, NULL, NULL, 80, 2019, 'june', '', '', '', NULL, ''),
(19, NULL, NULL, NULL, 80, 2019, 'july', '', '', '', NULL, ''),
(20, NULL, NULL, NULL, 80, 2019, 'aug', '', '', '', NULL, ''),
(21, NULL, NULL, NULL, 80, 2019, 'sept', '', '', '', NULL, ''),
(22, NULL, NULL, NULL, 80, 2019, 'oct', '', '', '', NULL, ''),
(23, NULL, NULL, NULL, 80, 2019, 'nov', '', '', '', NULL, ''),
(24, NULL, NULL, NULL, 80, 2019, 'dec', '', '', '', NULL, ''),
(25, NULL, NULL, NULL, 98, 2019, 'jan', '', '', '', NULL, ''),
(26, NULL, NULL, NULL, 98, 2019, 'feb', '', '', '', NULL, ''),
(27, NULL, NULL, NULL, 98, 2019, 'mar', '', '', '', NULL, ''),
(28, NULL, NULL, NULL, 98, 2019, 'apr', '', '', '', NULL, ''),
(29, NULL, NULL, NULL, 98, 2019, 'may', '', '', '', NULL, ''),
(30, NULL, NULL, NULL, 98, 2019, 'june', '', '', '', NULL, ''),
(31, NULL, NULL, NULL, 98, 2019, 'july', '', '', '', NULL, ''),
(32, NULL, NULL, NULL, 98, 2019, 'aug', '', '', '', NULL, ''),
(33, NULL, NULL, NULL, 98, 2019, 'sept', '', '', '', NULL, ''),
(34, NULL, NULL, NULL, 98, 2019, 'oct', '', '', '', NULL, ''),
(35, NULL, NULL, NULL, 98, 2019, 'nov', '', '', '', NULL, ''),
(36, NULL, NULL, NULL, 98, 2019, 'dec', '', '', '', NULL, '');

-- --------------------------------------------------------

--
-- Table structure for table `kpi_dashes`
--

CREATE TABLE `kpi_dashes` (
  `id` int(10) UNSIGNED NOT NULL,
  `deleted_at` timestamp NULL DEFAULT NULL,
  `created_at` timestamp NULL DEFAULT NULL,
  `updated_at` timestamp NULL DEFAULT NULL,
  `permission` int(10) UNSIGNED NOT NULL
) ENGINE=InnoDB DEFAULT CHARSET=utf8 COLLATE=utf8_unicode_ci;

-- --------------------------------------------------------

--
-- Table structure for table `kpi_datas`
--

CREATE TABLE `kpi_datas` (
  `id` int(10) UNSIGNED NOT NULL,
  `deleted_at` timestamp NULL DEFAULT NULL,
  `created_at` timestamp NULL DEFAULT NULL,
  `updated_at` timestamp NULL DEFAULT NULL,
  `permission` int(10) UNSIGNED NOT NULL
) ENGINE=InnoDB DEFAULT CHARSET=utf8 COLLATE=utf8_unicode_ci;

-- --------------------------------------------------------

--
-- Table structure for table `kpi_performance_dashes`
--

CREATE TABLE `kpi_performance_dashes` (
  `id` int(10) UNSIGNED NOT NULL,
  `deleted_at` timestamp NULL DEFAULT NULL,
  `created_at` timestamp NULL DEFAULT NULL,
  `updated_at` timestamp NULL DEFAULT NULL,
  `name` varchar(256) COLLATE utf8_unicode_ci NOT NULL DEFAULT '',
  `slug` varchar(255) COLLATE utf8_unicode_ci NOT NULL
) ENGINE=InnoDB DEFAULT CHARSET=utf8 COLLATE=utf8_unicode_ci;

--
-- Dumping data for table `kpi_performance_dashes`
--

INSERT INTO `kpi_performance_dashes` (`id`, `deleted_at`, `created_at`, `updated_at`, `name`, `slug`) VALUES
(1, NULL, '2019-07-12 01:31:06', '2019-07-12 01:31:06', 'select Category', ''),
(2, NULL, '2019-07-12 01:31:57', '2019-07-17 01:23:01', 'Customer1', 'Customer'),
(3, NULL, '2019-07-12 01:32:09', '2019-07-17 01:23:07', 'Customer2', 'Customer'),
(4, NULL, '2019-07-12 01:32:15', '2019-07-17 01:23:10', 'Customer3', 'Customer'),
(5, NULL, '2019-07-12 01:32:24', '2019-07-17 01:23:16', 'Customer4', 'Customer'),
(6, NULL, '2019-07-12 01:34:30', '2019-07-17 01:23:23', 'Company1', 'Company'),
(7, NULL, '2019-07-12 01:34:37', '2019-07-17 01:23:29', 'Company2', 'Company'),
(8, NULL, '2019-07-12 01:34:43', '2019-07-17 01:23:34', 'Company3', 'Company'),
(9, NULL, '2019-07-12 01:34:50', '2019-07-17 01:23:40', 'Company4', 'Company'),
(10, NULL, '2019-07-12 01:34:59', '2019-07-17 01:23:46', 'Company5', 'Company'),
(11, NULL, '2019-07-12 01:35:07', '2019-07-17 01:23:56', 'Company6', 'Company'),
(12, NULL, '2019-07-12 01:35:20', '2019-07-17 01:24:04', 'Company7', 'Company'),
(13, NULL, '2019-07-12 01:35:26', '2019-07-17 01:24:12', 'Company8', 'Company'),
(14, NULL, '2019-07-12 01:36:22', '2019-07-17 01:24:21', 'Employee1', 'Employee'),
(15, NULL, '2019-07-12 01:36:28', '2019-07-17 01:24:28', 'Employee2', 'Employee'),
(16, NULL, '2019-07-12 01:36:37', '2019-07-17 01:24:37', 'Employee3', 'Employee'),
(17, NULL, '2019-07-12 01:36:46', '2019-07-17 01:24:45', 'Employee4', 'Employee');

-- --------------------------------------------------------

--
-- Table structure for table `kpi_targets`
--

CREATE TABLE `kpi_targets` (
  `id` int(10) UNSIGNED NOT NULL,
  `deleted_at` timestamp NULL DEFAULT NULL,
  `created_at` timestamp NULL DEFAULT NULL,
  `updated_at` timestamp NULL DEFAULT NULL,
  `kpi_id` int(10) UNSIGNED NOT NULL DEFAULT '1',
  `jan` decimal(15,1) UNSIGNED DEFAULT NULL,
  `feb` decimal(15,1) UNSIGNED DEFAULT NULL,
  `mar` decimal(15,1) UNSIGNED DEFAULT NULL,
  `apr` decimal(15,1) UNSIGNED DEFAULT NULL,
  `may` decimal(15,1) UNSIGNED DEFAULT NULL,
  `june` decimal(15,1) UNSIGNED DEFAULT NULL,
  `july` decimal(15,1) UNSIGNED DEFAULT NULL,
  `aug` decimal(15,1) UNSIGNED DEFAULT NULL,
  `sept` decimal(15,1) UNSIGNED DEFAULT NULL,
  `oct` decimal(15,1) UNSIGNED DEFAULT NULL,
  `nov` decimal(15,1) UNSIGNED DEFAULT NULL,
  `dec` decimal(15,1) UNSIGNED DEFAULT NULL,
  `target_year` int(10) UNSIGNED NOT NULL,
  `target_condition` varchar(255) COLLATE utf8_unicode_ci NOT NULL,
  `ytd` decimal(15,1) NOT NULL DEFAULT '0.0'
) ENGINE=InnoDB DEFAULT CHARSET=utf8 COLLATE=utf8_unicode_ci;

--
-- Dumping data for table `kpi_targets`
--

INSERT INTO `kpi_targets` (`id`, `deleted_at`, `created_at`, `updated_at`, `kpi_id`, `jan`, `feb`, `mar`, `apr`, `may`, `june`, `july`, `aug`, `sept`, `oct`, `nov`, `dec`, `target_year`, `target_condition`, `ytd`) VALUES
(1, NULL, '2017-03-31 18:30:00', '2019-10-04 16:47:51', 35, '5.0', '5.0', '4.0', '4.0', '4.0', '4.0', '4.0', '4.0', '4.0', '4.0', '4.0', '4.0', 2017, 'average', '0.0'),
(2, NULL, '2018-03-31 18:30:00', '2019-10-04 16:49:44', 60, '4.0', '4.0', '4.0', '4.0', '4.0', '4.0', '4.0', '4.0', '4.0', '4.0', '4.0', '4.0', 2018, 'sum_up_all', '0.0'),
(3, NULL, '2019-01-18 05:57:32', '2019-01-22 11:49:27', 1, '2.0', '2.0', '3.0', '3.0', '4.0', '4.0', '5.0', '5.0', '2.0', '2.0', '2.0', '2.0', 2019, '', '0.0'),
(4, NULL, '2019-01-19 06:41:00', '2019-01-21 01:51:17', 7, '4.0', '5.0', '5.0', '5.0', '5.0', '5.0', '5.0', '5.0', '5.0', '5.0', '5.0', '5.0', 2015, '', '0.0'),
(5, NULL, '2019-01-22 13:05:46', '2019-01-22 13:05:46', 16, '2.0', '3.0', '0.0', '0.0', '0.0', '0.0', '0.0', '0.0', '0.0', '0.0', '0.0', '0.0', 2019, '', '0.0'),
(6, NULL, '2019-02-01 09:29:43', '2019-02-01 09:29:43', 19, '10.0', '12.0', '12.0', '11.0', '10.0', '14.0', '20.0', '23.0', '10.0', '11.0', '11.0', '12.0', 2019, '', '0.0'),
(7, NULL, '2019-02-01 13:36:31', '2019-02-01 13:36:31', 20, '12.0', '23.0', '10.0', '14.0', '12.0', '13.0', '25.0', '14.0', '15.0', '15.0', '16.0', '18.0', 2018, '', '0.0'),
(8, NULL, '2019-02-02 06:39:31', '2019-02-02 06:40:25', 21, '3.0', '3.0', '3.0', '10.0', '5.0', '5.0', '6.0', '7.0', '5.0', '6.0', '6.0', '7.0', 2018, '', '0.0'),
(9, NULL, '2019-02-02 12:06:18', '2019-02-02 13:45:55', 22, '3.0', '3.0', '8.0', '9.0', '4.0', '6.0', '10.0', '12.0', '6.0', '5.0', '13.0', '16.0', 2019, '', '0.0'),
(10, NULL, '2019-02-02 12:10:10', '2019-09-25 09:28:46', 35, '2.0', '0.0', '0.0', '3.0', '4.0', '5.0', '7.0', '2.0', '12.0', '6.0', '4.0', '3.0', 2018, 'sum_up_all', '0.0'),
(11, NULL, '2019-02-02 12:16:07', '2019-09-25 09:28:16', 35, '2.0', '0.0', '0.0', '1.0', '0.0', '2.0', '0.0', '4.0', '0.0', '5.0', '6.0', '1.0', 2017, 'sum_up_all', '0.0'),
(12, NULL, '2019-02-02 12:36:58', '2019-10-01 15:09:15', 35, '3.0', '0.0', '0.0', '0.0', '0.0', '0.0', '5.0', '0.0', '4.0', '4.0', '0.0', '3.0', 2019, 'sum_up_all', '3.0'),
(13, NULL, '2019-02-02 13:14:06', '2019-02-03 11:05:16', 15, '10.0', '10.0', '10.0', '10.0', '10.0', '10.0', '10.0', '10.0', '10.0', '10.0', '10.0', '10.0', 2019, '', '0.0'),
(14, NULL, '2019-02-05 06:59:17', '2019-02-05 06:59:17', 18, '6.0', '8.0', '9.0', NULL, NULL, NULL, NULL, NULL, '6.0', '10.0', NULL, NULL, 2019, '', '0.0'),
(15, NULL, '2019-02-07 12:08:10', '2019-02-07 12:08:10', 25, '3.0', '4.0', NULL, NULL, '2.0', NULL, '7.0', NULL, '3.0', '8.0', NULL, NULL, 2019, '', '0.0'),
(16, NULL, '2019-02-08 11:30:25', '2019-02-26 05:04:27', 27, '2.0', NULL, NULL, NULL, NULL, '4.0', NULL, NULL, '2.0', NULL, NULL, NULL, 2019, '', '0.0'),
(17, NULL, '2019-02-12 14:07:05', '2019-02-12 14:07:05', 24, '2.0', NULL, NULL, NULL, NULL, NULL, NULL, NULL, NULL, '2.0', NULL, NULL, 2019, '', '0.0'),
(18, NULL, '2019-02-15 10:31:26', '2019-02-15 10:31:26', 29, '3.0', '5.0', NULL, NULL, NULL, NULL, NULL, NULL, '5.0', NULL, NULL, NULL, 2019, '', '0.0'),
(19, NULL, '2019-02-16 09:03:32', '2019-02-16 09:07:34', 20, '2.0', '9.0', '1.0', '1.0', '1.0', '2.0', '1.0', '1.0', '3.0', '3.0', '1.0', '1.0', 2019, '', '0.0'),
(20, NULL, '2019-02-16 09:03:44', '2019-02-16 09:03:44', 21, '2.0', '9.0', NULL, NULL, NULL, NULL, NULL, NULL, '3.0', NULL, NULL, NULL, 2019, '', '0.0'),
(21, '2019-10-04 17:00:55', '2019-02-26 05:12:01', '2019-10-04 17:00:55', 28, '8.0', '11.0', NULL, NULL, '2.0', '2.0', '12.0', NULL, '2.0', '6.0', NULL, NULL, 2019, '', '0.0'),
(23, NULL, '2019-05-06 07:11:09', '2019-05-06 07:11:09', 36, '2.0', NULL, NULL, NULL, NULL, '2.0', '5.0', NULL, '2.0', NULL, NULL, NULL, 2019, '', '11.0'),
(24, NULL, '2019-05-08 06:03:31', '2019-06-22 09:38:53', 43, '45.0', '23.0', '100.0', '30.0', '43.0', NULL, '80.0', NULL, '21.0', '70.0', '200.0', NULL, 2019, 'sum_up_all', '0.0'),
(25, NULL, '2019-05-08 06:03:53', '2019-06-14 14:04:09', 41, '5.0', '6.0', '100.0', '9.0', '4.0', NULL, '4.0', NULL, '0.0', '2.0', '46.0', NULL, 2019, '', '0.0'),
(26, NULL, '2019-05-08 06:06:44', '2019-05-08 06:06:44', 42, '12.0', '10.0', '5.0', '11.0', '8.0', '4.0', '3.0', '13.0', '7.0', '9.0', '10.0', '7.0', 2019, '', '0.0'),
(27, NULL, '2019-05-08 06:06:52', '2019-05-08 06:06:52', 38, '12.0', '10.0', '5.0', '11.0', '8.0', '4.0', '3.0', '13.0', '7.0', '9.0', '10.0', '7.0', 2019, '', '99.0'),
(28, NULL, '2019-05-08 06:07:01', '2019-05-08 06:07:01', 44, '12.0', '10.0', '5.0', '11.0', '8.0', '4.0', '3.0', '13.0', '7.0', '9.0', '10.0', '7.0', 2019, '', '0.0'),
(29, NULL, '2019-05-08 06:07:25', '2019-05-08 06:07:25', 37, '10.0', '11.0', '5.0', '12.0', '8.0', '2.0', '3.0', '10.0', '7.0', '8.0', '10.0', '7.0', 2019, '', '7.8'),
(30, NULL, '2019-05-08 06:07:50', '2019-05-08 06:07:50', 40, '10.0', '9.0', '7.0', '12.0', '7.0', '8.0', '4.0', '11.0', '4.0', '8.0', '11.0', '13.0', 2019, '', '0.0'),
(31, NULL, '2019-05-08 06:08:06', '2019-05-08 06:08:06', 39, '10.0', '9.0', '7.0', '12.0', '7.0', '8.0', '4.0', '11.0', '4.0', '8.0', '11.0', '13.0', 2019, '', '104.0'),
(32, NULL, '2019-05-08 09:05:50', '2019-06-14 12:49:11', 45, NULL, '20.0', '120.0', '100.0', '9.0', '33.0', NULL, '100.0', NULL, '13.0', '7.0', NULL, 2019, '', '0.0'),
(33, NULL, '2019-06-07 16:20:52', '2019-06-07 16:20:52', 50, '0.0', '1.0', '0.0', '0.0', '1.0', '0.0', '0.0', '1.0', '0.0', '0.0', '0.0', '1.0', 2019, '', '0.0'),
(34, NULL, '2019-06-07 16:23:15', '2019-09-30 05:16:59', 51, '3.0', '1.0', '1.0', '0.0', '6.0', '0.0', '3.0', '0.0', '3.0', '5.0', '0.0', '0.0', 2019, 'sum_up_all', '22.0'),
(35, NULL, '2019-06-16 08:46:59', '2019-09-30 05:39:54', 61, '15.0', '15.0', '15.0', '15.0', '15.0', '5.0', '15.0', '15.0', '15.0', '10.0', '15.0', '15.0', 2019, '', '15.0'),
(36, NULL, '2019-06-16 09:10:59', '2019-09-30 05:16:08', 60, '5.0', '5.0', '6.0', '3.0', '4.0', '4.0', '4.0', '1.0', '5.0', '3.0', '6.0', '1.0', 2019, 'sum_up_all', '3.9'),
(37, NULL, '2019-06-22 09:16:21', '2019-06-22 09:16:21', 68, '4.0', NULL, '34.0', '54.0', '23.0', NULL, NULL, NULL, NULL, '65.0', '67.0', '78.0', 2019, 'average', '0.0'),
(38, NULL, '2019-06-22 09:57:34', '2019-06-22 09:57:34', 69, '324.0', NULL, '6.0', NULL, NULL, '324.0', '44.0', '66.0', '6.0', '3.0', NULL, NULL, 2019, 'average', '0.0'),
(39, NULL, '2019-06-22 16:48:41', '2019-07-20 05:21:56', 70, '10.0', '10.0', '10.0', '10.0', '10.0', '10.0', '10.0', '10.0', '10.0', '10.0', '10.0', '10.0', 2019, 'average', '10.0'),
(40, NULL, '2019-06-22 16:53:53', '2019-09-30 05:15:26', 71, '4.0', '1.0', '3.0', '8.0', '1.0', '6.0', '7.0', '4.0', '5.0', '1.0', '1.0', '1.0', 2019, 'sum_up_all', '1.0'),
(41, NULL, '2019-06-22 17:35:02', '2019-10-04 16:32:18', 72, '2.0', '2.0', '2.0', '2.0', '2.0', '2.0', '2.0', '2.0', '2.0', '2.0', '2.0', '2.0', 2019, 'average', '24.0'),
(42, NULL, '2019-06-24 14:40:10', '2019-06-24 14:40:10', 73, '10.0', '10.0', '10.0', '10.0', '10.0', '10.0', '10.0', '10.0', '10.0', '10.0', '10.0', '10.0', 2019, 'average', '120.0'),
(43, NULL, '2019-06-24 14:50:21', '2019-06-24 14:50:21', 74, '5.0', '5.0', '5.0', '10.0', '20.0', '15.0', '10.0', '12.0', '15.0', '15.0', '10.0', '15.0', 2019, 'sum_up_all', '11.4'),
(44, NULL, '2019-06-24 16:52:40', '2019-09-30 05:38:37', 75, '7.0', '7.0', '7.0', '7.0', '7.0', '7.0', '7.0', '7.0', '7.0', '7.0', '7.0', '7.0', 2019, 'average', '7.0'),
(45, NULL, '2019-06-24 16:56:30', '2019-08-01 14:27:32', 76, '5.0', '5.0', '5.0', '5.0', '5.0', '5.0', '4.0', '5.0', '5.0', '5.9', '5.0', '5.0', 2019, 'average', '5.0'),
(46, NULL, '2019-06-27 16:38:41', '2019-09-30 05:13:37', 77, '2.0', '4.0', '1.0', '1.0', '1.0', '1.0', '1.0', '1.0', '6.0', '8.0', '1.0', '1.0', 2019, 'sum_up_all', '28.0'),
(47, NULL, '2019-06-28 05:10:56', '2019-06-28 05:10:56', 63, '1.0', '5.0', '8.0', '6.0', '5.0', '4.0', '2.0', '3.0', '6.0', '7.0', '9.0', '1.0', 2015, 'sum_up_all', '0.0'),
(48, NULL, '2019-06-28 05:11:46', '2019-06-28 05:12:16', 63, '0.0', '3.0', '4.0', '2.0', '1.0', '5.0', '6.0', '3.0', '5.0', '6.0', '21.0', '2.0', 2016, 'sum_up_all', '0.0'),
(49, NULL, '2019-06-28 05:13:23', '2019-06-28 05:21:04', 63, '34.0', '24.0', '34.0', '4.0', '5.0', '0.0', '8.0', '9.0', '8.0', '7.0', '2.1', '5.0', 2017, 'sum_up_all', '0.0'),
(50, NULL, '2019-06-28 05:14:23', '2019-06-28 05:14:23', 63, '6.0', '7.0', '3.0', '8.8', '4.0', '3.0', '6.0', '7.0', '6.0', '2.0', '5.0', '1.0', 2018, 'sum_up_all', '0.0'),
(52, NULL, '2019-06-28 05:22:33', '2019-10-04 16:31:16', 63, '5.0', '5.0', '7.0', '7.0', '3.0', '7.0', '7.0', '7.0', '7.0', '5.0', '7.0', '7.0', 2019, 'sum_up_all', '74.0'),
(53, NULL, '2019-06-28 05:53:56', '2019-09-25 10:13:11', 78, '10.0', '1.0', '1.0', '1.0', '1.0', '1.0', '1.0', '1.0', '1.0', '1.0', '1.0', '1.0', 2019, 'sum_up_all', '21.0'),
(55, NULL, '2019-06-30 19:21:43', '2019-09-30 05:16:33', 80, '5.0', '5.0', '2.0', '4.0', '5.0', '4.0', '3.0', '2.0', '2.0', '7.0', '5.0', '3.0', 2019, 'sum_up_all', '47.0'),
(56, NULL, '2019-07-01 13:04:59', '2019-07-05 21:05:08', 62, '8.0', '6.5', '9.0', '10.0', '9.0', '8.5', '11.0', '8.0', '7.5', '10.5', '59.0', '9.5', 2019, 'average', '156.5'),
(57, NULL, '2019-07-01 13:05:14', '2019-08-01 14:34:02', 47, '8.0', '5.0', '5.5', '4.0', '3.0', '6.5', '3.0', '4.8', '5.4', '4.9', '5.0', '5.0', 2019, '', '60.1'),
(58, NULL, '2019-06-30 19:21:43', '2019-07-12 13:48:07', 80, '1.0', '1.0', '2.0', '1.0', '1.0', '4.0', '3.0', '2.0', '2.0', '1.0', '2.0', '5.0', 2018, 'average', '26.0'),
(59, NULL, '2019-06-30 19:21:43', '2019-07-12 13:48:07', 80, '1.0', '1.0', '2.0', '1.0', '1.0', '4.0', '3.0', '2.0', '2.0', '3.0', '2.0', '5.0', 2017, 'average', '28.0'),
(61, NULL, '2019-06-30 19:21:43', '2019-07-12 13:48:07', 80, '1.0', '1.0', '2.0', '1.0', '1.0', '4.0', '3.0', '4.0', '2.0', '3.0', '2.0', '5.0', 2016, 'average', '30.0'),
(62, NULL, '2019-06-30 19:21:43', '2019-07-12 13:48:07', 80, '1.0', '1.0', '2.0', '1.0', '1.0', '4.0', '3.0', '4.0', '2.0', '3.0', '4.0', '5.0', 2015, 'average', '32.0'),
(63, NULL, '2019-06-24 16:56:30', '2019-08-01 14:27:32', 76, '5.0', '5.0', '5.0', '5.0', '5.0', '5.0', '4.0', '5.0', '5.0', '5.0', '5.0', '5.0', 2018, 'average', '59.0'),
(64, NULL, '2019-06-24 16:56:30', '2019-08-01 14:27:32', 76, '5.0', '5.0', '5.0', '5.0', '5.0', '5.0', '4.0', '5.0', '5.0', '5.0', '5.0', '6.0', 2017, 'average', '60.0'),
(65, NULL, '2019-06-24 16:56:30', '2019-08-01 14:27:32', 76, '5.0', '5.0', '5.0', '5.0', '5.0', '5.0', '4.0', '5.0', '5.0', '5.0', '6.0', '6.0', 2016, 'average', '61.0'),
(66, NULL, '2019-06-24 16:56:30', '2019-08-01 14:27:32', 76, '5.0', '5.0', '5.0', '5.0', '5.0', '5.0', '4.0', '5.0', '5.0', '6.0', '6.0', '6.0', 2015, 'average', '62.0'),
(67, NULL, '2019-06-24 16:52:40', '2019-06-24 16:52:40', 75, '7.0', '7.0', '7.0', '7.0', '7.0', '7.0', '7.0', '7.0', '7.0', '7.0', '7.0', '8.0', 2018, 'average', '85.0'),
(68, NULL, '2019-06-24 16:52:40', '2019-06-24 16:52:40', 75, '7.0', '7.0', '7.0', '7.0', '7.0', '7.0', '7.0', '7.0', '7.0', '7.0', '8.0', '8.0', 2017, 'average', '86.0'),
(69, NULL, '2019-06-24 16:52:40', '2019-06-24 16:52:40', 75, '7.0', '7.0', '7.0', '7.0', '7.0', '7.0', '7.0', '7.0', '7.0', '8.0', '8.0', '8.0', 2016, 'average', '87.0'),
(70, NULL, '2019-06-24 16:52:40', '2019-06-24 16:52:40', 75, '7.0', '7.0', '7.0', '7.0', '7.0', '7.0', '7.0', '7.0', '8.0', '8.0', '8.0', '8.0', 2015, 'average', '88.0'),
(71, NULL, '2019-06-22 16:53:53', '2019-06-22 16:53:53', 71, '1.0', '1.0', '1.0', '1.0', '1.0', '1.0', '1.0', '1.0', '1.0', '1.0', '1.0', '2.0', 2018, 'sum_up_all', '13.0'),
(72, NULL, '2019-06-22 16:53:53', '2019-06-22 16:53:53', 71, '1.0', '1.0', '1.0', '1.0', '1.0', '1.0', '1.0', '1.0', '1.0', '1.0', '2.0', '2.0', 2017, 'sum_up_all', '14.0'),
(73, NULL, '2019-06-22 16:53:53', '2019-06-22 16:53:53', 71, '1.0', '1.0', '1.0', '1.0', '1.0', '1.0', '1.0', '1.0', '1.0', '2.0', '2.0', '2.0', 2016, 'sum_up_all', '15.0'),
(74, NULL, '2019-06-22 16:53:53', '2019-06-22 16:53:53', 71, '1.0', '1.0', '1.0', '1.0', '1.0', '1.0', '1.0', '1.0', '2.0', '2.0', '2.0', '2.0', 2015, 'sum_up_all', '16.0'),
(75, NULL, '2019-09-26 12:46:40', '2019-09-28 10:27:30', 81, '5.0', '5.0', '6.0', '7.0', '2.0', '4.0', '7.0', '7.0', '3.0', '5.0', '6.0', '12.0', 2019, 'sum_up_all', '69.0'),
(76, NULL, '2019-09-28 13:43:27', '2019-09-28 13:43:27', 82, '435.0', '4.0', '43.0', NULL, '34.0', '35.0', NULL, NULL, NULL, '35.0', NULL, NULL, 2019, 'average', '48.8'),
(77, NULL, '2019-09-28 14:00:53', '2019-09-28 14:01:12', 83, NULL, '2.0', NULL, NULL, NULL, NULL, NULL, NULL, NULL, NULL, NULL, NULL, 2019, 'average', '0.2'),
(78, NULL, '2019-09-30 07:19:39', '2019-09-30 07:19:39', 84, '32.0', NULL, NULL, '4.0', NULL, '5.0', '6.0', NULL, '2.0', NULL, '0.0', NULL, 2019, 'average', '4.1'),
(79, NULL, '2019-09-30 07:20:10', '2019-09-30 07:21:00', 85, NULL, '3.0', NULL, NULL, NULL, NULL, NULL, NULL, '7.0', '8.0', NULL, NULL, 2019, 'average', '1.5'),
(80, NULL, '2018-06-22 16:48:41', '2018-07-20 05:21:56', 70, '10.0', '1.0', '10.0', '10.0', '1.0', '10.0', '10.0', '2.0', '10.0', '10.0', '10.0', '4.0', 2018, 'average', '7.3'),
(81, NULL, '2019-10-03 13:22:20', '2019-10-03 13:22:20', 86, '2.0', '3.0', '4.0', '5.0', '6.0', '7.0', '1.0', '2.0', '9.0', '12.0', '11.0', '2.0', 2019, 'sum_up_all', '64.0'),
(82, NULL, '2019-10-03 13:30:40', '2019-10-03 13:30:40', 87, '12.0', '2.0', '2.0', '2.0', '11.0', '2.0', '3.0', NULL, '3.0', '4.0', '22.0', '4.0', 2019, 'average', '5.6'),
(83, NULL, '2019-10-03 13:34:19', '2019-10-03 13:34:19', 88, '22.0', '28.0', '13.0', '2.0', '22.0', '4.0', '44.0', '22.0', '29.0', '43.0', '3.0', '44.0', 2019, 'terminal_value', '44.0'),
(84, NULL, '2019-10-03 13:36:09', '2019-10-03 13:36:09', 89, '11.0', '12.0', '33.0', '4.0', '4.0', '5.0', '12.0', '33.0', '44.0', '5.0', '7.0', '8.0', 2019, 'sum_up_all', '178.0'),
(85, NULL, '2019-10-03 13:38:44', '2019-10-03 13:38:44', 90, '22.0', '22.0', '1.0', '22.0', '5.0', '7.0', '9.0', '3.0', '66.0', '4.0', '3.0', '12.0', 2019, 'average', '14.7'),
(86, NULL, '2019-10-03 13:40:10', '2019-10-03 13:40:10', 91, '33.0', '21.0', '1.0', '2.0', '6.0', '5.0', '4.0', '3.0', '2.0', '2.0', '22.0', '3.0', 2019, 'terminal_value', '3.0'),
(87, NULL, '2019-10-03 13:41:32', '2019-10-03 13:41:32', 92, '22.0', '3.0', '4.0', '11.0', '22.0', '5.0', '33.0', '11.0', '1.0', '22.0', '33.0', '44.0', 2019, 'average', '17.6'),
(88, NULL, '2019-10-03 13:42:48', '2019-10-03 13:42:48', 93, '33.0', '22.0', '33.0', '11.0', '55.0', '6.0', '4.0', '2.0', '22.0', '11.0', '22.0', '4.0', 2019, 'sum_up_all', '225.0'),
(89, NULL, '2019-10-03 13:46:41', '2019-10-03 13:46:41', 94, '22.0', '333.0', '4.0', '55.0', '6.0', '7.0', '9.0', '44.0', '33.0', '22.0', '11.0', '22.0', 2019, 'terminal_value', '22.0'),
(90, NULL, '2019-10-03 13:46:53', '2019-10-03 13:46:53', 95, '22.0', '333.0', '4.0', '55.0', '6.0', '7.0', '9.0', '44.0', '33.0', '22.0', '11.0', '22.0', 2019, 'terminal_value', '22.0'),
(91, NULL, '2019-10-04 11:16:04', '2019-10-04 11:16:04', 96, NULL, NULL, NULL, NULL, NULL, NULL, NULL, NULL, NULL, NULL, NULL, NULL, 2019, 'average', '0.0'),
(92, NULL, '2019-10-19 14:57:17', '2019-12-03 07:13:41', 97, '5.0', '5.0', '5.0', '5.0', '5.0', '5.0', '5.0', '5.0', '5.0', '5.0', '5.0', '5.0', 2019, 'average', '5.0'),
(93, NULL, '2019-10-22 13:02:46', '2019-12-02 13:58:12', 98, '1.0', '1.0', '1.0', '1.0', '1.0', '1.0', '1.0', '1.0', '1.0', '1.0', '1.0', '1.0', 2019, 'sum_up_all', '12.0'),
(94, NULL, '2019-10-22 13:17:05', '2019-10-22 13:17:05', 99, NULL, NULL, NULL, NULL, NULL, NULL, NULL, NULL, NULL, NULL, NULL, NULL, 2019, 'sum_up_all', '0.0'),
(95, NULL, '2019-11-08 07:20:10', '2019-11-08 07:20:10', 100, '4.0', '6.0', '4.0', '9.0', '6.0', '4.0', '5.0', '67.0', '7.0', '6.0', '9.0', '8.0', 2019, 'average', '11.3'),
(96, NULL, '2019-11-21 05:57:53', '2019-11-21 05:57:53', 101, '1.0', '2.0', '1.0', '2.0', '2.0', '2.0', '2.0', '2.0', '2.0', '2.0', '2.0', '2.0', 2019, 'average', '1.8'),
(97, NULL, '2019-11-23 14:27:06', '2019-11-23 14:27:06', 1, NULL, NULL, NULL, NULL, NULL, NULL, NULL, NULL, NULL, NULL, NULL, NULL, 0, '', '0.0'),
(98, NULL, '2019-11-27 03:43:54', '2019-11-27 03:43:54', 1, NULL, NULL, NULL, NULL, NULL, NULL, NULL, NULL, NULL, NULL, NULL, NULL, 0, '', '0.0'),
(99, NULL, '2019-11-27 03:44:56', '2019-11-27 03:44:56', 1, NULL, NULL, NULL, NULL, NULL, NULL, NULL, NULL, NULL, NULL, NULL, NULL, 0, '', '0.0'),
(100, NULL, '2019-11-27 03:46:16', '2019-11-27 03:46:16', 1, NULL, NULL, NULL, NULL, NULL, NULL, NULL, NULL, NULL, NULL, NULL, NULL, 0, '', '0.0'),
(101, NULL, '2019-11-27 03:47:41', '2019-11-27 03:47:41', 1, NULL, NULL, NULL, NULL, NULL, NULL, NULL, NULL, NULL, NULL, NULL, NULL, 0, '', '0.0'),
(102, NULL, '2019-11-27 03:50:48', '2019-11-27 03:50:48', 1, NULL, NULL, NULL, NULL, NULL, NULL, NULL, NULL, NULL, NULL, NULL, NULL, 0, '', '0.0'),
(103, NULL, '2019-11-27 03:51:01', '2019-11-27 03:51:01', 1, NULL, NULL, NULL, NULL, NULL, NULL, NULL, NULL, NULL, NULL, NULL, NULL, 0, '', '0.0'),
(104, NULL, '2019-11-27 03:57:30', '2019-11-27 03:57:30', 1, NULL, NULL, NULL, NULL, NULL, NULL, NULL, NULL, NULL, NULL, NULL, NULL, 0, '', '0.0'),
(105, NULL, '2019-11-27 03:59:06', '2019-11-27 03:59:06', 1, NULL, NULL, NULL, NULL, NULL, NULL, NULL, NULL, NULL, NULL, NULL, NULL, 0, '', '0.0'),
(106, NULL, '2019-11-27 03:59:34', '2019-11-27 03:59:34', 1, NULL, NULL, NULL, NULL, NULL, NULL, NULL, NULL, NULL, NULL, NULL, NULL, 0, '', '0.0'),
(107, NULL, '2019-11-27 04:00:42', '2019-11-27 04:00:42', 1, NULL, NULL, NULL, NULL, NULL, NULL, NULL, NULL, NULL, NULL, NULL, NULL, 0, '', '0.0'),
(108, NULL, '2019-11-27 04:00:47', '2019-11-27 04:00:47', 1, NULL, NULL, NULL, NULL, NULL, NULL, NULL, NULL, NULL, NULL, NULL, NULL, 0, '', '0.0'),
(109, NULL, '2019-11-27 04:01:09', '2019-11-27 04:01:09', 1, NULL, NULL, NULL, NULL, NULL, NULL, NULL, NULL, NULL, NULL, NULL, NULL, 0, '', '0.0'),
(110, NULL, '2019-11-27 04:04:54', '2019-11-27 04:04:54', 1, NULL, NULL, NULL, NULL, NULL, NULL, NULL, NULL, NULL, NULL, NULL, NULL, 0, '', '0.0'),
(111, NULL, '2019-11-27 04:06:10', '2019-11-27 04:06:10', 1, NULL, NULL, NULL, NULL, NULL, NULL, NULL, NULL, NULL, NULL, NULL, NULL, 0, '', '0.0'),
(112, NULL, '2019-11-27 04:07:10', '2019-11-27 04:07:10', 1, NULL, NULL, NULL, NULL, NULL, NULL, NULL, NULL, NULL, NULL, NULL, NULL, 0, '', '0.0'),
(113, NULL, '2019-11-27 04:07:25', '2019-11-27 04:07:25', 1, NULL, NULL, NULL, NULL, NULL, NULL, NULL, NULL, NULL, NULL, NULL, NULL, 0, '', '0.0'),
(114, NULL, '2019-11-27 04:07:37', '2019-11-27 04:07:37', 1, NULL, NULL, NULL, NULL, NULL, NULL, NULL, NULL, NULL, NULL, NULL, NULL, 0, '', '0.0'),
(115, NULL, '2019-11-27 04:08:12', '2019-11-27 04:08:12', 1, NULL, NULL, NULL, NULL, NULL, NULL, NULL, NULL, NULL, NULL, NULL, NULL, 0, '', '0.0'),
(116, NULL, '2019-11-27 04:08:45', '2019-11-27 04:08:45', 1, NULL, NULL, NULL, NULL, NULL, NULL, NULL, NULL, NULL, NULL, NULL, NULL, 0, '', '0.0'),
(117, NULL, '2019-11-27 04:09:17', '2019-11-27 04:09:17', 1, NULL, NULL, NULL, NULL, NULL, NULL, NULL, NULL, NULL, NULL, NULL, NULL, 0, '', '0.0'),
(118, NULL, '2019-11-27 04:09:32', '2019-11-27 04:09:32', 1, NULL, NULL, NULL, NULL, NULL, NULL, NULL, NULL, NULL, NULL, NULL, NULL, 0, '', '0.0'),
(119, NULL, '2019-11-27 04:13:57', '2019-11-27 04:13:57', 1, NULL, NULL, NULL, NULL, NULL, NULL, NULL, NULL, NULL, NULL, NULL, NULL, 0, '', '0.0'),
(120, NULL, '2019-11-27 04:14:45', '2019-11-27 04:14:45', 1, NULL, NULL, NULL, NULL, NULL, NULL, NULL, NULL, NULL, NULL, NULL, NULL, 0, '', '0.0'),
(121, NULL, '2019-11-27 04:26:08', '2019-11-27 04:26:08', 1, NULL, NULL, NULL, NULL, NULL, NULL, NULL, NULL, NULL, NULL, NULL, NULL, 0, '', '0.0'),
(122, NULL, '2019-11-29 07:34:24', '2019-11-29 07:34:24', 127, '3.0', NULL, NULL, '6.0', NULL, NULL, '4.0', '6.0', NULL, NULL, NULL, NULL, 2019, 'average', '1.6');

-- --------------------------------------------------------

--
-- Table structure for table `kpi_trackers`
--

CREATE TABLE `kpi_trackers` (
  `id` int(10) UNSIGNED NOT NULL,
  `deleted_at` timestamp NULL DEFAULT NULL,
  `created_at` timestamp NULL DEFAULT NULL,
  `updated_at` timestamp NULL DEFAULT NULL,
  `permission` int(10) UNSIGNED NOT NULL
) ENGINE=InnoDB DEFAULT CHARSET=utf8 COLLATE=utf8_unicode_ci;

-- --------------------------------------------------------

--
-- Table structure for table `layouts`
--

CREATE TABLE `layouts` (
  `id` int(10) UNSIGNED NOT NULL,
  `deleted_at` timestamp NULL DEFAULT NULL,
  `created_at` timestamp NULL DEFAULT NULL,
  `updated_at` timestamp NULL DEFAULT NULL,
  `test_layout` varchar(256) COLLATE utf8_unicode_ci NOT NULL DEFAULT '20'
) ENGINE=InnoDB DEFAULT CHARSET=utf8 COLLATE=utf8_unicode_ci;

-- --------------------------------------------------------

--
-- Table structure for table `la_configs`
--

CREATE TABLE `la_configs` (
  `id` int(10) UNSIGNED NOT NULL,
  `key` varchar(50) COLLATE utf8_unicode_ci NOT NULL,
  `section` varchar(100) COLLATE utf8_unicode_ci NOT NULL DEFAULT '',
  `value` varchar(255) COLLATE utf8_unicode_ci NOT NULL,
  `created_at` timestamp NULL DEFAULT NULL,
  `updated_at` timestamp NULL DEFAULT NULL
) ENGINE=InnoDB DEFAULT CHARSET=utf8 COLLATE=utf8_unicode_ci;

--
-- Dumping data for table `la_configs`
--

INSERT INTO `la_configs` (`id`, `key`, `section`, `value`, `created_at`, `updated_at`) VALUES
(1, 'sitename', '', 'AdminBusinessPlus', '2018-12-05 04:23:55', '2018-12-17 01:41:50'),
(2, 'sitename_part1', '', 'Admin', '2018-12-05 04:23:56', '2018-12-17 01:41:50'),
(3, 'sitename_part2', '', 'BusinessPlus', '2018-12-05 04:23:56', '2018-12-17 01:41:50'),
(4, 'sitename_short', '', 'BP', '2018-12-05 04:23:56', '2018-12-17 01:41:50'),
(5, 'site_description', '', 'LaraAdmin is a open-source Laravel Admin Panel for quick-start Admin based applications and boilerplate for CRM or CMS systems.', '2018-12-05 04:23:56', '2018-12-17 01:41:50'),
(6, 'sidebar_search', '', '1', '2018-12-05 04:23:56', '2018-12-17 01:41:50'),
(7, 'show_messages', '', '1', '2018-12-05 04:23:56', '2018-12-17 01:41:50'),
(8, 'show_notifications', '', '1', '2018-12-05 04:23:56', '2018-12-17 01:41:51'),
(9, 'show_tasks', '', '1', '2018-12-05 04:23:56', '2018-12-17 01:41:51'),
(10, 'show_rightsidebar', '', '1', '2018-12-05 04:23:56', '2018-12-17 01:41:51'),
(11, 'skin', '', 'skin-white', '2018-12-05 04:23:56', '2018-12-17 01:41:51'),
(12, 'layout', '', 'fixed', '2018-12-05 04:23:56', '2018-12-17 01:41:51'),
(13, 'default_email', '', 'test@example.com', '2018-12-05 04:23:56', '2018-12-17 01:41:51');

-- --------------------------------------------------------

--
-- Table structure for table `la_menus`
--

CREATE TABLE `la_menus` (
  `id` int(10) UNSIGNED NOT NULL,
  `name` varchar(50) COLLATE utf8_unicode_ci NOT NULL,
  `url` varchar(256) COLLATE utf8_unicode_ci NOT NULL,
  `icon` varchar(50) COLLATE utf8_unicode_ci NOT NULL DEFAULT 'fa-cube',
  `type` varchar(20) COLLATE utf8_unicode_ci NOT NULL DEFAULT 'module',
  `parent` int(10) UNSIGNED NOT NULL DEFAULT '0',
  `hierarchy` int(10) UNSIGNED NOT NULL DEFAULT '0',
  `display_name` varchar(256) COLLATE utf8_unicode_ci NOT NULL,
  `icon_class` varchar(256) COLLATE utf8_unicode_ci NOT NULL,
  `sidebar_status` int(2) NOT NULL,
  `display_url` varchar(256) COLLATE utf8_unicode_ci NOT NULL,
  `created_at` timestamp NULL DEFAULT NULL,
  `updated_at` timestamp NULL DEFAULT NULL
) ENGINE=InnoDB DEFAULT CHARSET=utf8 COLLATE=utf8_unicode_ci;

--
-- Dumping data for table `la_menus`
--

INSERT INTO `la_menus` (`id`, `name`, `url`, `icon`, `type`, `parent`, `hierarchy`, `display_name`, `icon_class`, `sidebar_status`, `display_url`, `created_at`, `updated_at`) VALUES
(2, 'Users', 'users', 'fa-group', 'module', 1, 0, '', '', 0, '', '2018-12-05 04:23:46', '2018-12-05 04:23:46'),
(4, 'Company_profiles', 'company_profiles', 'fa-bar-chart', 'module', 30, 1, '', '', 0, '', '2018-12-05 04:23:47', '2018-12-12 01:53:15'),
(5, 'Units', 'units', 'fa-cube', 'module', 30, 2, '', '', 0, '', '2018-12-05 04:23:47', '2018-12-12 01:53:34'),
(6, 'Department_masters', 'department_masters', 'fa-bank', 'module', 30, 3, '', '', 0, '', '2018-12-05 04:23:47', '2018-12-12 01:53:46'),
(7, 'Sections', 'sections', 'fa-user-secret', 'module', 30, 4, '', '', 0, '', '2018-12-05 04:23:47', '2018-12-12 01:54:00'),
(8, 'Departments', 'departments', 'fa-tags', 'module', 1, 0, '', '', 0, '', '2018-12-05 04:23:47', '2018-12-05 04:23:47'),
(9, 'Roles', 'roles', 'fa-user-plus', 'module', 1, 0, '', '', 0, '', '2018-12-05 04:23:47', '2018-12-05 04:23:47'),
(10, 'Employees', 'employees', 'fa-group', 'module', 1, 0, '', '', 0, '', '2018-12-05 04:23:47', '2018-12-05 04:23:47'),
(12, 'Permissions', 'permissions', 'fa-magic', 'module', 1, 0, '', '', 0, '', '2018-12-05 04:23:47', '2018-12-05 04:23:47'),
(14, 'Categories', 'categories', 'fa-cube', 'module', 30, 5, '', '', 0, '', '2018-12-05 04:23:47', '2018-12-12 01:54:11'),
(15, 'Statuses', 'statuses', 'fa-cube', 'module', 30, 8, '', '', 0, '', '2018-12-05 04:23:47', '2019-06-11 07:35:15'),
(17, 'Business_initiatives', 'business_initiatives', 'fa-line-chart', 'module', 30, 6, '', '', 0, '', '2018-12-05 04:23:47', '2018-12-12 01:54:21'),
(19, 'Projects', 'projects', 'fa-cube', 'module', 33, 1, '', '', 0, '', '2018-12-05 04:23:47', '2018-12-19 03:41:10'),
(24, 'Add_kpis', 'add_kpis', 'fa-cube', 'module', 39, 1, '', '', 0, '', '2018-12-05 04:23:47', '2019-02-28 05:41:28'),
(32, 'Project_histories', 'project_histories', 'fa fa-cube', 'module', 33, 2, '', '', 0, '', '2018-12-19 03:27:13', '2018-12-19 03:41:13'),
(34, 'Project_files', 'project_files', 'fa fa-cube', 'module', 33, 3, '', '', 0, '', '2018-12-19 03:47:00', '2018-12-19 03:49:27'),
(35, 'Task_assigns', 'task_assigns', 'fa fa-cube', 'module', 36, 1, '', '', 0, '', '2018-12-20 01:14:16', '2019-03-11 06:35:28'),
(38, 'Tasks_files', 'tasks_files', 'fa fa-cloud-upload', 'module', 36, 3, '', '', 0, '', '2018-12-22 03:08:18', '2019-03-11 06:35:28'),
(40, 'Task_histories', 'task_histories', 'fa-cube', 'module', 36, 2, '', '', 0, '', '2018-12-25 04:49:40', '2019-03-11 06:35:28'),
(42, 'Kpi_targets', 'kpi_targets', 'fa fa-cube', 'module', 39, 2, '', '', 0, '', '2019-01-18 04:30:03', '2019-02-28 05:44:31'),
(43, 'Kpi_actuals', 'kpi_actuals', 'fa fa-cube', 'module', 39, 3, '', '', 0, '', '2019-01-18 04:42:13', '2019-02-28 05:44:42'),
(52, 'Strategic_objectives', 'strategic_objectives', 'fa-cube', 'module', 94, 5, 'Get Started', '', 1, 'strategic-obj/started/1', '2019-03-11 05:31:39', '2019-05-25 02:13:52'),
(53, 'Initiatives', 'initiatives', 'fa-cube', 'module', 71, 4, 'Status - Initiative', '', 1, 'strategic-obj/initiative-data', '2019-03-11 05:31:59', '2019-11-11 07:06:03'),
(54, 'Action_plans', 'action_plans', 'fa-cube', 'module', 71, 5, 'Status - Action Plan', '', 1, 'strategic-obj/action-plan', '2019-03-11 05:32:28', '2019-11-11 07:06:03'),
(63, 'Projects', 'projects', 'fa-cube', 'module', 211, 2, 'Project', '', 1, 'dashboards/project', '2019-03-11 05:58:34', '2019-11-02 10:57:24'),
(64, 'Add_kpis', 'add_kpis', 'fa-cube', 'module', 73, 2, 'Key Performance Iindicator', '', 1, 'kpitrackers/keyperformance', '2019-03-11 06:11:52', '2019-10-12 07:06:08'),
(65, 'Business_plan_dashes', 'business_plan_dashes', 'fa fa-cube', 'module', 189, 1, 'Dashboard - Current Year', '', 1, 'strategic-obj/dashboard', '2019-03-11 06:27:33', '2019-09-07 08:18:18'),
(66, 'Initiative_datas', 'initiative_datas', 'fa fa-cube', 'module', 71, 6, 'Master Action Plans', '', 1, 'strategic-obj/initiative', '2019-03-11 06:28:51', '2019-11-11 07:06:03'),
(67, 'Kpi_dashes', 'kpi_dashes', 'fa fa-cube', 'module', 73, 1, 'Dashboard', '', 1, 'kpitrackers/dashboard', '2019-03-11 06:31:16', '2019-06-11 07:34:42'),
(68, 'Kpi_datas', 'kpi_datas', 'fa fa-cube', 'module', 73, 3, 'KPI Data', '', 1, 'kpitrackers/addkpidata', '2019-03-11 06:32:25', '2019-10-12 11:40:34'),
(69, 'Task_dashes', 'task_dashes', 'fa fa-cube', 'module', 72, 1, 'Dashboard Task', '', 1, 'dashboards/dashboard', '2019-03-11 06:33:55', '2019-11-02 04:37:22'),
(70, 'Tasks', 'tasks', 'fa-cube', 'module', 72, 2, 'Task', '', 1, 'dashboards/analytics', '2019-03-11 06:36:44', '2019-11-02 04:37:22'),
(71, 'Business_menuses', 'business_menuses', 'fa fa-cube', 'module', 0, 70, 'Business Plan', 'business', 1, 'strategic-obj/dashboard', '2019-03-11 06:55:14', '2019-11-16 05:34:57'),
(72, 'Task_trackers', 'task_trackers', 'fa fa-cube', 'module', 0, 74, 'Task Tracker', 'transform', 1, 'dashboards/dashboard', '2019-03-11 06:56:30', '2019-11-16 05:34:57'),
(73, 'Kpi_trackers', 'kpi_trackers', 'fa fa-cube', 'module', 0, 72, 'KPI Tracker', 'wb_sunny', 1, 'kpitrackers/dashboard', '2019-03-11 06:57:56', '2019-11-16 05:34:57'),
(74, 'Str_obj_statuses', 'str_obj_statuses', 'fa fa-cube', 'module', 30, 9, '', '', 0, '', '2019-03-15 01:34:13', '2019-06-11 07:35:15'),
(75, 'U_o_ms', 'u_o_ms', 'fa fa-cube', 'module', 30, 10, '', '', 0, '', '2019-03-22 01:17:55', '2019-06-11 07:35:15'),
(82, 'Str_object_gards', 'str_object_gards', 'fa fa-cube', 'module', 71, 2, 'Strategy Map', '', 1, 'strategic-obj/graph', '2019-05-07 01:31:38', '2019-11-11 07:06:03'),
(84, 'Lead_kpis', 'lead_kpis', 'fa fa-cube', 'module', 92, 1, 'Lead KPI Status', '', 1, 'strategic-obj/leadkpi', '2019-05-23 03:59:36', '2019-05-24 00:04:52'),
(85, 'Business_priorities', 'business_priorities', 'fa fa-cube', 'module', 94, 2, 'Priorities', '', 1, 'strategic-obj/priority', '2019-05-23 04:01:09', '2019-05-25 02:13:19'),
(86, 'Swot_analyses', 'swot_analyses', 'fa fa-cube', 'module', 94, 3, 'SWOT', '', 1, 'strategic-obj/swot', '2019-05-23 04:45:49', '2019-05-25 02:13:24'),
(87, 'Business_objectives', 'business_objectives', 'fa fa-cube', 'module', 94, 4, 'Emerging Trend', '', 1, 'strategic-obj/objective', '2019-05-23 04:53:04', '2019-05-25 02:13:45'),
(92, 'Reflection_past_years', 'reflection_past_years', 'fa fa-cube', 'module', 94, 1, 'Reflection Past Years', '', 1, 'reflection-past-years', '2019-05-24 00:03:48', '2019-05-25 02:13:12'),
(93, 'Company_performances', 'company_performances', 'fa fa-cube', 'module', 189, 2, 'Company Performance', '', 1, 'company-performances', '2019-05-24 00:12:21', '2019-09-07 08:18:18'),
(94, 'Set_business_plans', 'set_business_plans', 'fa fa-cube', 'module', 71, 8, 'Set New Business Plans', '', 1, 'set-business-plans', '2019-05-25 02:12:24', '2019-11-11 07:06:03'),
(95, 'Performance_reports', 'performance_reports', 'fa fa-cube', 'module', 92, 2, 'Performance Report', '', 1, 'strategic-obj/performance-report', '2019-05-25 02:18:49', '2019-05-25 02:19:36'),
(96, 'Hoshin_kanris', 'hoshin_kanris', 'fa fa-cube', 'module', 71, 7, 'Status - Hoshin Kanri', '', 1, 'strategic-obj/hoshin', '2019-06-04 03:04:03', '2019-11-11 07:06:03'),
(98, 'Status_strategic_objs', 'status_strategic_objs', 'fa fa-cube', 'module', 71, 3, 'Status Strategic Objectives', '', 1, 'strategic-obj/strategic', '2019-07-20 05:53:58', '2019-11-11 07:06:03'),
(99, 'Company_profiles', 'company_profiles', 'fa-bar-chart', 'module', 0, 1, '', '', 0, '', '2019-08-05 05:33:10', '2019-11-11 07:07:55'),
(100, 'Units', 'units', 'fa-cube', 'module', 191, 6, 'Add Units', '', 1, 'unitchange', '2019-08-05 05:33:52', '2019-10-12 11:39:43'),
(101, 'Department_masters', 'department_masters', 'fa-bank', 'module', 0, 2, '', '', 0, '', '2019-08-05 05:33:56', '2019-11-11 07:07:55'),
(102, 'Sections', 'sections', 'fa-user-secret', 'module', 0, 3, '', '', 0, '', '2019-08-05 05:34:05', '2019-11-11 07:07:55'),
(106, 'Photos', 'photos', 'fa fa-cube', 'module', 0, 4, '', '', 0, '', '2019-08-14 01:33:08', '2019-11-11 07:07:55'),
(108, 'Team', '#', 'fa-group', 'custom', 0, 71, '', '', 0, '', '2019-08-23 00:06:31', '2019-11-16 05:34:57'),
(109, 'Users', 'users', 'fa-group', 'module', 191, 1, 'Users', '', 1, '', '2019-08-23 00:06:31', '2019-10-12 07:04:14'),
(110, 'Uploads', 'uploads', 'fa-files-o', 'module', 0, 5, '', '', 0, '', '2019-08-23 00:06:31', '2019-11-11 07:07:55'),
(111, 'Company_profiles', 'company_profiles', 'fa-bar-chart', 'module', 0, 6, '', '', 0, '', '2019-08-23 00:06:31', '2019-11-11 07:07:55'),
(112, 'Units', 'units', 'fa-cube', 'module', 0, 7, '', '', 0, '', '2019-08-23 00:06:31', '2019-11-11 07:07:55'),
(113, 'Department_masters', 'department_masters', 'fa-bank', 'module', 0, 8, '', '', 0, '', '2019-08-23 00:06:32', '2019-11-11 07:07:55'),
(114, 'Sections', 'sections', 'fa-user-secret', 'module', 191, 8, 'Add Sections', '', 1, 'section', '2019-08-23 00:06:32', '2019-10-12 11:39:43'),
(115, 'Departments', 'departments', 'fa-tags', 'module', 191, 7, 'Add Departments', '', 1, 'department', '2019-08-23 00:06:32', '2019-10-12 11:39:43'),
(116, 'Roles', 'roles', 'fa-user-plus', 'module', 108, 1, '', '', 0, '', '2019-08-23 00:06:32', '2019-10-12 07:06:49'),
(117, 'Employees', 'employees', 'fa-group', 'module', 108, 2, '', '', 0, '', '2019-08-23 00:06:32', '2019-10-12 07:06:49'),
(119, 'Permissions', 'permissions', 'fa-magic', 'module', 191, 3, 'Permission', '', 1, '', '2019-08-23 00:06:32', '2019-10-12 11:39:43'),
(120, 'Tests', 'tests', 'fa-cube', 'module', 0, 9, '', '', 0, '', '2019-08-23 00:06:32', '2019-11-11 07:07:55'),
(121, 'Categories', 'categories', 'fa-cube', 'module', 191, 9, 'Add	Categories', '', 1, 'category', '2019-08-23 00:06:32', '2019-10-12 11:41:03'),
(122, 'Statuses', 'statuses', 'fa-cube', 'module', 0, 10, '', '', 0, '', '2019-08-23 00:06:32', '2019-11-11 07:07:55'),
(124, 'Business_initiatives', 'business_initiatives', 'fa-line-chart', 'module', 191, 10, 'Add Business', '', 1, 'business', '2019-08-23 00:06:32', '2019-10-12 11:41:03'),
(125, 'Events', 'events', 'fa-futbol-o', 'module', 0, 11, '', '', 0, '', '2019-08-23 00:06:32', '2019-11-11 07:07:55'),
(126, 'Projects', 'projects', 'fa-cube', 'module', 0, 12, '', '', 0, '', '2019-08-23 00:06:32', '2019-11-11 07:07:55'),
(127, 'Tasks', 'tasks', 'fa-cube', 'module', 0, 13, '', '', 0, '', '2019-08-23 00:06:32', '2019-11-11 07:07:55'),
(128, 'Functions', 'functions', 'fa-cube', 'module', 0, 14, '', '', 0, '', '2019-08-23 00:06:32', '2019-11-11 07:07:55'),
(129, 'Function_modules', 'function_modules', 'fa-cube', 'module', 0, 15, '', '', 0, '', '2019-08-23 00:06:32', '2019-11-11 07:07:55'),
(130, 'Add_kpis', 'add_kpis', 'fa-cube', 'module', 0, 16, '', '', 0, '', '2019-08-23 00:06:32', '2019-11-11 07:07:55'),
(131, 'Strategic_objectives', 'strategic_objectives', 'fa-cube', 'module', 0, 17, '', '', 0, '', '2019-08-23 00:06:32', '2019-11-11 07:07:55'),
(132, 'Login_access_tokens', 'login_access_tokens', 'fa-cube', 'module', 0, 18, '', '', 0, '', '2019-08-23 00:06:32', '2019-11-11 07:07:55'),
(133, 'Employers', 'employers', 'fa-cube', 'module', 0, 20, '', '', 0, '', '2019-08-23 00:06:32', '2019-11-11 07:07:55'),
(134, 'Function_mods', 'function_mods', 'fa-cube', 'module', 0, 21, '', '', 0, '', '2019-08-23 00:06:32', '2019-11-11 07:07:55'),
(135, 'Project_histories', 'project_histories', 'fa-cube', 'module', 0, 22, '', '', 0, '', '2019-08-23 00:06:32', '2019-11-11 07:07:55'),
(136, 'Project_files', 'project_files', 'fa-cube', 'module', 0, 23, '', '', 0, '', '2019-08-23 00:06:32', '2019-11-11 07:07:55'),
(137, 'Task_assigns', 'task_assigns', 'fa-cube', 'module', 0, 24, '', '', 0, '', '2019-08-23 00:06:32', '2019-11-11 07:07:55'),
(138, 'Task_histories', 'task_histories', 'fa-cube', 'module', 0, 25, '', '', 0, '', '2019-08-23 00:06:32', '2019-11-11 07:07:55'),
(139, 'Tasks_files', 'tasks_files', 'fa-cloud-upload', 'module', 0, 26, '', '', 0, '', '2019-08-23 00:06:32', '2019-11-11 07:07:55'),
(140, 'Business_plans', 'business_plans', 'fa-cube', 'module', 191, 14, '', '', 1, 'strategic-obj/visionmission', '2019-08-23 00:06:32', '2019-10-12 11:41:03'),
(141, 'Kpi_targets', 'kpi_targets', 'fa-cube', 'module', 0, 27, '', '', 0, '', '2019-08-23 00:06:32', '2019-11-11 07:07:55'),
(142, 'Kpi_actuals', 'kpi_actuals', 'fa-cube', 'module', 0, 28, '', '', 0, '', '2019-08-23 00:06:32', '2019-11-11 07:07:55'),
(143, 'Initiatives', 'initiatives', 'fa-cube', 'module', 0, 31, '', '', 0, '', '2019-08-23 00:06:32', '2019-11-16 05:34:57'),
(144, 'Action_plans', 'action_plans', 'fa-cube', 'module', 0, 29, '', '', 0, '', '2019-08-23 00:06:32', '2019-11-16 05:34:57'),
(145, 'Action_plan_schedules', 'action_plan_schedules', 'fa-cube', 'module', 0, 30, '', '', 0, '', '2019-08-23 00:06:32', '2019-11-16 05:34:57'),
(146, 'Action_plan_assigns', 'action_plan_assigns', 'fa-cube', 'module', 0, 32, '', '', 0, '', '2019-08-23 00:06:32', '2019-11-16 05:34:57'),
(147, 'Business_plan_dashes', 'business_plan_dashes', 'fa-cube', 'module', 0, 33, '', '', 0, '', '2019-08-23 00:06:33', '2019-11-16 05:34:57'),
(148, 'Initiative_datas', 'initiative_datas', 'fa-cube', 'module', 0, 34, '', '', 0, '', '2019-08-23 00:06:33', '2019-11-16 05:34:57'),
(149, 'Kpi_dashes', 'kpi_dashes', 'fa-cube', 'module', 0, 35, '', '', 0, '', '2019-08-23 00:06:33', '2019-11-16 05:34:57'),
(150, 'Kpi_datas', 'kpi_datas', 'fa-cube', 'module', 0, 36, '', '', 0, '', '2019-08-23 00:06:33', '2019-11-16 05:34:57'),
(151, 'Task_dashes', 'task_dashes', 'fa-cube', 'module', 0, 37, '', '', 0, '', '2019-08-23 00:06:33', '2019-11-16 05:34:57'),
(152, 'Business_menuses', 'business_menuses', 'fa-cube', 'module', 0, 38, '', '', 0, '', '2019-08-23 00:06:33', '2019-11-16 05:34:57'),
(153, 'Aaas', 'aaas', 'fa-cube', 'module', 0, 39, '', '', 0, '', '2019-08-23 00:06:33', '2019-11-16 05:34:57'),
(154, 'Task_trackers', 'task_trackers', 'fa-cube', 'module', 0, 40, '', '', 0, '', '2019-08-23 00:06:33', '2019-11-16 05:34:57'),
(155, 'Kpi_trackers', 'kpi_trackers', 'fa-cube', 'module', 0, 41, '', '', 0, '', '2019-08-23 00:06:33', '2019-11-16 05:34:57'),
(156, 'Str_obj_statuses', 'str_obj_statuses', 'fa-cube', 'module', 0, 42, '', '', 0, '', '2019-08-23 00:06:33', '2019-11-16 05:34:57'),
(157, 'U_o_ms', 'u_o_ms', 'fa-cube', 'module', 191, 11, 'Add Uom', '', 1, 'uom', '2019-08-23 00:06:33', '2019-10-12 11:41:03'),
(158, 'Strategic_obj_statuses', 'strategic_obj_statuses', 'fa-cube', 'module', 0, 43, '', '', 0, '', '2019-08-23 00:06:33', '2019-11-16 05:34:57'),
(159, 'Initiatives_statuses', 'initiatives_statuses', 'fa-cube', 'module', 0, 44, '', '', 0, '', '2019-08-23 00:06:33', '2019-11-16 05:34:57'),
(160, 'Action_plan_statuses', 'action_plan_statuses', 'fa-cube', 'module', 0, 45, '', '', 0, '', '2019-08-23 00:06:33', '2019-11-16 05:34:57'),
(161, 'Str_obj_edit_comments', 'str_obj_edit_comments', 'fa-cube', 'module', 0, 46, '', '', 0, '', '2019-08-23 00:06:33', '2019-11-16 05:34:57'),
(162, 'Initiat_edit_comments', 'initiat_edit_comments', 'fa-cube', 'module', 0, 47, '', '', 0, '', '2019-08-23 00:06:33', '2019-11-16 05:34:57'),
(163, 'Actionp_edit_comments', 'actionp_edit_comments', 'fa-cube', 'module', 0, 48, '', '', 0, '', '2019-08-23 00:06:33', '2019-11-16 05:34:57'),
(164, 'Str_object_gards', 'str_object_gards', 'fa-cube', 'module', 0, 49, '', '', 0, '', '2019-08-23 00:06:33', '2019-11-16 05:34:57'),
(165, 'Faqs', 'faqs', 'fa-cube', 'module', 191, 13, 'Add Faq', '', 1, 'faq-change', '2019-08-23 00:06:33', '2019-10-12 11:41:03'),
(166, 'Lead_kpis', 'lead_kpis', 'fa-cube', 'module', 0, 50, '', '', 0, '', '2019-08-23 00:06:33', '2019-11-16 05:34:57'),
(167, 'Business_priorities', 'business_priorities', 'fa-cube', 'module', 0, 51, '', '', 0, '', '2019-08-23 00:06:33', '2019-11-16 05:34:57'),
(168, 'Swot_analyses', 'swot_analyses', 'fa-cube', 'module', 0, 52, '', '', 0, '', '2019-08-23 00:06:33', '2019-11-16 05:34:57'),
(169, 'Business_objectives', 'business_objectives', 'fa-cube', 'module', 0, 53, '', '', 0, '', '2019-08-23 00:06:33', '2019-11-16 05:34:57'),
(170, 'Strengths', 'strengths', 'fa-cube', 'module', 0, 54, '', '', 0, '', '2019-08-23 00:06:33', '2019-11-16 05:34:57'),
(171, 'Weaknesses', 'weaknesses', 'fa-cube', 'module', 0, 55, '', '', 0, '', '2019-08-23 00:06:33', '2019-11-16 05:34:57'),
(172, 'Opportunities', 'opportunities', 'fa-cube', 'module', 0, 56, '', '', 0, '', '2019-08-23 00:06:33', '2019-11-16 05:34:57'),
(173, 'Threats', 'threats', 'fa-cube', 'module', 0, 57, '', '', 0, '', '2019-08-23 00:06:33', '2019-11-16 05:34:57'),
(174, 'Reflection_past_years', 'reflection_past_years', 'fa-cube', 'module', 0, 58, '', '', 0, '', '2019-08-23 00:06:33', '2019-11-16 05:34:57'),
(175, 'Company_performances', 'company_performances', 'fa-cube', 'module', 0, 59, '', '', 0, '', '2019-08-23 00:06:33', '2019-11-16 05:34:57'),
(176, 'Set_business_plans', 'set_business_plans', 'fa-cube', 'module', 0, 60, '', '', 0, '', '2019-08-23 00:06:33', '2019-11-16 05:34:57'),
(177, 'Performance_reports', 'performance_reports', 'fa-cube', 'module', 0, 61, '', '', 0, '', '2019-08-23 00:06:33', '2019-11-16 05:34:57'),
(178, 'Hoshin_kanris', 'hoshin_kanris', 'fa-cube', 'module', 0, 62, '', '', 0, '', '2019-08-23 00:06:33', '2019-11-16 05:34:57'),
(179, 'Hk_dept_heads', 'hk_dept_heads', 'fa-cube', 'module', 0, 63, '', '', 0, '', '2019-08-23 00:06:33', '2019-11-16 05:34:57'),
(180, 'Hk_section_heads', 'hk_section_heads', 'fa-cube', 'module', 0, 64, '', '', 0, '', '2019-08-23 00:06:33', '2019-11-16 05:34:57'),
(181, 'Hk_supervisor_heads', 'hk_supervisor_heads', 'fa-cube', 'module', 0, 65, '', '', 0, '', '2019-08-23 00:06:33', '2019-11-16 05:34:57'),
(182, 'Settings', 'settings', 'fa-cube', 'module', 191, 5, 'Setting', '', 1, 'setting', '2019-08-23 00:06:33', '2019-10-12 11:39:43'),
(183, 'Kpi_performance_dashes', 'kpi_performance_dashes', 'fa-cube', 'module', 0, 66, '', '', 0, '', '2019-08-23 00:06:33', '2019-11-16 05:34:57'),
(184, 'Status_strategic_objs', 'status_strategic_objs', 'fa-cube', 'module', 0, 67, '', '', 0, '', '2019-08-23 00:06:34', '2019-11-16 05:34:57'),
(185, 'Photos', 'photos', 'fa-cube', 'module', 0, 68, '', '', 0, '', '2019-08-23 00:06:34', '2019-11-16 05:34:57'),
(186, 'QuartUpdatManufacturs', 'quartupdatmanufacturs', 'fa-cube', 'module', 189, 3, 'Quarterly Report', '', 1, 'strategic-obj/qtly-summary', '2019-08-23 00:06:34', '2019-09-20 01:47:51'),
(189, 'Management Reports', 'managment_report', 'fa-cube', 'custom', 71, 1, 'Management Reports', '', 1, 'managment-report', '2019-09-07 08:11:38', '2019-11-11 07:06:03'),
(190, 'Priorities', 'priorities', 'fa fa-cube', 'module', 191, 12, 'Add Priority', '', 1, 'priority', '2019-09-20 02:18:10', '2019-10-12 11:41:03'),
(192, 'Users', 'users', 'fa-group', 'module', 191, 2, 'User', '', 1, 'user-list', '2019-10-12 07:03:48', '2019-10-12 11:39:43'),
(193, 'Permissions', 'permissions', 'fa-magic', 'module', 191, 4, 'Permission', '', 1, 'modules', '2019-10-12 07:04:40', '2019-10-12 11:39:43'),
(194, 'Business_plans', 'business_plans', 'fa-cube', 'module', 0, 19, '', '', 0, '', '2019-10-12 11:39:33', '2019-11-11 07:07:55'),
(196, 'Dashboard_projects', 'dashboard_projects', 'fa-cube', 'module', 211, 1, 'Dashboard Project', '', 1, 'dashboards/dashboard-project', '2019-10-15 07:24:34', '2019-11-02 10:57:24'),
(198, 'Administrations', 'administrations', 'fa-cube', 'module', 0, 69, 'Administrations', 'view_module', 1, 'user-list', '2019-10-15 03:37:25', '2019-11-16 05:34:57'),
(199, 'Settings', 'settings', 'fa-cube', 'module', 198, 3, 'Setting', '', 1, 'setting', '2019-10-15 03:50:12', '2019-10-15 03:52:18'),
(200, 'Users', 'users', 'fa-group', 'module', 198, 1, 'Users', '', 1, 'user-list', '2019-10-15 03:50:32', '2019-10-15 03:50:45'),
(201, 'Permissions', 'permissions', 'fa-magic', 'module', 198, 2, 'Permission', '', 1, 'modules', '2019-10-15 03:52:06', '2019-10-15 03:52:18'),
(202, 'Units', 'units', 'fa-cube', 'module', 198, 4, 'Add Units', '', 1, 'unitchange', '2019-10-15 03:53:05', '2019-10-15 03:53:18'),
(203, 'Departments', 'departments', 'fa-tags', 'module', 198, 5, 'Add Departments', '', 1, 'department', '2019-10-15 03:53:50', '2019-10-15 03:54:07'),
(204, 'Sections', 'sections', 'fa-user-secret', 'module', 198, 6, 'Add Sections', '', 1, 'section', '2019-10-15 03:54:16', '2019-10-15 03:54:34'),
(205, 'Business_initiatives', 'business_initiatives', 'fa-line-chart', 'module', 198, 8, 'Add Business', '', 1, 'business', '2019-10-15 03:55:21', '2019-10-15 03:56:14'),
(206, 'Categories', 'categories', 'fa-cube', 'module', 198, 7, 'Add Category', '', 1, 'category', '2019-10-15 03:56:04', '2019-10-15 03:56:14'),
(207, 'U_o_ms', 'u_o_ms', 'fa-cube', 'module', 198, 9, 'Add Uom', '', 1, 'uom', '2019-10-15 03:56:48', '2019-10-15 03:57:55'),
(208, 'Priorities', 'priorities', 'fa-cube', 'module', 198, 10, 'Add Priority', '', 1, 'priority', '2019-10-15 03:57:21', '2019-10-15 03:58:05'),
(209, 'Faqs', 'faqs', 'fa-cube', 'module', 198, 11, 'Add Faq', '', 1, 'faq-change', '2019-10-15 03:58:26', '2019-10-15 03:58:55'),
(210, 'Business_plans', 'business_plans', 'fa-cube', 'module', 198, 12, 'Vision/Mission', '', 1, 'strategic-obj/visionmission', '2019-10-15 03:58:40', '2019-11-07 13:13:13'),
(211, 'Project_Trackers', 'project_trackers', 'fa fa-cube', 'module', 0, 73, 'Project Tracker', 'transform', 1, 'dashboards/dashboard-project', '2019-11-02 04:34:42', '2019-11-16 05:34:57'),
(212, 'Governances', 'governances', 'fa fa-cube', 'module', 198, 13, 'Governance', '', 1, 'governance', '2019-11-07 03:49:07', '2019-11-07 13:13:13'),
(213, 'Presentations', 'presentations', 'fa fa-cube', 'module', 198, 14, 'Presentation', '', 1, 'presentation', '2019-11-07 03:51:39', '2019-11-07 13:13:13'),
(214, 'Facility_details', 'facility_details', 'fa fa-cube', 'module', 198, 15, 'Facility Details', '', 1, 'facility', '2019-11-07 05:20:22', '2019-11-08 05:36:59'),
(215, 'Photographs', 'photographs', 'fa fa-cube', 'module', 198, 16, 'Photograph', '', 1, 'photograph', '2019-11-07 05:22:36', '2019-11-08 05:36:59'),
(216, 'Procedure_temps', 'procedure_temps', 'fa fa-cube', 'module', 198, 17, 'Procedure & Templates', '', 1, 'procedure', '2019-11-07 05:27:21', '2019-11-08 05:36:59'),
(217, 'Products_services', 'products_services', 'fa fa-cube', 'module', 198, 18, 'Products & Services', '', 1, 'products-services', '2019-11-07 05:28:54', '2019-11-08 05:36:59'),
(219, 'Governances', 'governances', 'fa-cube', 'module', 225, 1, 'Governances', '', 1, 'view-governance', '2019-11-08 01:57:22', '2019-11-08 02:14:18'),
(220, 'Presentations', 'presentations', 'fa-cube', 'module', 225, 2, 'Presentations', '', 1, 'view-presentation', '2019-11-08 01:58:55', '2019-11-08 02:14:38'),
(221, 'Facility_details', 'facility_details', 'fa-cube', 'module', 225, 3, 'Facility Details', '', 1, '', '2019-11-08 01:59:02', '2019-11-08 05:36:17'),
(222, 'Photographs', 'photographs', 'fa-cube', 'module', 225, 4, 'Photographs', '', 1, '', '2019-11-08 01:59:28', '2019-11-08 05:36:59'),
(223, 'Procedure_temps', 'procedure_temps', 'fa-cube', 'module', 225, 5, 'Procedure & Templates', '', 1, '', '2019-11-08 01:59:34', '2019-11-08 05:36:59'),
(224, 'Products_services', 'products_services', 'fa-cube', 'module', 225, 6, 'Products & Services', '', 1, '', '2019-11-08 01:59:36', '2019-11-08 05:36:59'),
(225, 'Business_vitals', 'business_vitals', 'fa-cube', 'module', 0, 75, 'Business Vitals', 'view_module', 1, 'view-governance', '2019-11-08 02:12:23', '2019-11-16 05:34:57'),
(226, 'Locations', 'locations', 'fa-cube', 'module', 221, 1, 'Locations', '', 1, 'location-facility', '2019-11-08 03:43:31', '2019-11-08 05:36:27'),
(227, 'Layouts', 'layouts', 'fa-cube', 'module', 221, 2, 'Layouts', '', 1, 'layout-facility', '2019-11-08 03:48:58', '2019-11-08 05:36:33'),
(228, 'Machine_equipments', 'machine_equipments', 'fa-cube', 'module', 221, 3, 'Machine & Equipment', '', 1, 'machine-facility', '2019-11-08 03:52:37', '2019-11-08 05:36:39'),
(229, 'Infrastructures', 'infrastructures', 'fa-cube', 'module', 221, 4, 'Infrastructure', '', 1, 'infrastructure', '2019-11-08 04:04:48', '2019-11-08 05:36:42'),
(230, 'Media_photographies', 'media_photographies', 'fa-cube', 'module', 222, 1, 'Media', '', 1, 'media-photography', '2019-11-08 04:24:08', '2019-11-08 04:24:55'),
(231, 'Events_photographies', 'events_photographies', 'fa-cube', 'module', 222, 2, 'Events', '', 1, 'events-photography', '2019-11-08 04:24:11', '2019-11-08 04:25:14'),
(232, 'Celebrations', 'celebrations', 'fa-cube', 'module', 222, 3, 'Celebration', '', 1, 'celebration', '2019-11-08 04:24:13', '2019-11-08 04:25:37'),
(233, 'Procedure_hrs', 'procedure_hrs', 'fa-cube', 'module', 223, 1, 'Procedure-HR', '', 1, 'hr-procedure', '2019-11-08 04:35:06', '2019-11-08 04:35:47'),
(234, 'Procedure_operations', 'procedure_operations', 'fa-cube', 'module', 223, 2, 'Procedure - Operations', '', 1, 'operations', '2019-11-08 04:35:09', '2019-11-08 04:36:11'),
(235, 'Procedure_rds', 'procedure_rds', 'fa-cube', 'module', 223, 3, 'Procedure- R & D', '', 1, 'rd-procedure', '2019-11-08 04:35:11', '2019-11-08 04:36:38'),
(236, 'Software_developments', 'software_developments', 'fa-cube', 'module', 224, 1, 'Software Development', '', 1, 'software-development', '2019-11-08 05:02:02', '2019-11-08 05:02:58'),
(237, 'Product_developments', 'product_developments', 'fa-cube', 'module', 224, 2, 'Product Development', '', 1, 'product-development', '2019-11-08 05:02:04', '2019-11-08 05:03:22'),
(238, 'Big_data_services', 'big_data_services', 'fa-cube', 'module', 224, 3, 'Big Data Services', '', 1, 'big-data-services', '2019-11-08 05:02:13', '2019-11-08 05:04:27'),
(240, 'Prima_pluse_navs', 'prima_pluse_navs', 'fa-cube', 'module', 0, 76, 'Prima Pluse Navigation', 'view_module', 1, 'prima-navigation', '2019-11-11 07:05:06', '2019-11-16 05:34:57'),
(241, 'Helps', 'helps', 'fa-cube', 'module', 240, 2, 'Help', '', 1, 'knowledge-base', '2019-11-11 07:06:26', '2019-11-11 07:11:08'),
(242, 'Prima_processes', 'prima_processes', 'fa-cube', 'module', 240, 4, 'Prima Process', '', 1, 'prima-process', '2019-11-11 07:06:29', '2019-11-11 07:10:54'),
(243, 'Demos', 'demos', 'fa-cube', 'module', 240, 3, 'Demo', '', 1, 'prima-demo', '2019-11-11 07:06:45', '2019-11-11 07:11:08'),
(244, 'Faqs', 'faqs', 'fa-cube', 'module', 240, 1, 'Faq', '', 1, 'faq', '2019-11-11 07:10:36', '2019-11-11 07:11:03');

-- --------------------------------------------------------

--
-- Table structure for table `lead_kpis`
--

CREATE TABLE `lead_kpis` (
  `id` int(10) UNSIGNED NOT NULL,
  `deleted_at` timestamp NULL DEFAULT NULL,
  `created_at` timestamp NULL DEFAULT NULL,
  `updated_at` timestamp NULL DEFAULT NULL,
  `menu` varchar(15) COLLATE utf8_unicode_ci NOT NULL
) ENGINE=InnoDB DEFAULT CHARSET=utf8 COLLATE=utf8_unicode_ci;

-- --------------------------------------------------------

--
-- Table structure for table `locations`
--

CREATE TABLE `locations` (
  `id` int(10) UNSIGNED NOT NULL,
  `deleted_at` timestamp NULL DEFAULT NULL,
  `created_at` timestamp NULL DEFAULT NULL,
  `updated_at` timestamp NULL DEFAULT NULL,
  `test_location` varchar(256) COLLATE utf8_unicode_ci NOT NULL DEFAULT '20'
) ENGINE=InnoDB DEFAULT CHARSET=utf8 COLLATE=utf8_unicode_ci;

-- --------------------------------------------------------

--
-- Table structure for table `login_access_tokens`
--

CREATE TABLE `login_access_tokens` (
  `id` int(10) UNSIGNED NOT NULL,
  `user_id` int(10) UNSIGNED NOT NULL DEFAULT '0',
  `access_token` varchar(250) COLLATE utf8_unicode_ci NOT NULL DEFAULT '',
  `deleted_at` timestamp NULL DEFAULT NULL,
  `created_at` timestamp NULL DEFAULT NULL,
  `updated_at` timestamp NULL DEFAULT NULL
) ENGINE=InnoDB DEFAULT CHARSET=utf8 COLLATE=utf8_unicode_ci;

--
-- Dumping data for table `login_access_tokens`
--

INSERT INTO `login_access_tokens` (`id`, `user_id`, `access_token`, `deleted_at`, `created_at`, `updated_at`) VALUES
(0, 20, '5dc514a190d2e', NULL, '2019-11-08 01:39:21', '2019-11-08 01:39:21'),
(2, 12, '5c07b68e0cf3a', NULL, '2018-12-05 05:59:18', '2018-12-05 05:59:18'),
(3, 13, '5c10c08b3cf48', NULL, '2018-12-12 02:32:19', '2018-12-12 02:32:19'),
(4, 15, '5c174489e710b', NULL, '2018-12-17 01:09:05', '2018-12-17 01:09:05'),
(5, 15, '5c1a42ad6531f', NULL, '2018-12-18 19:37:57', '2018-12-18 19:37:57'),
(6, 15, '5c1a436626d56', NULL, '2018-12-18 19:41:02', '2018-12-18 19:41:02'),
(7, 15, '5c1b59185dc77', NULL, '2018-12-20 08:55:52', '2018-12-20 08:55:52'),
(8, 1, '5c206e9a7b91b', NULL, '2018-12-23 23:58:58', '2018-12-23 23:58:58'),
(9, 1, '5c206f651a0e8', NULL, '2018-12-24 00:02:21', '2018-12-24 00:02:21'),
(10, 15, '5c2208108314c', NULL, '2018-12-25 10:36:00', '2018-12-25 10:36:00'),
(11, 15, '5c220f34ed707', NULL, '2018-12-25 11:06:28', '2018-12-25 11:06:28'),
(12, 15, '5c2213efad8b9', NULL, '2018-12-25 11:26:39', '2018-12-25 11:26:39'),
(13, 15, '5c2214951da19', NULL, '2018-12-25 11:29:25', '2018-12-25 11:29:25'),
(14, 15, '5c2214ffa4e66', NULL, '2018-12-25 11:31:11', '2018-12-25 11:31:11'),
(15, 15, '5c221aacdb7d4', NULL, '2018-12-25 11:55:24', '2018-12-25 11:55:24'),
(16, 15, '5c221d008ead0', NULL, '2018-12-25 12:05:20', '2018-12-25 12:05:20'),
(17, 15, '5c221dc2515bc', NULL, '2018-12-25 12:08:34', '2018-12-25 12:08:34'),
(18, 15, '5c221e2dabc86', NULL, '2018-12-25 12:10:21', '2018-12-25 12:10:21'),
(19, 15, '5c221e51af049', NULL, '2018-12-25 12:10:57', '2018-12-25 12:10:57'),
(20, 15, '5c221eafce4cf', NULL, '2018-12-25 12:12:31', '2018-12-25 12:12:31'),
(21, 15, '5c221edd4eee8', NULL, '2018-12-25 12:13:17', '2018-12-25 12:13:17'),
(22, 15, '5c2220567ba16', NULL, '2018-12-25 12:19:34', '2018-12-25 12:19:34'),
(23, 15, '5c2220919d75c', NULL, '2018-12-25 12:20:33', '2018-12-25 12:20:33'),
(24, 15, '5c222612e748d', NULL, '2018-12-25 12:44:02', '2018-12-25 12:44:02'),
(25, 15, '5c22288843d0a', NULL, '2018-12-25 12:54:32', '2018-12-25 12:54:32'),
(26, 15, '5c223035798f2', NULL, '2018-12-25 01:27:17', '2018-12-25 01:27:17'),
(27, 15, '5c23100a7b0eb', NULL, '2018-12-26 05:22:18', '2018-12-26 05:22:18'),
(28, 15, '5c2368bcc0d80', NULL, '2018-12-26 11:40:44', '2018-12-26 11:40:44'),
(29, 15, '5c2368dfb8868', NULL, '2018-12-26 11:41:19', '2018-12-26 11:41:19'),
(30, 15, '5c24ba25dab03', NULL, '2018-12-27 11:40:21', '2018-12-27 11:40:21'),
(31, 15, '5c24c1ffc1712', NULL, '2018-12-27 12:13:51', '2018-12-27 12:13:51'),
(32, 17, '5c24da9226370', NULL, '2018-12-27 01:58:42', '2018-12-27 01:58:42'),
(33, 17, '5c24dac64c63e', NULL, '2018-12-27 01:59:34', '2018-12-27 01:59:34'),
(34, 15, '5c24db0a58529', NULL, '2018-12-27 02:00:42', '2018-12-27 02:00:42'),
(35, 17, '5c24db1526564', NULL, '2018-12-27 02:00:53', '2018-12-27 02:00:53'),
(36, 15, '5c258df1b0bb2', NULL, '2018-12-28 02:44:01', '2018-12-28 02:44:01'),
(37, 15, '5c258e1f26b7e', NULL, '2018-12-28 02:44:47', '2018-12-28 02:44:47'),
(38, 15, '5c25946dad299', NULL, '2018-12-28 03:11:41', '2018-12-28 03:11:41'),
(39, 15, '5c25966dc60a6', NULL, '2018-12-28 03:20:13', '2018-12-28 03:20:13'),
(40, 15, '5c2596c4de818', NULL, '2018-12-28 03:21:40', '2018-12-28 03:21:40'),
(41, 15, '5c259703335d3', NULL, '2018-12-28 03:22:43', '2018-12-28 03:22:43'),
(42, 15, '5c25b0997cb1f', NULL, '2018-12-28 05:11:53', '2018-12-28 05:11:53'),
(43, 15, '5c26fd994e2a9', NULL, '2018-12-29 04:52:41', '2018-12-29 04:52:41'),
(44, 15, '5c270a99b3fd7', NULL, '2018-12-29 05:48:09', '2018-12-29 05:48:09'),
(45, 15, '5c2710e45047b', NULL, '2018-12-29 06:15:00', '2018-12-29 06:15:00'),
(46, 15, '5c271311e2ff7', NULL, '2018-12-29 06:24:17', '2018-12-29 06:24:17'),
(47, 15, '5c2713cf10653', NULL, '2018-12-29 06:27:27', '2018-12-29 06:27:27'),
(48, 15, '5c2717c4b26f7', NULL, '2018-12-29 06:44:20', '2018-12-29 06:44:20'),
(49, 15, '5c271846ae886', NULL, '2018-12-29 06:46:30', '2018-12-29 06:46:30'),
(50, 1, '5c271b407e7a4', NULL, '2018-12-29 06:59:12', '2018-12-29 06:59:12'),
(51, 15, '5c271b82a1b47', NULL, '2018-12-29 07:00:18', '2018-12-29 07:00:18'),
(52, 15, '5c271cbeafa9d', NULL, '2018-12-29 07:05:34', '2018-12-29 07:05:34'),
(53, 15, '5c271d348594b', NULL, '2018-12-29 07:07:32', '2018-12-29 07:07:32'),
(54, 18, '5c273a1360cfd', NULL, '2018-12-29 09:10:43', '2018-12-29 09:10:43'),
(55, 19, '5c273a774d9f7', NULL, '2018-12-29 09:12:23', '2018-12-29 09:12:23'),
(56, 19, '5c273a9b005df', NULL, '2018-12-29 09:12:58', '2018-12-29 09:12:58'),
(57, 15, '5c27474fbf828', NULL, '2018-12-29 10:07:11', '2018-12-29 10:07:11'),
(58, 15, '5c274c040dfe9', NULL, '2018-12-29 10:27:16', '2018-12-29 10:27:16'),
(59, 15, '5c274fd6c3842', NULL, '2018-12-29 10:43:34', '2018-12-29 10:43:34'),
(60, 15, '5c27538e39e7d', NULL, '2018-12-29 10:59:26', '2018-12-29 10:59:26'),
(61, 15, '5c275717092ca', NULL, '2018-12-29 11:14:31', '2018-12-29 11:14:31'),
(62, 15, '5c27575e1041b', NULL, '2018-12-29 11:15:42', '2018-12-29 11:15:42'),
(63, 15, '5c275acb27409', NULL, '2018-12-29 11:30:19', '2018-12-29 11:30:19'),
(64, 15, '5c275beb67b4d', NULL, '2018-12-29 11:35:07', '2018-12-29 11:35:07'),
(65, 15, '5c2768ac31860', NULL, '2018-12-29 12:29:32', '2018-12-29 12:29:32'),
(66, 15, '5c2768d225407', NULL, '2018-12-29 12:30:10', '2018-12-29 12:30:10'),
(67, 1, '5c2770ced80bf', NULL, '2018-12-29 01:04:14', '2018-12-29 01:04:14'),
(68, 15, '5c2775a7481a5', NULL, '2018-12-29 01:24:55', '2018-12-29 01:24:55'),
(69, 15, '5c2c4bbb1217b', NULL, '2019-01-02 05:27:23', '2019-01-02 05:27:23'),
(70, 15, '5c2c5a1f5101b', NULL, '2019-01-02 06:28:47', '2019-01-02 06:28:47'),
(71, 1, '5c2da1f44ab8b', NULL, '2019-01-03 00:17:32', '2019-01-03 00:17:32'),
(72, 15, '5c2da2264ce28', NULL, '2019-01-03 00:18:22', '2019-01-03 00:18:22'),
(73, 15, '5c3f18df05da4', NULL, '2019-01-16 11:43:27', '2019-01-16 11:43:27'),
(74, 15, '5c3f1baa46f5e', NULL, '2019-01-16 11:55:22', '2019-01-16 11:55:22'),
(75, 15, '5c3f1c110851a', NULL, '2019-01-16 11:57:05', '2019-01-16 11:57:05'),
(76, 15, '5c3f1fa306a23', NULL, '2019-01-16 12:12:19', '2019-01-16 12:12:19'),
(77, 15, '5c3f2894eb892', NULL, '2019-01-16 12:50:28', '2019-01-16 12:50:28'),
(78, 15, '5c3f298d93965', NULL, '2019-01-16 12:54:37', '2019-01-16 12:54:37'),
(79, 15, '5c3f2a3b0aeda', NULL, '2019-01-16 12:57:31', '2019-01-16 12:57:31'),
(80, 15, '5c3f2b8868303', NULL, '2019-01-16 01:03:04', '2019-01-16 01:03:04'),
(81, 15, '5c3f2cfa6bd7e', NULL, '2019-01-16 01:09:14', '2019-01-16 01:09:14'),
(82, 15, '5c3f2cfd5d5f2', NULL, '2019-01-16 01:09:17', '2019-01-16 01:09:17'),
(83, 15, '5c3f2e1fead0f', NULL, '2019-01-16 01:14:07', '2019-01-16 01:14:07'),
(84, 15, '5c4008f4dc07e', NULL, '2019-01-17 04:47:48', '2019-01-17 04:47:48'),
(85, 15, '5c404becae18b', NULL, '2019-01-17 09:33:32', '2019-01-17 09:33:32'),
(86, 15, '5c404cd170301', NULL, '2019-01-17 09:37:21', '2019-01-17 09:37:21'),
(87, 15, '5c406c09e7465', NULL, '2019-01-17 11:50:33', '2019-01-17 11:50:33'),
(88, 15, '5c40815b99c39', NULL, '2019-01-17 01:21:31', '2019-01-17 01:21:31'),
(89, 15, '5c4086b8b19bd', NULL, '2019-01-17 01:44:24', '2019-01-17 01:44:24'),
(90, 15, '5c4087e588558', NULL, '2019-01-17 01:49:25', '2019-01-17 01:49:25'),
(91, 15, '5c40a25ac8569', NULL, '2019-01-17 03:42:18', '2019-01-17 03:42:18'),
(92, 15, '5c40a2c39f715', NULL, '2019-01-17 03:44:03', '2019-01-17 03:44:03'),
(93, 15, '5c4132570b651', NULL, '2019-01-18 01:56:39', '2019-01-18 01:56:39'),
(94, 15, '5c4163d3c8514', NULL, '2019-01-18 05:27:47', '2019-01-18 05:27:47'),
(95, 15, '5c46eefb09e54', NULL, '2019-01-22 10:22:51', '2019-01-22 10:22:51'),
(96, 20, '5c470c7f69c90', NULL, '2019-01-22 12:28:47', '2019-01-22 12:28:47'),
(97, 20, '5c470c8af2157', NULL, '2019-01-22 12:28:58', '2019-01-22 12:28:58'),
(98, 20, '5c470d69d17f8', NULL, '2019-01-22 12:32:41', '2019-01-22 12:32:41'),
(99, 15, '5c47147924155', NULL, '2019-01-22 01:02:49', '2019-01-22 01:02:49'),
(100, 20, '5c4714db4a000', NULL, '2019-01-22 01:04:27', '2019-01-22 01:04:27'),
(101, 20, '5c47f643cfa9b', NULL, '2019-01-23 05:06:11', '2019-01-23 05:06:11'),
(102, 20, '5c517c4bcd778', NULL, '2019-01-30 10:28:27', '2019-01-30 10:28:27'),
(103, 20, '5c517f9da6279', NULL, '2019-01-30 10:42:37', '2019-01-30 10:42:37'),
(104, 20, '5c519391146d3', NULL, '2019-01-30 12:07:45', '2019-01-30 12:07:45'),
(105, 20, '5c51dac9e8e7a', NULL, '2019-01-30 05:11:37', '2019-01-30 05:11:37'),
(106, 20, '5c51dafea1f9e', NULL, '2019-01-30 05:12:30', '2019-01-30 05:12:30'),
(107, 15, '5c51e0fa0c9a8', NULL, '2019-01-30 05:38:02', '2019-01-30 05:38:02'),
(108, 15, '5c51e133e0e10', NULL, '2019-01-30 05:38:59', '2019-01-30 05:38:59'),
(109, 15, '5c51e134ba581', NULL, '2019-01-30 05:39:00', '2019-01-30 05:39:00'),
(110, 15, '5c52860406db6', NULL, '2019-01-31 05:22:12', '2019-01-31 05:22:12'),
(111, 20, '5c5290085dfa1', NULL, '2019-01-31 06:04:56', '2019-01-31 06:04:56'),
(112, 20, '5c529073ae6c0', NULL, '2019-01-31 06:06:43', '2019-01-31 06:06:43'),
(113, 15, '5c52ba01208b3', NULL, '2019-01-31 09:04:01', '2019-01-31 09:04:01'),
(114, 20, '5c52dc276bbf5', NULL, '2019-01-31 11:29:43', '2019-01-31 11:29:43'),
(115, 20, '5c52dc5479a99', NULL, '2019-01-31 11:30:28', '2019-01-31 11:30:28'),
(116, 20, '5c52e08423a39', NULL, '2019-01-31 11:48:20', '2019-01-31 11:48:20'),
(117, 15, '5c52e0e4dfab1', NULL, '2019-01-31 11:49:56', '2019-01-31 11:49:56'),
(118, 15, '5c52e1027d703', NULL, '2019-01-31 11:50:26', '2019-01-31 11:50:26'),
(119, 20, '5c52e480895db', NULL, '2019-01-31 12:05:20', '2019-01-31 12:05:20'),
(120, 15, '5c52e54868acd', NULL, '2019-01-31 12:08:40', '2019-01-31 12:08:40'),
(121, 20, '5c52e5a2060cb', NULL, '2019-01-31 12:10:10', '2019-01-31 12:10:10'),
(122, 15, '5c52e5e36e476', NULL, '2019-01-31 12:11:15', '2019-01-31 12:11:15'),
(123, 20, '5c52e67ece580', NULL, '2019-01-31 12:13:50', '2019-01-31 12:13:50'),
(124, 15, '5c52f0048a615', NULL, '2019-01-31 12:54:28', '2019-01-31 12:54:28'),
(125, 20, '5c52f03e735df', NULL, '2019-01-31 12:55:26', '2019-01-31 12:55:26'),
(126, 15, '5c52f3ecc38be', NULL, '2019-01-31 01:11:08', '2019-01-31 01:11:08'),
(127, 20, '5c53d07edf84b', NULL, '2019-02-01 04:52:14', '2019-02-01 04:52:14'),
(128, 15, '5c540c255c85d', NULL, '2019-02-01 09:06:45', '2019-02-01 09:06:45'),
(129, 20, '5c5525ce57ea2', NULL, '2019-02-02 05:08:30', '2019-02-02 05:08:30'),
(130, 15, '5c5580c9685fd', NULL, '2019-02-02 11:36:41', '2019-02-02 11:36:41'),
(131, 20, '5c5580fda11e5', NULL, '2019-02-02 11:37:33', '2019-02-02 11:37:33'),
(132, 20, '5c559ca7e9465', NULL, '2019-02-02 01:35:35', '2019-02-02 01:35:35'),
(133, 15, '5c559e1c3fc96', NULL, '2019-02-02 01:41:48', '2019-02-02 01:41:48'),
(134, 20, '5c559e7d717b0', NULL, '2019-02-02 01:43:25', '2019-02-02 01:43:25'),
(135, 1, '5c55a103215ff', NULL, '2019-02-02 01:54:11', '2019-02-02 01:54:11'),
(136, 15, '5c56c1a267a8d', NULL, '2019-02-03 10:25:38', '2019-02-03 10:25:38'),
(137, 15, '5c56c24953f03', NULL, '2019-02-03 10:28:25', '2019-02-03 10:28:25'),
(138, 15, '5c56d1caf389f', NULL, '2019-02-03 11:34:34', '2019-02-03 11:34:34'),
(139, 20, '5c57c6449c592', NULL, '2019-02-04 04:57:40', '2019-02-04 04:57:40'),
(140, 15, '5c57d1747a9a6', NULL, '2019-02-04 05:45:24', '2019-02-04 05:45:24'),
(141, 20, '5c57eded09479', NULL, '2019-02-04 07:46:53', '2019-02-04 07:46:53'),
(142, 15, '5c58385db4f0b', NULL, '2019-02-04 01:04:29', '2019-02-04 01:04:29'),
(143, 15, '5c5857033b3bc', NULL, '2019-02-04 03:15:15', '2019-02-04 03:15:15'),
(144, 20, '5c5918a1bdbe3', NULL, '2019-02-05 05:01:21', '2019-02-05 05:01:21'),
(145, 20, '5c591fb1e281a', NULL, '2019-02-05 05:31:29', '2019-02-05 05:31:29'),
(146, 15, '5c592e5488f8d', NULL, '2019-02-05 06:33:56', '2019-02-05 06:33:56'),
(147, 1, '5c599ac4067f0', NULL, '2019-02-05 02:16:36', '2019-02-05 02:16:36'),
(148, 15, '5c599b4e97a49', NULL, '2019-02-05 02:18:54', '2019-02-05 02:18:54'),
(149, 15, '5c59aa60945e7', NULL, '2019-02-05 03:23:12', '2019-02-05 03:23:12'),
(150, 15, '5c59acbbc2059', NULL, '2019-02-05 03:33:15', '2019-02-05 03:33:15'),
(151, 15, '5c5a4fca98dba', NULL, '2019-02-06 03:08:58', '2019-02-06 03:08:58'),
(152, 15, '5c5a712589db7', NULL, '2019-02-06 05:31:17', '2019-02-06 05:31:17'),
(153, 15, '5c5a7ea7c01b8', NULL, '2019-02-06 06:28:55', '2019-02-06 06:28:55'),
(154, 15, '5c5a808dc4a3d', NULL, '2019-02-06 06:37:01', '2019-02-06 06:37:01'),
(155, 15, '5c5bb8a3d7203', NULL, '2019-02-07 04:48:35', '2019-02-07 04:48:35'),
(156, 15, '5c5c1a2ba3a05', NULL, '2019-02-07 11:44:43', '2019-02-07 11:44:43'),
(157, 15, '5c5d463825753', NULL, '2019-02-08 09:04:56', '2019-02-08 09:04:56'),
(158, 21, '5c5d4a4e6b790', NULL, '2019-02-08 09:22:22', '2019-02-08 09:22:22'),
(159, 21, '5c5d4a69811c6', NULL, '2019-02-08 09:22:49', '2019-02-08 09:22:49'),
(160, 21, '5c5d669fabe03', NULL, '2019-02-08 11:23:11', '2019-02-08 11:23:11'),
(161, 20, '5c5d676e1db2f', NULL, '2019-02-08 11:26:38', '2019-02-08 11:26:38'),
(162, 15, '5c5d697a7c207', NULL, '2019-02-08 11:35:22', '2019-02-08 11:35:22'),
(163, 22, '5c5d7635d1c7e', NULL, '2019-02-08 12:29:41', '2019-02-08 12:29:41'),
(164, 22, '5c5d7649994a7', NULL, '2019-02-08 12:30:01', '2019-02-08 12:30:01'),
(165, 15, '5c5d78cd75d71', NULL, '2019-02-08 12:40:45', '2019-02-08 12:40:45'),
(166, 15, '5c5d8e0023346', NULL, '2019-02-08 02:11:12', '2019-02-08 02:11:12'),
(167, 15, '5c5db5f03603f', NULL, '2019-02-08 05:01:36', '2019-02-08 05:01:36'),
(168, 15, '5c5e7199a252e', NULL, '2019-02-09 06:22:17', '2019-02-09 06:22:17'),
(169, 15, '5c5e74707c608', NULL, '2019-02-09 06:34:24', '2019-02-09 06:34:24'),
(170, 15, '5c5e74b0b7819', NULL, '2019-02-09 06:35:28', '2019-02-09 06:35:28'),
(171, 15, '5c5fc6e3c97c3', NULL, '2019-02-10 06:38:27', '2019-02-10 06:38:27'),
(172, 15, '5c6072c3aca0c', NULL, '2019-02-10 06:51:47', '2019-02-10 06:51:47'),
(173, 15, '5c61afc62629f', NULL, '2019-02-11 05:24:22', '2019-02-11 05:24:22'),
(174, 20, '5c62caa965d24', NULL, '2019-02-12 01:31:21', '2019-02-12 01:31:21'),
(175, 15, '5c62ce2b7c867', NULL, '2019-02-12 01:46:19', '2019-02-12 01:46:19'),
(176, 23, '5c63b7cd67b77', NULL, '2019-02-13 06:23:09', '2019-02-13 06:23:09'),
(177, 23, '5c63b7e0bc24f', NULL, '2019-02-13 06:23:28', '2019-02-13 06:23:28'),
(178, 23, '5c63c1a120f6a', NULL, '2019-02-13 07:05:05', '2019-02-13 07:05:05'),
(179, 23, '5c64fc46dd0b0', NULL, '2019-02-14 05:27:34', '2019-02-14 05:27:34'),
(180, 23, '5c64fc4793228', NULL, '2019-02-14 05:27:35', '2019-02-14 05:27:35'),
(181, 15, '5c6589bc21150', NULL, '2019-02-14 03:31:08', '2019-02-14 03:31:08'),
(182, 15, '5c65a1bc838a7', NULL, '2019-02-14 05:13:32', '2019-02-14 05:13:32'),
(183, 20, '5c67988a2cdf6', NULL, '2019-02-16 04:58:50', '2019-02-16 04:58:50'),
(184, 20, '5c67a0ef70093', NULL, '2019-02-16 05:34:39', '2019-02-16 05:34:39'),
(185, 20, '5c67a2677235f', NULL, '2019-02-16 05:40:55', '2019-02-16 05:40:55'),
(186, 20, '5c67a54a1c7e0', NULL, '2019-02-16 05:53:14', '2019-02-16 05:53:14'),
(187, 20, '5c67ab2357597', NULL, '2019-02-16 06:18:11', '2019-02-16 06:18:11'),
(188, 20, '5c67ad60e0a7d', NULL, '2019-02-16 06:27:44', '2019-02-16 06:27:44'),
(189, 20, '5c67b2204065d', NULL, '2019-02-16 06:48:00', '2019-02-16 06:48:00'),
(190, 20, '5c67b70559b08', NULL, '2019-02-16 07:08:53', '2019-02-16 07:08:53'),
(191, 15, '5c67b9e2b5eb1', NULL, '2019-02-16 07:21:06', '2019-02-16 07:21:06'),
(192, 15, '5c67bbb07f101', NULL, '2019-02-16 07:28:48', '2019-02-16 07:28:48'),
(193, 20, '5c67bc9110773', NULL, '2019-02-16 07:32:33', '2019-02-16 07:32:33'),
(194, 20, '5c67bc91cee94', NULL, '2019-02-16 07:32:33', '2019-02-16 07:32:33'),
(195, 20, '5c67bcdba7a4a', NULL, '2019-02-16 07:33:47', '2019-02-16 07:33:47'),
(196, 20, '5c67be6e24831', NULL, '2019-02-16 07:40:30', '2019-02-16 07:40:30'),
(197, 20, '5c67ce04d034b', NULL, '2019-02-16 08:47:00', '2019-02-16 08:47:00'),
(198, 20, '5c6837cde5b8b', NULL, '2019-02-16 04:18:21', '2019-02-16 04:18:21'),
(199, 15, '5c68410d94485', NULL, '2019-02-16 04:57:49', '2019-02-16 04:57:49'),
(200, 15, '5c6843bd21b97', NULL, '2019-02-16 05:09:17', '2019-02-16 05:09:17'),
(201, 15, '5c6843e7e3546', NULL, '2019-02-16 05:09:59', '2019-02-16 05:09:59'),
(202, 15, '5c68bd0aeb3e6', NULL, '2019-02-17 01:46:50', '2019-02-17 01:46:50'),
(203, 15, '5c68e2adab066', NULL, '2019-02-17 04:27:25', '2019-02-17 04:27:25'),
(204, 15, '5c68e3226f3f6', NULL, '2019-02-17 04:29:22', '2019-02-17 04:29:22'),
(205, 15, '5c698e1069762', NULL, '2019-02-17 04:38:40', '2019-02-17 04:38:40'),
(206, 15, '5c699a79478fa', NULL, '2019-02-17 05:31:37', '2019-02-17 05:31:37'),
(207, 20, '5c6a39799c889', NULL, '2019-02-18 04:50:01', '2019-02-18 04:50:01'),
(208, 15, '5c6a39ef6c3fe', NULL, '2019-02-18 04:51:59', '2019-02-18 04:51:59'),
(209, 20, '5c6a3df41dece', NULL, '2019-02-18 05:09:08', '2019-02-18 05:09:08'),
(210, 23, '5c6a4773352c8', NULL, '2019-02-18 05:49:39', '2019-02-18 05:49:39'),
(211, 20, '5c6a48b2bc1a9', NULL, '2019-02-18 05:54:58', '2019-02-18 05:54:58'),
(212, 20, '5c6a4c231f814', NULL, '2019-02-18 06:09:39', '2019-02-18 06:09:39'),
(213, 15, '5c6a5be8c5b8b', NULL, '2019-02-18 07:16:56', '2019-02-18 07:16:56'),
(214, 20, '5c6cfc63a4749', NULL, '2019-02-20 07:06:11', '2019-02-20 07:06:11'),
(215, 20, '5c6e3115805e5', NULL, '2019-02-21 05:03:17', '2019-02-21 05:03:17'),
(216, 15, '5c6ea8ec357b5', NULL, '2019-02-21 01:34:36', '2019-02-21 01:34:36'),
(217, 15, '5c6ebbb08e4ab', NULL, '2019-02-21 02:54:40', '2019-02-21 02:54:40'),
(218, 15, '5c6fb9c74dbb4', NULL, '2019-02-22 08:58:47', '2019-02-22 08:58:47'),
(219, 15, '5c7174089296a', NULL, '2019-02-23 04:25:44', '2019-02-23 04:25:44'),
(220, 15, '5c72173334d24', NULL, '2019-02-24 04:01:55', '2019-02-24 04:01:55'),
(221, 20, '5c737390ae88a', NULL, '2019-02-25 04:48:16', '2019-02-25 04:48:16'),
(222, 15, '5c7387173d92a', NULL, '2019-02-25 06:11:35', '2019-02-25 06:11:35'),
(223, 20, '5c73b3f941766', NULL, '2019-02-25 09:23:05', '2019-02-25 09:23:05'),
(224, 15, '5c73b4f170d07', NULL, '2019-02-25 09:27:13', '2019-02-25 09:27:13'),
(225, 20, '5c73b79239762', NULL, '2019-02-25 09:38:26', '2019-02-25 09:38:26'),
(226, 15, '5c74cf199ce25', NULL, '2019-02-26 05:31:05', '2019-02-26 05:31:05'),
(227, 15, '5c761b099e944', NULL, '2019-02-27 05:07:21', '2019-02-27 05:07:21'),
(228, 20, '5c7624df5840b', NULL, '2019-02-27 05:49:19', '2019-02-27 05:49:19'),
(229, 20, '5c763d8f9c413', NULL, '2019-02-27 07:34:39', '2019-02-27 07:34:39'),
(230, 15, '5c776ea780e17', NULL, '2019-02-28 05:16:23', '2019-02-28 05:16:23'),
(231, 15, '5c77705fd5699', NULL, '2019-02-28 05:23:43', '2019-02-28 05:23:43'),
(232, 20, '5c77718d7afaf', NULL, '2019-02-28 05:28:45', '2019-02-28 05:28:45'),
(233, 15, '5c77f56928a31', NULL, '2019-02-28 02:51:21', '2019-02-28 02:51:21'),
(234, 20, '5c7932f6f188b', NULL, '2019-03-01 01:26:14', '2019-03-01 01:26:14'),
(235, 20, '5c7933b596c6c', NULL, '2019-03-01 01:29:25', '2019-03-01 01:29:25'),
(236, 20, '5c7948a60dc4a', NULL, '2019-03-01 02:58:46', '2019-03-01 02:58:46'),
(237, 15, '5c7a04dc9999e', NULL, '2019-03-02 04:21:48', '2019-03-02 04:21:48'),
(238, 15, '5c7a07b71d986', NULL, '2019-03-02 04:33:59', '2019-03-02 04:33:59'),
(239, 15, '5c7a0acbf0510', NULL, '2019-03-02 04:47:07', '2019-03-02 04:47:07'),
(240, 15, '5c7a96f6c4fb8', NULL, '2019-03-02 02:45:10', '2019-03-02 02:45:10'),
(241, 15, '5c7a970cd8eb3', NULL, '2019-03-02 02:45:32', '2019-03-02 02:45:32'),
(242, 15, '5c7a971ebafef', NULL, '2019-03-02 02:45:50', '2019-03-02 02:45:50'),
(243, 20, '5c7cc859ce784', NULL, '2019-03-04 06:40:25', '2019-03-04 06:40:25'),
(244, 20, '5c7faffdc65b5', NULL, '2019-03-06 11:33:17', '2019-03-06 11:33:17'),
(245, 15, '5c7fe3b8128c3', NULL, '2019-03-06 03:14:00', '2019-03-06 03:14:00'),
(246, 20, '5c81fea1d43df', NULL, '2019-03-08 05:33:21', '2019-03-08 05:33:21'),
(247, 20, '5c81ff9258f6e', NULL, '2019-03-08 05:37:22', '2019-03-08 05:37:22'),
(248, 20, '5c81ffbe5878e', NULL, '2019-03-08 05:38:06', '2019-03-08 05:38:06'),
(249, 20, '5c82001684dc4', NULL, '2019-03-08 05:39:34', '2019-03-08 05:39:34'),
(250, 20, '5c82078ad6112', NULL, '2019-03-08 06:11:22', '2019-03-08 06:11:22'),
(251, 20, '5c820fb8dada7', NULL, '2019-03-08 06:46:16', '2019-03-08 06:46:16'),
(252, 20, '5c82166c8be0c', NULL, '2019-03-08 07:14:52', '2019-03-08 07:14:52'),
(253, 20, '5c82286b418a6', NULL, '2019-03-08 08:31:39', '2019-03-08 08:31:39'),
(254, 20, '5c822e6bd08d7', NULL, '2019-03-08 08:57:15', '2019-03-08 08:57:15'),
(255, 20, '5c822ec8218b2', NULL, '2019-03-08 08:58:48', '2019-03-08 08:58:48'),
(256, 20, '5c82305de8d61', NULL, '2019-03-08 09:05:33', '2019-03-08 09:05:33'),
(257, 20, '5c823139e653b', NULL, '2019-03-08 09:09:13', '2019-03-08 09:09:13'),
(258, 20, '5c82317fc8cc5', NULL, '2019-03-08 09:10:23', '2019-03-08 09:10:23'),
(259, 20, '5c82323299e13', NULL, '2019-03-08 09:13:22', '2019-03-08 09:13:22'),
(260, 20, '5c82324b1ddbc', NULL, '2019-03-08 09:13:47', '2019-03-08 09:13:47'),
(261, 20, '5c82362f9ffe3', NULL, '2019-03-08 09:30:23', '2019-03-08 09:30:23'),
(262, 20, '5c823633ee128', NULL, '2019-03-08 09:30:27', '2019-03-08 09:30:27'),
(263, 20, '5c82363572f0d', NULL, '2019-03-08 09:30:29', '2019-03-08 09:30:29'),
(264, 20, '5c823635cf87e', NULL, '2019-03-08 09:30:29', '2019-03-08 09:30:29'),
(265, 20, '5c823636220a1', NULL, '2019-03-08 09:30:30', '2019-03-08 09:30:30'),
(266, 20, '5c8236d78a7f1', NULL, '2019-03-08 09:33:11', '2019-03-08 09:33:11'),
(267, 20, '5c824dfc5efa1', NULL, '2019-03-08 11:11:56', '2019-03-08 11:11:56'),
(268, 20, '5c8254e922684', NULL, '2019-03-08 11:41:29', '2019-03-08 11:41:29'),
(269, 20, '5c827a844a644', NULL, '2019-03-08 02:21:56', '2019-03-08 02:21:56'),
(270, 15, '5c828e8eda4bf', NULL, '2019-03-08 03:47:26', '2019-03-08 03:47:26'),
(271, 20, '5c85fb62ac354', NULL, '2019-03-11 06:08:34', '2019-03-11 06:08:34'),
(272, 20, '5c85fb8c5a578', NULL, '2019-03-11 06:09:16', '2019-03-11 06:09:16'),
(273, 20, '5c85fc22e57e7', NULL, '2019-03-11 06:11:46', '2019-03-11 06:11:46'),
(274, 20, '5c85fc348c3a4', NULL, '2019-03-11 06:12:04', '2019-03-11 06:12:04'),
(275, 20, '5c85fc390bb4e', NULL, '2019-03-11 06:12:09', '2019-03-11 06:12:09'),
(276, 20, '5c85fc6b6cd2f', NULL, '2019-03-11 06:12:59', '2019-03-11 06:12:59'),
(277, 20, '5c85fc7c58ea2', NULL, '2019-03-11 06:13:16', '2019-03-11 06:13:16'),
(278, 20, '5c85fcc749d88', NULL, '2019-03-11 06:14:31', '2019-03-11 06:14:31'),
(279, 20, '5c85fccacbeaa', NULL, '2019-03-11 06:14:34', '2019-03-11 06:14:34'),
(280, 20, '5c85fdf15f7c4', NULL, '2019-03-11 06:19:29', '2019-03-11 06:19:29'),
(281, 20, '5c85fe02365ae', NULL, '2019-03-11 06:19:46', '2019-03-11 06:19:46'),
(282, 20, '5c85fe912d26d', NULL, '2019-03-11 06:22:09', '2019-03-11 06:22:09'),
(283, 20, '5c85feaed8f25', NULL, '2019-03-11 06:22:38', '2019-03-11 06:22:38'),
(284, 20, '5c85ff297183f', NULL, '2019-03-11 06:24:41', '2019-03-11 06:24:41'),
(285, 20, '5c85ff49c4590', NULL, '2019-03-11 06:25:13', '2019-03-11 06:25:13'),
(286, 20, '5c85ffec867d7', NULL, '2019-03-11 06:27:56', '2019-03-11 06:27:56'),
(287, 20, '5c860004d3a24', NULL, '2019-03-11 06:28:20', '2019-03-11 06:28:20'),
(288, 20, '5c86031943200', NULL, '2019-03-11 06:41:29', '2019-03-11 06:41:29'),
(289, 20, '5c8604f9d30f5', NULL, '2019-03-11 06:49:29', '2019-03-11 06:49:29'),
(290, 20, '5c86091d990b9', NULL, '2019-03-11 07:07:09', '2019-03-11 07:07:09'),
(291, 20, '5c8609391dd29', NULL, '2019-03-11 07:07:37', '2019-03-11 07:07:37'),
(292, 20, '5c860de3d538d', NULL, '2019-03-11 07:27:31', '2019-03-11 07:27:31'),
(293, 20, '5c8610f0943e5', NULL, '2019-03-11 07:40:32', '2019-03-11 07:40:32'),
(294, 20, '5c8620dc58ab2', NULL, '2019-03-11 08:48:28', '2019-03-11 08:48:28'),
(295, 20, '5c8667f0924e1', NULL, '2019-03-11 01:51:44', '2019-03-11 01:51:44'),
(296, 20, '5c86684747c94', NULL, '2019-03-11 01:53:11', '2019-03-11 01:53:11'),
(297, 20, '5c86688917b6e', NULL, '2019-03-11 01:54:17', '2019-03-11 01:54:17'),
(298, 20, '5c8669416ffe2', NULL, '2019-03-11 01:57:21', '2019-03-11 01:57:21'),
(299, 20, '5c866992b0245', NULL, '2019-03-11 01:58:42', '2019-03-11 01:58:42'),
(300, 20, '5c86699ab6b63', NULL, '2019-03-11 01:58:50', '2019-03-11 01:58:50'),
(301, 20, '5c866a02d1695', NULL, '2019-03-11 02:00:34', '2019-03-11 02:00:34'),
(302, 20, '5c866a2a1c938', NULL, '2019-03-11 02:01:14', '2019-03-11 02:01:14'),
(303, 20, '5c866b0492368', NULL, '2019-03-11 02:04:52', '2019-03-11 02:04:52'),
(304, 20, '5c8671ecf27e3', NULL, '2019-03-11 02:34:20', '2019-03-11 02:34:20'),
(305, 20, '5c867361b3b46', NULL, '2019-03-11 02:40:33', '2019-03-11 02:40:33'),
(306, 15, '5c8687f0f21dd', NULL, '2019-03-11 04:08:16', '2019-03-11 04:08:16'),
(307, 15, '5c8688b9a536a', NULL, '2019-03-11 04:11:37', '2019-03-11 04:11:37'),
(308, 15, '5c8689397ead3', NULL, '2019-03-11 04:13:45', '2019-03-11 04:13:45'),
(309, 20, '5c873e3b0a492', NULL, '2019-03-12 05:06:03', '2019-03-12 05:06:03'),
(310, 20, '5c87494174748', NULL, '2019-03-12 05:53:05', '2019-03-12 05:53:05'),
(311, 15, '5c87606705467', NULL, '2019-03-12 07:31:51', '2019-03-12 07:31:51'),
(312, 20, '5c87612f41a73', NULL, '2019-03-12 07:35:11', '2019-03-12 07:35:11'),
(313, 15, '5c8762532310d', NULL, '2019-03-12 07:40:03', '2019-03-12 07:40:03'),
(314, 15, '5c877649b580d', NULL, '2019-03-12 09:05:13', '2019-03-12 09:05:13'),
(315, 15, '5c878ddc8064d', NULL, '2019-03-12 10:45:48', '2019-03-12 10:45:48'),
(316, 20, '5c87ad09ad410', NULL, '2019-03-12 12:58:49', '2019-03-12 12:58:49'),
(317, 20, '5c87aebe37967', NULL, '2019-03-12 01:06:06', '2019-03-12 01:06:06'),
(318, 20, '5c87b751d6c7b', NULL, '2019-03-12 01:42:41', '2019-03-12 01:42:41'),
(319, 20, '5c87b8aae124b', NULL, '2019-03-12 01:48:26', '2019-03-12 01:48:26'),
(320, 20, '5c87b8eede96f', NULL, '2019-03-12 01:49:34', '2019-03-12 01:49:34'),
(321, 20, '5c87b9e8bcbac', NULL, '2019-03-12 01:53:44', '2019-03-12 01:53:44'),
(322, 20, '5c87ba080415f', NULL, '2019-03-12 01:54:16', '2019-03-12 01:54:16'),
(323, 20, '5c87bd8f60ef7', NULL, '2019-03-12 02:09:19', '2019-03-12 02:09:19'),
(324, 20, '5c87bdd6257de', NULL, '2019-03-12 02:10:30', '2019-03-12 02:10:30'),
(325, 20, '5c87be656b50d', NULL, '2019-03-12 02:12:53', '2019-03-12 02:12:53'),
(326, 20, '5c87c0cc278d8', NULL, '2019-03-12 02:23:08', '2019-03-12 02:23:08'),
(327, 20, '5c87c1278d43a', NULL, '2019-03-12 02:24:39', '2019-03-12 02:24:39'),
(328, 20, '5c87c6c622dd1', NULL, '2019-03-12 02:48:38', '2019-03-12 02:48:38'),
(329, 20, '5c87c745146ba', NULL, '2019-03-12 02:50:45', '2019-03-12 02:50:45'),
(330, 20, '5c888f29cbef8', NULL, '2019-03-13 05:03:37', '2019-03-13 05:03:37'),
(331, 15, '5c88b41e807e9', NULL, '2019-03-13 07:41:18', '2019-03-13 07:41:18'),
(332, 20, '5c88b45b49002', NULL, '2019-03-13 07:42:19', '2019-03-13 07:42:19'),
(333, 15, '5c88c567e5e65', NULL, '2019-03-13 08:55:03', '2019-03-13 08:55:03'),
(334, 20, '5c88d81debc0b', NULL, '2019-03-13 10:14:53', '2019-03-13 10:14:53'),
(335, 20, '5c88d950c0c40', NULL, '2019-03-13 10:20:00', '2019-03-13 10:20:00'),
(336, 20, '5c88da260f34d', NULL, '2019-03-13 10:23:34', '2019-03-13 10:23:34'),
(337, 20, '5c88dc00ebb06', NULL, '2019-03-13 10:31:28', '2019-03-13 10:31:28'),
(338, 20, '5c88dc80c3ce2', NULL, '2019-03-13 10:33:36', '2019-03-13 10:33:36'),
(339, 15, '5c88e191c13b0', NULL, '2019-03-13 10:55:13', '2019-03-13 10:55:13'),
(340, 20, '5c88eb5875f56', NULL, '2019-03-13 11:36:56', '2019-03-13 11:36:56'),
(341, 20, '5c88ed23b5e2d', NULL, '2019-03-13 11:44:35', '2019-03-13 11:44:35'),
(342, 20, '5c88eed577c18', NULL, '2019-03-13 11:51:49', '2019-03-13 11:51:49'),
(343, 20, '5c88f03b801de', NULL, '2019-03-13 11:57:47', '2019-03-13 11:57:47'),
(344, 20, '5c88f46ea511e', NULL, '2019-03-13 12:15:42', '2019-03-13 12:15:42'),
(345, 20, '5c88f59882ed1', NULL, '2019-03-13 12:20:40', '2019-03-13 12:20:40'),
(346, 20, '5c88f5d54474f', NULL, '2019-03-13 12:21:41', '2019-03-13 12:21:41'),
(347, 20, '5c89034937559', NULL, '2019-03-13 01:19:05', '2019-03-13 01:19:05'),
(348, 20, '5c8906f6e5242', NULL, '2019-03-13 01:34:46', '2019-03-13 01:34:46'),
(349, 20, '5c89146b79977', NULL, '2019-03-13 02:32:11', '2019-03-13 02:32:11'),
(350, 15, '5c893b6f84796', NULL, '2019-03-13 05:18:39', '2019-03-13 05:18:39'),
(351, 20, '5c89dfba76449', NULL, '2019-03-14 04:59:38', '2019-03-14 04:59:38'),
(352, 15, '5c89f0cbd3d31', NULL, '2019-03-14 06:12:27', '2019-03-14 06:12:27'),
(353, 20, '5c89f0e043e94', NULL, '2019-03-14 06:12:48', '2019-03-14 06:12:48'),
(354, 15, '5c8a084d151a0', NULL, '2019-03-14 07:52:45', '2019-03-14 07:52:45'),
(355, 20, '5c90958a882d4', NULL, '2019-03-19 07:08:58', '2019-03-19 07:08:58'),
(356, 20, '5c9097c14dfe7', NULL, '2019-03-19 07:18:25', '2019-03-19 07:18:25'),
(357, 20, '5c90d6e4120fa', NULL, '2019-03-19 11:47:48', '2019-03-19 11:47:48'),
(358, 20, '5c910cc8dd52c', NULL, '2019-03-19 03:37:44', '2019-03-19 03:37:44'),
(359, 20, '5c910d4e7ff21', NULL, '2019-03-19 03:39:58', '2019-03-19 03:39:58'),
(360, 20, '5c910dacda103', NULL, '2019-03-19 03:41:32', '2019-03-19 03:41:32'),
(361, 20, '5c911320d2a97', NULL, '2019-03-19 04:04:48', '2019-03-19 04:04:48'),
(362, 20, '5c91c98681d24', NULL, '2019-03-20 05:03:02', '2019-03-20 05:03:02'),
(363, 20, '5c91db8a05743', NULL, '2019-03-20 06:19:54', '2019-03-20 06:19:54'),
(364, 20, '5c91e97e0f67a', NULL, '2019-03-20 07:19:26', '2019-03-20 07:19:26'),
(365, 20, '5c91e9c9ee5a5', NULL, '2019-03-20 07:20:41', '2019-03-20 07:20:41'),
(366, 20, '5c924a6b486be', NULL, '2019-03-20 02:12:59', '2019-03-20 02:12:59'),
(367, 20, '5c92634ee3eb2', NULL, '2019-03-20 03:59:10', '2019-03-20 03:59:10'),
(368, 1, '5c9282ebe7278', NULL, '2019-03-20 06:14:03', '2019-03-20 06:14:03'),
(369, 1, '5c9282ef4b90d', NULL, '2019-03-20 06:14:07', '2019-03-20 06:14:07'),
(370, 1, '5c9282ef7e10d', NULL, '2019-03-20 06:14:07', '2019-03-20 06:14:07'),
(371, 1, '5c9282efac2f7', NULL, '2019-03-20 06:14:07', '2019-03-20 06:14:07'),
(372, 1, '5c928302a4513', NULL, '2019-03-20 06:14:26', '2019-03-20 06:14:26'),
(373, 1, '5c928302a47c3', NULL, '2019-03-20 06:14:26', '2019-03-20 06:14:26'),
(374, 1, '5c928302a3b9c', NULL, '2019-03-20 06:14:26', '2019-03-20 06:14:26'),
(375, 1, '5c9283498a5ea', NULL, '2019-03-20 06:15:37', '2019-03-20 06:15:37'),
(376, 1, '5c92834bd2901', NULL, '2019-03-20 06:15:39', '2019-03-20 06:15:39'),
(377, 1, '5c9283582b49b', NULL, '2019-03-20 06:15:52', '2019-03-20 06:15:52'),
(378, 1, '5c92835e83d60', NULL, '2019-03-20 06:15:58', '2019-03-20 06:15:58'),
(379, 1, '5c9283650cff6', NULL, '2019-03-20 06:16:05', '2019-03-20 06:16:05'),
(380, 1, '5c92837b5acee', NULL, '2019-03-20 06:16:27', '2019-03-20 06:16:27'),
(381, 1, '5c928383c53dd', NULL, '2019-03-20 06:16:35', '2019-03-20 06:16:35'),
(382, 1, '5c9283853c352', NULL, '2019-03-20 06:16:37', '2019-03-20 06:16:37'),
(383, 20, '5c9283930bb7b', NULL, '2019-03-20 06:16:51', '2019-03-20 06:16:51'),
(384, 20, '5c931e1347a20', NULL, '2019-03-21 05:16:03', '2019-03-21 05:16:03'),
(385, 20, '5c9381d44f10b', NULL, '2019-03-21 12:21:40', '2019-03-21 12:21:40'),
(386, 20, '5c946c619ea36', NULL, '2019-03-22 05:02:25', '2019-03-22 05:02:25'),
(387, 20, '5c946d5a31795', NULL, '2019-03-22 05:06:34', '2019-03-22 05:06:34'),
(388, 20, '5c947cc332e59', NULL, '2019-03-22 06:12:19', '2019-03-22 06:12:19'),
(389, 20, '5c95e0f3b359a', NULL, '2019-03-23 07:32:03', '2019-03-23 07:32:03'),
(390, 20, '5c95e13b55a85', NULL, '2019-03-23 07:33:15', '2019-03-23 07:33:15'),
(391, 15, '5c95fe0d1c801', NULL, '2019-03-23 09:36:13', '2019-03-23 09:36:13'),
(392, 20, '5c9635a8a03ba', NULL, '2019-03-23 01:33:28', '2019-03-23 01:33:28'),
(393, 20, '5c9644d897fa2', NULL, '2019-03-23 02:38:16', '2019-03-23 02:38:16'),
(394, 20, '5c965aeb261ee', NULL, '2019-03-23 04:12:27', '2019-03-23 04:12:27'),
(395, 20, '5c965ce155a38', NULL, '2019-03-23 04:20:49', '2019-03-23 04:20:49'),
(396, 20, '5c970adec9cd6', NULL, '2019-03-24 04:43:10', '2019-03-24 04:43:10'),
(397, 20, '5c973673ba8e5', NULL, '2019-03-24 07:49:07', '2019-03-24 07:49:07'),
(398, 20, '5c97ad3c543ae', NULL, '2019-03-24 04:15:56', '2019-03-24 04:15:56'),
(399, 20, '5c988277c6ef3', NULL, '2019-03-25 07:25:43', '2019-03-25 07:25:43'),
(400, 20, '5c98a5fc6cdc8', NULL, '2019-03-25 09:57:16', '2019-03-25 09:57:16'),
(401, 20, '5c98bddeeed88', NULL, '2019-03-25 11:39:10', '2019-03-25 11:39:10'),
(402, 20, '5c98e3de1af96', NULL, '2019-03-25 02:21:18', '2019-03-25 02:21:18'),
(403, 20, '5c99cdda917ef', NULL, '2019-03-26 06:59:38', '2019-03-26 06:59:38'),
(404, 20, '5c99fc9c9fc14', NULL, '2019-03-26 10:19:08', '2019-03-26 10:19:08'),
(405, 20, '5c9a3cbaea91d', NULL, '2019-03-26 02:52:42', '2019-03-26 02:52:42'),
(406, 20, '5c9a51db16087', NULL, '2019-03-26 04:22:51', '2019-03-26 04:22:51'),
(407, 20, '5c9b031b5014d', NULL, '2019-03-27 04:59:07', '2019-03-27 04:59:07'),
(408, 20, '5c9b29662fca1', NULL, '2019-03-27 07:42:30', '2019-03-27 07:42:30'),
(409, 20, '5c9b8c1b4c02e', NULL, '2019-03-27 02:43:39', '2019-03-27 02:43:39'),
(410, 15, '5c9b8c9ed9886', NULL, '2019-03-27 02:45:50', '2019-03-27 02:45:50'),
(411, 20, '5c9b8cbade46b', NULL, '2019-03-27 02:46:18', '2019-03-27 02:46:18'),
(412, 20, '5c9bc8bc572cf', NULL, '2019-03-27 07:02:20', '2019-03-27 07:02:20'),
(413, 20, '5c9c51cf8265b', NULL, '2019-03-28 04:47:11', '2019-03-28 04:47:11'),
(414, 20, '5c9ccd15615ec', NULL, '2019-03-28 01:33:09', '2019-03-28 01:33:09'),
(415, 20, '5c9cd5833e58a', NULL, '2019-03-28 02:09:07', '2019-03-28 02:09:07'),
(416, 20, '5c9cda479c2f1', NULL, '2019-03-28 02:29:27', '2019-03-28 02:29:27'),
(417, 20, '5c9ce05c1ba97', NULL, '2019-03-28 02:55:24', '2019-03-28 02:55:24'),
(418, 20, '5c9da620041cc', NULL, '2019-03-29 04:59:12', '2019-03-29 04:59:12'),
(419, 20, '5c9e348f34e84', NULL, '2019-03-29 03:06:55', '2019-03-29 03:06:55'),
(420, 20, '5c9e3acbbff69', NULL, '2019-03-29 03:33:31', '2019-03-29 03:33:31'),
(421, 20, '5c9e431c8bc1d', NULL, '2019-03-29 04:09:00', '2019-03-29 04:09:00'),
(422, 20, '5c9e4541bba2d', NULL, '2019-03-29 04:18:09', '2019-03-29 04:18:09'),
(423, 20, '5c9e464ec1830', NULL, '2019-03-29 04:22:38', '2019-03-29 04:22:38'),
(424, 20, '5c9e488602a8e', NULL, '2019-03-29 04:32:06', '2019-03-29 04:32:06'),
(425, 15, '5c9e4994b8547', NULL, '2019-03-29 04:36:36', '2019-03-29 04:36:36'),
(426, 15, '5c9e49986c6b5', NULL, '2019-03-29 04:36:40', '2019-03-29 04:36:40'),
(427, 20, '5c9ef800befcb', NULL, '2019-03-30 05:00:48', '2019-03-30 05:00:48'),
(428, 20, '5c9f071f888cb', NULL, '2019-03-30 06:05:19', '2019-03-30 06:05:19'),
(429, 20, '5c9f6b3ccc37b', NULL, '2019-03-30 01:12:28', '2019-03-30 01:12:28'),
(430, 20, '5c9f788c4f192', NULL, '2019-03-30 02:09:16', '2019-03-30 02:09:16'),
(431, 20, '5ca04f5811320', NULL, '2019-03-31 05:25:44', '2019-03-31 05:25:44'),
(432, 20, '5ca199f5c3d78', NULL, '2019-04-01 04:56:21', '2019-04-01 04:56:21'),
(433, 20, '5ca21d0b54b49', NULL, '2019-04-01 02:15:39', '2019-04-01 02:15:39'),
(434, 20, '5ca2ea3b2d89b', NULL, '2019-04-02 04:51:07', '2019-04-02 04:51:07'),
(435, 20, '5ca34dd54e35e', NULL, '2019-04-02 11:56:05', '2019-04-02 11:56:05'),
(436, 20, '5ca367c58c2cb', NULL, '2019-04-02 01:46:45', '2019-04-02 01:46:45'),
(437, 20, '5ca43efaa6ff4', NULL, '2019-04-03 05:04:58', '2019-04-03 05:04:58'),
(438, 20, '5ca443a013cc6', NULL, '2019-04-03 05:24:48', '2019-04-03 05:24:48'),
(439, 20, '5ca444f80d148', NULL, '2019-04-03 05:30:32', '2019-04-03 05:30:32'),
(440, 25, '5ca45a2a7fce8', NULL, '2019-04-03 01:30:58', '2019-04-03 01:30:58'),
(441, 26, '5ca45bbe7af32', NULL, '2019-04-03 01:37:42', '2019-04-03 01:37:42'),
(442, 20, '5ca474401519f', NULL, '2019-04-03 03:22:16', '2019-04-03 03:22:16'),
(443, 20, '5ca47442df4a0', NULL, '2019-04-03 03:22:18', '2019-04-03 03:22:18'),
(444, 20, '5ca47778a473a', NULL, '2019-04-03 03:36:00', '2019-04-03 03:36:00'),
(445, 20, '5cc294184b9a4', NULL, '2019-04-26 05:16:08', '2019-04-26 05:16:08'),
(446, 20, '5cc2943f987c2', NULL, '2019-04-26 05:16:47', '2019-04-26 05:16:47'),
(447, 20, '5cc2950bd71cf', NULL, '2019-04-26 05:20:11', '2019-04-26 05:20:11'),
(448, 20, '5cc2afad91b79', NULL, '2019-04-26 07:13:49', '2019-04-26 07:13:49'),
(449, 20, '5cc2ec559b366', NULL, '2019-04-26 11:32:37', '2019-04-26 11:32:37'),
(450, 20, '5cc30694063ef', NULL, '2019-04-26 01:24:36', '2019-04-26 01:24:36'),
(451, 20, '5cc318dd549f1', NULL, '2019-04-26 02:42:37', '2019-04-26 02:42:37'),
(452, 20, '5cc3d9acf0379', NULL, '2019-04-27 04:25:16', '2019-04-27 04:25:16'),
(453, 20, '5cc3df8ec7608', NULL, '2019-04-27 04:50:22', '2019-04-27 04:50:22'),
(454, 20, '5cc448535167e', NULL, '2019-04-27 12:17:23', '2019-04-27 12:17:23'),
(455, 20, '5cc476e8e3ad8', NULL, '2019-04-27 03:36:08', '2019-04-27 03:36:08'),
(456, 20, '5cc480e79d230', NULL, '2019-04-27 04:18:47', '2019-04-27 04:18:47'),
(457, 20, '5cc48302612a1', NULL, '2019-04-27 04:27:46', '2019-04-27 04:27:46'),
(458, 20, '5cc51dbb8bb15', NULL, '2019-04-28 03:27:55', '2019-04-28 03:27:55'),
(459, 20, '5cc6873fd20ff', NULL, '2019-04-29 05:10:23', '2019-04-29 05:10:23'),
(460, 20, '5cc6c839e5586', NULL, '2019-04-29 09:47:37', '2019-04-29 09:47:37'),
(461, 20, '5cc6c85ce1677', NULL, '2019-04-29 09:48:12', '2019-04-29 09:48:12'),
(462, 20, '5cc6c89914b4d', NULL, '2019-04-29 09:49:13', '2019-04-29 09:49:13'),
(463, 20, '5cc6c95b1f2cf', NULL, '2019-04-29 09:52:27', '2019-04-29 09:52:27'),
(464, 20, '5cc709452cb18', NULL, '2019-04-29 02:25:09', '2019-04-29 02:25:09'),
(465, 20, '5cc70a6e60f17', NULL, '2019-04-29 02:30:06', '2019-04-29 02:30:06'),
(466, 20, '5cc7d5837174c', NULL, '2019-04-30 04:56:35', '2019-04-30 04:56:35'),
(467, 20, '5cc7e747770f8', NULL, '2019-04-30 06:12:23', '2019-04-30 06:12:23'),
(468, 20, '5cc849d77b92b', NULL, '2019-04-30 01:12:55', '2019-04-30 01:12:55'),
(469, 20, '5cc864c85a252', NULL, '2019-04-30 03:07:52', '2019-04-30 03:07:52'),
(470, 20, '5cc86eeebaaec', NULL, '2019-04-30 03:51:10', '2019-04-30 03:51:10'),
(471, 20, '5cc881d21ec7d', NULL, '2019-04-30 05:11:46', '2019-04-30 05:11:46'),
(472, 20, '5cc9268043458', NULL, '2019-05-01 04:54:24', '2019-05-01 04:54:24'),
(473, 20, '5cca7d628f50e', NULL, '2019-05-02 05:17:22', '2019-05-02 05:17:22'),
(474, 20, '5ccafa940cd4a', NULL, '2019-05-02 02:11:32', '2019-05-02 02:11:32'),
(475, 20, '5ccafafe3bdc5', NULL, '2019-05-02 02:13:18', '2019-05-02 02:13:18'),
(476, 20, '5ccafbad02457', NULL, '2019-05-02 02:16:13', '2019-05-02 02:16:13'),
(477, 20, '5ccb2381d0d3d', NULL, '2019-05-02 05:06:09', '2019-05-02 05:06:09'),
(478, 20, '5ccbc864350c3', NULL, '2019-05-03 04:49:40', '2019-05-03 04:49:40'),
(479, 20, '5ccc727b4d4c7', NULL, '2019-05-03 04:55:23', '2019-05-03 04:55:23'),
(480, 20, '5ccd16b52a8a1', NULL, '2019-05-04 04:36:05', '2019-05-04 04:36:05'),
(481, 20, '5ccd199c73a9f', NULL, '2019-05-04 04:48:28', '2019-05-04 04:48:28'),
(482, 20, '5ccd3909cd315', NULL, '2019-05-04 07:02:33', '2019-05-04 07:02:33'),
(483, 20, '5ccd3a8449b56', NULL, '2019-05-04 07:08:52', '2019-05-04 07:08:52'),
(484, 15, '5ccd3c56bfe40', NULL, '2019-05-04 07:16:38', '2019-05-04 07:16:38'),
(485, 20, '5ccd3c7a573ec', NULL, '2019-05-04 07:17:14', '2019-05-04 07:17:14'),
(486, 20, '5ccd4efec7537', NULL, '2019-05-04 08:36:14', '2019-05-04 08:36:14'),
(487, 20, '5ccd541b2775e', NULL, '2019-05-04 08:58:03', '2019-05-04 08:58:03'),
(488, 20, '5ccd543a4ebcb', NULL, '2019-05-04 08:58:34', '2019-05-04 08:58:34'),
(489, 20, '5ccda9bca7270', NULL, '2019-05-04 03:03:24', '2019-05-04 03:03:24'),
(490, 20, '5ccdbb5d820da', NULL, '2019-05-04 04:18:37', '2019-05-04 04:18:37'),
(491, 20, '5ccdbb9b5ea0b', NULL, '2019-05-04 04:19:39', '2019-05-04 04:19:39'),
(492, 20, '5ccec97981d52', NULL, '2019-05-05 11:31:05', '2019-05-05 11:31:05'),
(493, 20, '5cced1629e6ff', NULL, '2019-05-05 12:04:50', '2019-05-05 12:04:50'),
(494, 20, '5ccee0ca1b95b', NULL, '2019-05-05 01:10:34', '2019-05-05 01:10:34'),
(495, 20, '5ccfbd7e068ec', NULL, '2019-05-06 04:52:14', '2019-05-06 04:52:14'),
(496, 20, '5cd02d34ddf20', NULL, '2019-05-06 12:48:52', '2019-05-06 12:48:52'),
(497, 20, '5cd0304a81db7', NULL, '2019-05-06 01:02:02', '2019-05-06 01:02:02'),
(498, 20, '5cd120c2d1a00', NULL, '2019-05-07 06:08:02', '2019-05-07 06:08:02'),
(499, 20, '5cd13201d3bee', NULL, '2019-05-07 07:21:37', '2019-05-07 07:21:37'),
(500, 20, '5cd133920cda1', NULL, '2019-05-07 07:28:18', '2019-05-07 07:28:18'),
(501, 20, '5cd1348870b34', NULL, '2019-05-07 07:32:24', '2019-05-07 07:32:24'),
(502, 1, '5cd143bac87df', NULL, '2019-05-07 08:37:14', '2019-05-07 08:37:14'),
(503, 1, '5cd143ce365e1', NULL, '2019-05-07 08:37:34', '2019-05-07 08:37:34'),
(504, 20, '5cd143eae096a', NULL, '2019-05-07 08:38:02', '2019-05-07 08:38:02'),
(505, 20, '5cd143eb125c6', NULL, '2019-05-07 08:38:03', '2019-05-07 08:38:03'),
(506, 20, '5cd1450c0bee0', NULL, '2019-05-07 08:42:52', '2019-05-07 08:42:52'),
(507, 20, '5cd148ec7917f', NULL, '2019-05-07 08:59:24', '2019-05-07 08:59:24'),
(508, 20, '5cd149c7f1baf', NULL, '2019-05-07 09:03:03', '2019-05-07 09:03:03'),
(509, 20, '5cd1890d48b7f', NULL, '2019-05-07 01:33:01', '2019-05-07 01:33:01'),
(510, 20, '5cd1990f7936d', NULL, '2019-05-07 02:41:19', '2019-05-07 02:41:19'),
(511, 20, '5cd1a38595b73', NULL, '2019-05-07 03:25:57', '2019-05-07 03:25:57'),
(512, 20, '5cd25ec1ab12a', NULL, '2019-05-08 04:44:49', '2019-05-08 04:44:49'),
(513, 20, '5cd288d10cde0', NULL, '2019-05-08 07:44:17', '2019-05-08 07:44:17'),
(514, 20, '5cd2a344ce0e0', NULL, '2019-05-08 09:37:08', '2019-05-08 09:37:08'),
(515, 20, '5cd2cbf73453c', NULL, '2019-05-08 12:30:47', '2019-05-08 12:30:47'),
(516, 20, '5cd385887db8c', NULL, '2019-05-09 01:42:32', '2019-05-09 01:42:32'),
(517, 20, '5cd3b419124b5', NULL, '2019-05-09 05:01:13', '2019-05-09 05:01:13'),
(518, 20, '5cd51f0094953', NULL, '2019-05-10 06:49:36', '2019-05-10 06:49:36'),
(519, 20, '5cd5262fe9adf', NULL, '2019-05-10 07:20:15', '2019-05-10 07:20:15'),
(520, 20, '5cd527b659f03', NULL, '2019-05-10 07:26:46', '2019-05-10 07:26:46'),
(521, 20, '5cd58e95497b8', NULL, '2019-05-10 02:45:41', '2019-05-10 02:45:41'),
(522, 20, '5cd5b1776b956', NULL, '2019-05-10 05:14:31', '2019-05-10 05:14:31'),
(523, 20, '5cd6558664df5', NULL, '2019-05-11 04:54:30', '2019-05-11 04:54:30'),
(524, 15, '5cd656b4c054b', NULL, '2019-05-11 04:59:32', '2019-05-11 04:59:32'),
(525, 20, '5cd6574033170', NULL, '2019-05-11 05:01:52', '2019-05-11 05:01:52'),
(526, 20, '5cd658fb08272', NULL, '2019-05-11 05:09:15', '2019-05-11 05:09:15'),
(527, 20, '5cd6bf79303eb', NULL, '2019-05-11 12:26:33', '2019-05-11 12:26:33'),
(528, 20, '5cd6dd7c1827a', NULL, '2019-05-11 02:34:36', '2019-05-11 02:34:36'),
(529, 20, '5cd70f8e656a0', NULL, '2019-05-11 06:08:14', '2019-05-11 06:08:14'),
(530, 20, '5cd796f64f74e', NULL, '2019-05-12 03:45:58', '2019-05-12 03:45:58'),
(531, 20, '5cd864b1c4029', NULL, '2019-05-12 06:23:45', '2019-05-12 06:23:45'),
(532, 20, '5cd8c94c925ea', NULL, '2019-05-13 01:33:00', '2019-05-13 01:33:00'),
(533, 20, '5cd8fa011e6a4', NULL, '2019-05-13 05:00:49', '2019-05-13 05:00:49'),
(534, 20, '5cd8fabdd9302', NULL, '2019-05-13 05:03:57', '2019-05-13 05:03:57'),
(535, 15, '5cd900dad986b', NULL, '2019-05-13 05:30:02', '2019-05-13 05:30:02'),
(536, 20, '5cd907fbc9c66', NULL, '2019-05-13 06:00:27', '2019-05-13 06:00:27'),
(537, 20, '5cd96619a1ccb', NULL, '2019-05-13 12:42:01', '2019-05-13 12:42:01'),
(538, 20, '5cda4bbcbc978', NULL, '2019-05-14 05:01:48', '2019-05-14 05:01:48'),
(539, 20, '5cda4ccde92dc', NULL, '2019-05-14 05:06:21', '2019-05-14 05:06:21'),
(540, 20, '5cda9a4a7d928', NULL, '2019-05-14 10:36:58', '2019-05-14 10:36:58'),
(541, 20, '5cdacba5ce841', NULL, '2019-05-14 02:07:33', '2019-05-14 02:07:33'),
(542, 20, '5cdb9ce604ba2', NULL, '2019-05-15 05:00:22', '2019-05-15 05:00:22'),
(543, 20, '5cdc0334a299e', NULL, '2019-05-15 12:16:52', '2019-05-15 12:16:52'),
(544, 20, '5cdc0be2b19c0', NULL, '2019-05-15 12:53:54', '2019-05-15 12:53:54'),
(545, 15, '5cdc253cc6c19', NULL, '2019-05-15 02:42:04', '2019-05-15 02:42:04'),
(546, 20, '5cdc25510577e', NULL, '2019-05-15 02:42:25', '2019-05-15 02:42:25'),
(547, 20, '5cdc25d88927e', NULL, '2019-05-15 02:44:40', '2019-05-15 02:44:40'),
(548, 20, '5cdc25d8a88a5', NULL, '2019-05-15 02:44:40', '2019-05-15 02:44:40'),
(549, 20, '5cdc271dd1d67', NULL, '2019-05-15 02:50:05', '2019-05-15 02:50:05'),
(550, 20, '5cdcb6de0c4e3', NULL, '2019-05-16 01:03:26', '2019-05-16 01:03:26'),
(551, 20, '5cdccf1d7ed6a', NULL, '2019-05-16 02:46:53', '2019-05-16 02:46:53'),
(552, 20, '5cdcf2a1d5aca', NULL, '2019-05-16 05:18:25', '2019-05-16 05:18:25'),
(553, 15, '5cdd110962480', NULL, '2019-05-16 07:28:09', '2019-05-16 07:28:09'),
(554, 20, '5cdd112295d54', NULL, '2019-05-16 07:28:34', '2019-05-16 07:28:34'),
(555, 20, '5cdd5e116b45d', NULL, '2019-05-16 12:56:49', '2019-05-16 12:56:49'),
(556, 20, '5cdd5e1253924', NULL, '2019-05-16 12:56:50', '2019-05-16 12:56:50'),
(557, 20, '5cdd5e48e6c84', NULL, '2019-05-16 12:57:44', '2019-05-16 12:57:44'),
(558, 20, '5cdd7465d36b6', NULL, '2019-05-16 02:32:05', '2019-05-16 02:32:05'),
(559, 20, '5cdd8392a70f2', NULL, '2019-05-16 03:36:50', '2019-05-16 03:36:50'),
(560, 20, '5cdd839b7b7e0', NULL, '2019-05-16 03:36:59', '2019-05-16 03:36:59'),
(561, 20, '5cde4379c9e42', NULL, '2019-05-17 05:15:37', '2019-05-17 05:15:37'),
(562, 20, '5cdec3243d066', NULL, '2019-05-17 02:20:20', '2019-05-17 02:20:20'),
(563, 20, '5cdec6008eb78', NULL, '2019-05-17 02:32:32', '2019-05-17 02:32:32'),
(564, 20, '5cdf854e4a0fc', NULL, '2019-05-18 04:08:46', '2019-05-18 04:08:46'),
(565, 20, '5cdf8551aeeb4', NULL, '2019-05-18 04:08:49', '2019-05-18 04:08:49'),
(566, 20, '5cdf92f1f2222', NULL, '2019-05-18 05:06:57', '2019-05-18 05:06:57'),
(567, 20, '5cdf983962524', NULL, '2019-05-18 05:29:29', '2019-05-18 05:29:29'),
(568, 20, '5cdfcf91f3b3b', NULL, '2019-05-18 09:25:37', '2019-05-18 09:25:37'),
(569, 20, '5cdfef49e13f4', NULL, '2019-05-18 11:40:57', '2019-05-18 11:40:57'),
(570, 20, '5cdff661a4868', NULL, '2019-05-18 12:11:13', '2019-05-18 12:11:13'),
(571, 20, '5cdffffb4adc5', NULL, '2019-05-18 12:52:11', '2019-05-18 12:52:11'),
(572, 20, '5ce00fc776a7c', NULL, '2019-05-18 01:59:35', '2019-05-18 01:59:35'),
(573, 20, '5ce00fe269dbe', NULL, '2019-05-18 02:00:02', '2019-05-18 02:00:02'),
(574, 20, '5ce0111db6690', NULL, '2019-05-18 02:05:17', '2019-05-18 02:05:17'),
(575, 20, '5ce0115b29938', NULL, '2019-05-18 02:06:19', '2019-05-18 02:06:19'),
(576, 20, '5ce0d909ac530', NULL, '2019-05-19 04:18:17', '2019-05-19 04:18:17'),
(577, 20, '5ce235e50c22d', NULL, '2019-05-20 05:06:45', '2019-05-20 05:06:45'),
(578, 20, '5ce7880c6de44', NULL, '2019-05-24 05:58:36', '2019-05-24 05:58:36'),
(579, 20, '5ce79099449ef', NULL, '2019-05-24 06:35:05', '2019-05-24 06:35:05'),
(580, 20, '5ce7ce575a1e0', NULL, '2019-05-24 10:58:31', '2019-05-24 10:58:31'),
(581, 20, '5ce7d37d775f8', NULL, '2019-05-24 11:20:29', '2019-05-24 11:20:29'),
(582, 20, '5ce7d3bc44c0d', NULL, '2019-05-24 11:21:32', '2019-05-24 11:21:32'),
(583, 20, '5ce7d8a08a737', NULL, '2019-05-24 11:42:24', '2019-05-24 11:42:24'),
(584, 20, '5ce7e21568f91', NULL, '2019-05-24 12:22:45', '2019-05-24 12:22:45'),
(585, 20, '5ce7e6983d856', NULL, '2019-05-24 12:42:00', '2019-05-24 12:42:00'),
(586, 20, '5ce7ea30d4307', NULL, '2019-05-24 12:57:20', '2019-05-24 12:57:20'),
(587, 20, '5ce7f2eb33470', NULL, '2019-05-24 01:34:35', '2019-05-24 01:34:35'),
(588, 20, '5ce802410aa38', NULL, '2019-05-24 02:40:01', '2019-05-24 02:40:01'),
(589, 20, '5ce8026bddf5b', NULL, '2019-05-24 02:40:43', '2019-05-24 02:40:43'),
(590, 20, '5ce803a56d98f', NULL, '2019-05-24 02:45:57', '2019-05-24 02:45:57'),
(591, 20, '5ce81f281a814', NULL, '2019-05-24 04:43:20', '2019-05-24 04:43:20'),
(592, 20, '5ce8ca1cd0bd4', NULL, '2019-05-25 04:52:44', '2019-05-25 04:52:44'),
(593, 20, '5ce8d9b12f6e4', NULL, '2019-05-25 05:59:13', '2019-05-25 05:59:13'),
(594, 20, '5ce8e6107f70d', NULL, '2019-05-25 06:52:00', '2019-05-25 06:52:00'),
(595, 20, '5ce90b96935d8', NULL, '2019-05-25 09:32:06', '2019-05-25 09:32:06'),
(596, 20, '5ce90c24a93f1', NULL, '2019-05-25 09:34:28', '2019-05-25 09:34:28'),
(597, 20, '5ce90d74bd8db', NULL, '2019-05-25 09:40:04', '2019-05-25 09:40:04'),
(598, 20, '5ce919fcf4197', NULL, '2019-05-25 10:33:32', '2019-05-25 10:33:32'),
(599, 20, '5ce9253a3ed69', NULL, '2019-05-25 11:21:30', '2019-05-25 11:21:30'),
(600, 20, '5ce94b3d3eab3', NULL, '2019-05-25 02:03:41', '2019-05-25 02:03:41'),
(601, 20, '5ce953b5ab1d7', NULL, '2019-05-25 02:39:49', '2019-05-25 02:39:49'),
(602, 20, '5ce95ebecf4b7', NULL, '2019-05-25 03:26:54', '2019-05-25 03:26:54'),
(603, 20, '5ce960a181f79', NULL, '2019-05-25 03:34:57', '2019-05-25 03:34:57'),
(604, 20, '5ce9610761b74', NULL, '2019-05-25 03:36:39', '2019-05-25 03:36:39'),
(605, 20, '5ce979c6b1972', NULL, '2019-05-25 05:22:14', '2019-05-25 05:22:14'),
(606, 20, '5cea0e4738b56', NULL, '2019-05-26 03:55:51', '2019-05-26 03:55:51'),
(607, 20, '5cea0f8951580', NULL, '2019-05-26 04:01:13', '2019-05-26 04:01:13'),
(608, 20, '5cea201a32525', NULL, '2019-05-26 05:11:54', '2019-05-26 05:11:54'),
(609, 20, '5cea474388634', NULL, '2019-05-26 07:58:59', '2019-05-26 07:58:59'),
(610, 20, '5ceb72886d704', NULL, '2019-05-27 05:15:52', '2019-05-27 05:15:52'),
(611, 20, '5cebeeb6019f3', NULL, '2019-05-27 02:05:42', '2019-05-27 02:05:42'),
(612, 20, '5cebef313e7a7', NULL, '2019-05-27 02:07:45', '2019-05-27 02:07:45'),
(613, 20, '5cebf66c5a18c', NULL, '2019-05-27 02:38:36', '2019-05-27 02:38:36'),
(614, 20, '5cec0856ebafa', NULL, '2019-05-27 03:55:02', '2019-05-27 03:55:02'),
(615, 20, '5cec134e933fb', NULL, '2019-05-27 04:41:50', '2019-05-27 04:41:50'),
(616, 20, '5cec1e30684d8', NULL, '2019-05-27 05:28:16', '2019-05-27 05:28:16'),
(617, 20, '5cecc22c344af', NULL, '2019-05-28 05:07:56', '2019-05-28 05:07:56'),
(618, 20, '5cecc4e9aa371', NULL, '2019-05-28 05:19:37', '2019-05-28 05:19:37'),
(619, 20, '5cecfda82f9f4', NULL, '2019-05-28 09:21:44', '2019-05-28 09:21:44'),
(620, 20, '5ced0af0bb6af', NULL, '2019-05-28 10:18:24', '2019-05-28 10:18:24'),
(621, 20, '5ced1ab0b7624', NULL, '2019-05-28 11:25:36', '2019-05-28 11:25:36'),
(622, 20, '5ced44ab5b006', NULL, '2019-05-28 02:24:43', '2019-05-28 02:24:43'),
(623, 20, '5ced482d3f23c', NULL, '2019-05-28 02:39:41', '2019-05-28 02:39:41'),
(624, 20, '5ced617ada70c', NULL, '2019-05-28 04:27:38', '2019-05-28 04:27:38'),
(625, 20, '5ced74f24f432', NULL, '2019-05-28 05:50:42', '2019-05-28 05:50:42'),
(626, 20, '5cee1b34a0730', NULL, '2019-05-29 05:40:04', '2019-05-29 05:40:04'),
(627, 20, '5cee6632b720d', NULL, '2019-05-29 11:00:02', '2019-05-29 11:00:02'),
(628, 20, '5cee9ae19f4ee', NULL, '2019-05-29 02:44:49', '2019-05-29 02:44:49'),
(629, 20, '5cee9d9d36f49', NULL, '2019-05-29 02:56:29', '2019-05-29 02:56:29'),
(630, 20, '5ceea1981cd22', NULL, '2019-05-29 03:13:28', '2019-05-29 03:13:28'),
(631, 20, '5ceebe2483894', NULL, '2019-05-29 05:15:16', '2019-05-29 05:15:16'),
(632, 20, '5cef830c82831', NULL, '2019-05-30 07:15:24', '2019-05-30 07:15:24'),
(633, 20, '5cef8ae7c5e12', NULL, '2019-05-30 07:48:55', '2019-05-30 07:48:55'),
(634, 20, '5cef8ae7d50f9', NULL, '2019-05-30 07:48:55', '2019-05-30 07:48:55'),
(635, 20, '5cef924dab876', NULL, '2019-05-30 08:20:29', '2019-05-30 08:20:29'),
(636, 20, '5cefb865d1b68', NULL, '2019-05-30 11:03:01', '2019-05-30 11:03:01'),
(637, 20, '5cefda308d992', NULL, '2019-05-30 01:27:12', '2019-05-30 01:27:12'),
(638, 20, '5cefec381a12a', NULL, '2019-05-30 02:44:08', '2019-05-30 02:44:08'),
(639, 20, '5cefec396db7b', NULL, '2019-05-30 02:44:09', '2019-05-30 02:44:09'),
(640, 20, '5cf0996c84b55', NULL, '2019-05-31 03:03:08', '2019-05-31 03:03:08'),
(641, 20, '5cf09c2e0cd47', NULL, '2019-05-31 03:14:54', '2019-05-31 03:14:54');
INSERT INTO `login_access_tokens` (`id`, `user_id`, `access_token`, `deleted_at`, `created_at`, `updated_at`) VALUES
(642, 20, '5cf0c30d637ac', NULL, '2019-05-31 06:00:45', '2019-05-31 06:00:45'),
(643, 20, '5cf0d6619d021', NULL, '2019-05-31 07:23:13', '2019-05-31 07:23:13'),
(644, 20, '5cf0d9b244d14', NULL, '2019-05-31 07:37:22', '2019-05-31 07:37:22'),
(645, 20, '5cf0fd8a3e8c8', NULL, '2019-05-31 10:10:18', '2019-05-31 10:10:18'),
(646, 20, '5cf13776ba24e', NULL, '2019-05-31 02:17:26', '2019-05-31 02:17:26'),
(647, 20, '5cf2060a4f9fe', NULL, '2019-06-01 04:58:50', '2019-06-01 04:58:50'),
(648, 20, '5cf2513f2cad1', NULL, '2019-06-01 10:19:43', '2019-06-01 10:19:43'),
(649, 20, '5cf2646e8c31f', NULL, '2019-06-01 11:41:34', '2019-06-01 11:41:34'),
(650, 20, '5cf26470ca3c1', NULL, '2019-06-01 11:41:36', '2019-06-01 11:41:36'),
(651, 20, '5cf264712e37e', NULL, '2019-06-01 11:41:37', '2019-06-01 11:41:37'),
(652, 20, '5cf26479a634d', NULL, '2019-06-01 11:41:45', '2019-06-01 11:41:45'),
(653, 20, '5cf2648a921c7', NULL, '2019-06-01 11:42:02', '2019-06-01 11:42:02'),
(654, 20, '5cf2649fd09d4', NULL, '2019-06-01 11:42:23', '2019-06-01 11:42:23'),
(655, 20, '5cf2649fe7b5f', NULL, '2019-06-01 11:42:23', '2019-06-01 11:42:23'),
(656, 20, '5cf264f86b7bf', NULL, '2019-06-01 11:43:52', '2019-06-01 11:43:52'),
(657, 20, '5cf266b45abd6', NULL, '2019-06-01 11:51:16', '2019-06-01 11:51:16'),
(658, 20, '5cf266cdc82b9', NULL, '2019-06-01 11:51:41', '2019-06-01 11:51:41'),
(659, 20, '5cf276fc4cebc', NULL, '2019-06-01 01:00:44', '2019-06-01 01:00:44'),
(660, 20, '5cf277115a989', NULL, '2019-06-01 01:01:05', '2019-06-01 01:01:05'),
(661, 20, '5cf2771226fc9', NULL, '2019-06-01 01:01:06', '2019-06-01 01:01:06'),
(662, 20, '5cf27750d506c', NULL, '2019-06-01 01:02:08', '2019-06-01 01:02:08'),
(663, 20, '5cf2838d31835', NULL, '2019-06-01 01:54:21', '2019-06-01 01:54:21'),
(664, 20, '5cf289da0deeb', NULL, '2019-06-01 02:21:14', '2019-06-01 02:21:14'),
(665, 20, '5cf28eab35c61', NULL, '2019-06-01 02:41:47', '2019-06-01 02:41:47'),
(666, 20, '5cf2b0612ce63', NULL, '2019-06-01 05:05:37', '2019-06-01 05:05:37'),
(667, 20, '5cf35053d7d29', NULL, '2019-06-02 04:28:03', '2019-06-02 04:28:03'),
(668, 20, '5cf3a70edb657', NULL, '2019-06-02 10:38:06', '2019-06-02 10:38:06'),
(669, 20, '5cf4a90994093', NULL, '2019-06-03 04:58:49', '2019-06-03 04:58:49'),
(670, 20, '5cf4c6276e861', NULL, '2019-06-03 07:03:03', '2019-06-03 07:03:03'),
(671, 20, '5cf50e7ac3c04', NULL, '2019-06-03 12:11:38', '2019-06-03 12:11:38'),
(672, 20, '5cf51af0c7299', NULL, '2019-06-03 01:04:48', '2019-06-03 01:04:48'),
(673, 20, '5cf534e820eb6', NULL, '2019-06-03 02:55:36', '2019-06-03 02:55:36'),
(674, 20, '5cf535625ca33', NULL, '2019-06-03 02:57:38', '2019-06-03 02:57:38'),
(675, 20, '5cf53ca8a9c2c', NULL, '2019-06-03 03:28:40', '2019-06-03 03:28:40'),
(676, 20, '5cf54b5958b68', NULL, '2019-06-03 04:31:21', '2019-06-03 04:31:21'),
(677, 20, '5cf55d775f7d2', NULL, '2019-06-03 05:48:39', '2019-06-03 05:48:39'),
(678, 20, '5cf5fab6025f8', NULL, '2019-06-04 04:59:34', '2019-06-04 04:59:34'),
(679, 20, '5cf5fbbcc2403', NULL, '2019-06-04 05:03:56', '2019-06-04 05:03:56'),
(680, 20, '5cf797f976899', NULL, '2019-06-05 10:22:49', '2019-06-05 10:22:49'),
(681, 20, '5cf79a5d8b7df', NULL, '2019-06-05 10:33:01', '2019-06-05 10:33:01'),
(682, 20, '5cf7c86a3b2f8', NULL, '2019-06-05 01:49:30', '2019-06-05 01:49:30'),
(683, 20, '5cf7ce55ac844', NULL, '2019-06-05 02:14:45', '2019-06-05 02:14:45'),
(684, 20, '5cf7d4feaac17', NULL, '2019-06-05 02:43:10', '2019-06-05 02:43:10'),
(685, 20, '5cf8b77512b76', NULL, '2019-06-06 06:49:25', '2019-06-06 06:49:25'),
(686, 20, '5cf8b7f2e28db', NULL, '2019-06-06 06:51:30', '2019-06-06 06:51:30'),
(687, 20, '5cf90cbcee043', NULL, '2019-06-06 12:53:16', '2019-06-06 12:53:16'),
(688, 20, '5cf92662095dc', NULL, '2019-06-06 02:42:42', '2019-06-06 02:42:42'),
(689, 20, '5cf93bb8da012', NULL, '2019-06-06 04:13:44', '2019-06-06 04:13:44'),
(690, 20, '5cf9f2548ef3c', NULL, '2019-06-07 05:12:52', '2019-06-07 05:12:52'),
(691, 20, '5cfa24756a0a1', NULL, '2019-06-07 08:46:45', '2019-06-07 08:46:45'),
(692, 20, '5cfa6aebf0a65', NULL, '2019-06-07 01:47:23', '2019-06-07 01:47:23'),
(693, 20, '5cfa7942d5ae1', NULL, '2019-06-07 02:48:34', '2019-06-07 02:48:34'),
(694, 20, '5cfa90e164062', NULL, '2019-06-07 04:29:21', '2019-06-07 04:29:21'),
(695, 20, '5cfb4a273b2dc', NULL, '2019-06-08 05:39:51', '2019-06-08 05:39:51'),
(696, 20, '5cfb8931c352b', NULL, '2019-06-08 10:08:49', '2019-06-08 10:08:49'),
(697, 20, '5cfb894936508', NULL, '2019-06-08 10:09:13', '2019-06-08 10:09:13'),
(698, 20, '5cfb894a67775', NULL, '2019-06-08 10:09:14', '2019-06-08 10:09:14'),
(699, 20, '5cfb8c991d1a8', NULL, '2019-06-08 10:23:21', '2019-06-08 10:23:21'),
(700, 20, '5cfbc95e776bb', NULL, '2019-06-08 02:42:38', '2019-06-08 02:42:38'),
(701, 20, '5cfcfd5272b1e', NULL, '2019-06-09 12:36:34', '2019-06-09 12:36:34'),
(702, 20, '5cfd1f4d66279', NULL, '2019-06-09 03:01:33', '2019-06-09 03:01:33'),
(703, 20, '5cfde849ce951', NULL, '2019-06-10 05:19:05', '2019-06-10 05:19:05'),
(704, 20, '5cfe4ac34e43e', NULL, '2019-06-10 12:19:15', '2019-06-10 12:19:15'),
(705, 20, '5cfe5a3f7ee88', NULL, '2019-06-10 01:25:19', '2019-06-10 01:25:19'),
(706, 20, '5cfe5d1a9146d', NULL, '2019-06-10 01:37:30', '2019-06-10 01:37:30'),
(707, 20, '5cfe6968317e2', NULL, '2019-06-10 02:30:00', '2019-06-10 02:30:00'),
(708, 20, '5cff16e8cc1bc', NULL, '2019-06-11 02:50:16', '2019-06-11 02:50:16'),
(709, 20, '5cff326daa02a', NULL, '2019-06-11 04:47:41', '2019-06-11 04:47:41'),
(710, 20, '5cff3293600e6', NULL, '2019-06-11 04:48:19', '2019-06-11 04:48:19'),
(711, 20, '5cff589747431', NULL, '2019-06-11 07:30:31', '2019-06-11 07:30:31'),
(712, 20, '5cff58ff6ea24', NULL, '2019-06-11 07:32:15', '2019-06-11 07:32:15'),
(713, 20, '5cff596ae6aa6', NULL, '2019-06-11 07:34:02', '2019-06-11 07:34:02'),
(714, 20, '5cff59c5dca71', NULL, '2019-06-11 07:35:33', '2019-06-11 07:35:33'),
(715, 20, '5cff5a94f351b', NULL, '2019-06-11 07:39:00', '2019-06-11 07:39:00'),
(716, 20, '5cff5add3f8a8', NULL, '2019-06-11 07:40:13', '2019-06-11 07:40:13'),
(717, 20, '5cff85526e8ec', NULL, '2019-06-11 10:41:22', '2019-06-11 10:41:22'),
(718, 20, '5cffbf5b69073', NULL, '2019-06-11 02:48:59', '2019-06-11 02:48:59'),
(719, 20, '5d0090c109100', NULL, '2019-06-12 05:42:25', '2019-06-12 05:42:25'),
(720, 20, '5d010f292d2e5', NULL, '2019-06-12 02:41:45', '2019-06-12 02:41:45'),
(721, 20, '5d0114670042b', NULL, '2019-06-12 03:04:06', '2019-06-12 03:04:06'),
(722, 20, '5d0220d244eda', NULL, '2019-06-13 10:09:22', '2019-06-13 10:09:22'),
(723, 20, '5d02226aedd20', NULL, '2019-06-13 10:16:10', '2019-06-13 10:16:10'),
(724, 20, '5d0224e763d44', NULL, '2019-06-13 10:26:47', '2019-06-13 10:26:47'),
(725, 20, '5d022502391d2', NULL, '2019-06-13 10:27:14', '2019-06-13 10:27:14'),
(726, 20, '5d02251becfcc', NULL, '2019-06-13 10:27:39', '2019-06-13 10:27:39'),
(727, 20, '5d02253755935', NULL, '2019-06-13 10:28:07', '2019-06-13 10:28:07'),
(728, 20, '5d0225fc244f9', NULL, '2019-06-13 10:31:24', '2019-06-13 10:31:24'),
(729, 20, '5d02271f81f5b', NULL, '2019-06-13 10:36:15', '2019-06-13 10:36:15'),
(730, 20, '5d02284279e2d', NULL, '2019-06-13 10:41:06', '2019-06-13 10:41:06'),
(731, 20, '5d022862040fa', NULL, '2019-06-13 10:41:38', '2019-06-13 10:41:38'),
(732, 20, '5d0229ca993e5', NULL, '2019-06-13 10:47:38', '2019-06-13 10:47:38'),
(733, 20, '5d0229edce5a5', NULL, '2019-06-13 10:48:13', '2019-06-13 10:48:13'),
(734, 20, '5d0229f768a2c', NULL, '2019-06-13 10:48:23', '2019-06-13 10:48:23'),
(735, 20, '5d022e7bc1c04', NULL, '2019-06-13 11:07:39', '2019-06-13 11:07:39'),
(736, 20, '5d022fd8e67f5', NULL, '2019-06-13 11:13:28', '2019-06-13 11:13:28'),
(737, 20, '5d023017f0fc2', NULL, '2019-06-13 11:14:31', '2019-06-13 11:14:31'),
(738, 20, '5d0230a3cc217', NULL, '2019-06-13 11:16:51', '2019-06-13 11:16:51'),
(739, 20, '5d0232159c9a3', NULL, '2019-06-13 11:23:01', '2019-06-13 11:23:01'),
(740, 20, '5d0232508f33b', NULL, '2019-06-13 11:24:00', '2019-06-13 11:24:00'),
(741, 20, '5d0236461189f', NULL, '2019-06-13 11:40:54', '2019-06-13 11:40:54'),
(742, 20, '5d023677a8415', NULL, '2019-06-13 11:41:43', '2019-06-13 11:41:43'),
(743, 20, '5d02377dcf0ab', NULL, '2019-06-13 11:46:05', '2019-06-13 11:46:05'),
(744, 20, '5d0237a1ea869', NULL, '2019-06-13 11:46:41', '2019-06-13 11:46:41'),
(745, 20, '5d023d6767d14', NULL, '2019-06-13 12:11:19', '2019-06-13 12:11:19'),
(746, 20, '5d023f751e39e', NULL, '2019-06-13 12:20:05', '2019-06-13 12:20:05'),
(747, 20, '5d023fdf46c7a', NULL, '2019-06-13 12:21:51', '2019-06-13 12:21:51'),
(748, 20, '5d02665fd5805', NULL, '2019-06-13 03:06:07', '2019-06-13 03:06:07'),
(749, 20, '5d032daabc4e3', NULL, '2019-06-14 05:16:26', '2019-06-14 05:16:26'),
(750, 20, '5d032dc7b452f', NULL, '2019-06-14 05:16:55', '2019-06-14 05:16:55'),
(751, 20, '5d033cb9e7f82', NULL, '2019-06-14 06:20:41', '2019-06-14 06:20:41'),
(752, 20, '5d03474d39f56', NULL, '2019-06-14 07:05:49', '2019-06-14 07:05:49'),
(753, 20, '5d03b67a74e88', NULL, '2019-06-14 03:00:10', '2019-06-14 03:00:10'),
(754, 20, '5d03b6a88e65e', NULL, '2019-06-14 03:00:56', '2019-06-14 03:00:56'),
(755, 20, '5d03b769a5604', NULL, '2019-06-14 03:04:09', '2019-06-14 03:04:09'),
(756, 20, '5d03b8640d146', NULL, '2019-06-14 03:08:20', '2019-06-14 03:08:20'),
(757, 20, '5d03b8ebe6304', NULL, '2019-06-14 03:10:35', '2019-06-14 03:10:35'),
(758, 20, '5d047b86e7b53', NULL, '2019-06-15 05:00:54', '2019-06-15 05:00:54'),
(759, 20, '5d0500df1b0a6', NULL, '2019-06-15 02:29:51', '2019-06-15 02:29:51'),
(760, 20, '5d050182dfb8a', NULL, '2019-06-15 02:32:34', '2019-06-15 02:32:34'),
(761, 20, '5d0541da86b3e', NULL, '2019-06-15 07:07:06', '2019-06-15 07:07:06'),
(762, 20, '5d05f8c07341b', NULL, '2019-06-16 08:07:28', '2019-06-16 08:07:28'),
(763, 20, '5d071e4290f9c', NULL, '2019-06-17 04:59:46', '2019-06-17 04:59:46'),
(764, 20, '5d0ded2a2cb9f', NULL, '2019-06-22 08:56:10', '2019-06-22 08:56:10'),
(765, 20, '5d0def5a0884b', NULL, '2019-06-22 09:05:30', '2019-06-22 09:05:30'),
(766, 20, '5d0df250061b0', NULL, '2019-06-22 09:18:08', '2019-06-22 09:18:08'),
(767, 20, '5d0e0f9a0dd31', NULL, '2019-06-22 11:23:06', '2019-06-22 11:23:06'),
(768, 20, '5d0e29b6714a6', NULL, '2019-06-22 01:14:30', '2019-06-22 01:14:30'),
(769, 20, '5d0e4f8712674', NULL, '2019-06-22 03:55:51', '2019-06-22 03:55:51'),
(770, 20, '5d0e591adb610', NULL, '2019-06-22 04:36:42', '2019-06-22 04:36:42'),
(771, 20, '5d0fb44e714b0', NULL, '2019-06-23 05:18:06', '2019-06-23 05:18:06'),
(772, 20, '5d105cd2e978f', NULL, '2019-06-24 05:17:06', '2019-06-24 05:17:06'),
(773, 20, '5d10de048daca', NULL, '2019-06-24 02:28:20', '2019-06-24 02:28:20'),
(774, 20, '5d10ff1a31673', NULL, '2019-06-24 04:49:30', '2019-06-24 04:49:30'),
(775, 20, '5d117b2864bad', NULL, '2019-06-25 01:38:48', '2019-06-25 01:38:48'),
(776, 20, '5d12fe37c4ad3', NULL, '2019-06-26 05:10:15', '2019-06-26 05:10:15'),
(777, 20, '5d1305a6485fb', NULL, '2019-06-26 05:41:58', '2019-06-26 05:41:58'),
(778, 20, '5d1305c590e5a', NULL, '2019-06-26 05:42:29', '2019-06-26 05:42:29'),
(779, 20, '5d1305e089dde', NULL, '2019-06-26 05:42:56', '2019-06-26 05:42:56'),
(780, 20, '5d130a4c18c7a', NULL, '2019-06-26 06:01:48', '2019-06-26 06:01:48'),
(781, 20, '5d131e2bd4e66', NULL, '2019-06-26 07:26:35', '2019-06-26 07:26:35'),
(782, 20, '5d1323d59cda6', NULL, '2019-06-26 07:50:45', '2019-06-26 07:50:45'),
(783, 20, '5d13380d1f3d6', NULL, '2019-06-26 09:17:01', '2019-06-26 09:17:01'),
(784, 20, '5d133869ccf10', NULL, '2019-06-26 09:18:33', '2019-06-26 09:18:33'),
(785, 20, '5d135f82b4a1b', NULL, '2019-06-26 12:05:22', '2019-06-26 12:05:22'),
(786, 20, '5d1361c009a03', NULL, '2019-06-26 12:14:56', '2019-06-26 12:14:56'),
(787, 20, '5d139d7f0eb7d', NULL, '2019-06-26 04:29:51', '2019-06-26 04:29:51'),
(788, 20, '5d144ed0d5b67', NULL, '2019-06-27 05:06:24', '2019-06-27 05:06:24'),
(789, 20, '5d145a8a6648d', NULL, '2019-06-27 05:56:26', '2019-06-27 05:56:26'),
(790, 20, '5d14ae4643634', NULL, '2019-06-27 11:53:42', '2019-06-27 11:53:42'),
(791, 20, '5d14c299574ae', NULL, '2019-06-27 01:20:25', '2019-06-27 01:20:25'),
(792, 20, '5d14cbac2cec2', NULL, '2019-06-27 01:59:08', '2019-06-27 01:59:08'),
(793, 20, '5d14cc05897e8', NULL, '2019-06-27 02:00:37', '2019-06-27 02:00:37'),
(794, 20, '5d14d42266b81', NULL, '2019-06-27 02:35:14', '2019-06-27 02:35:14'),
(795, 20, '5d14d67c05462', NULL, '2019-06-27 02:45:16', '2019-06-27 02:45:16'),
(796, 20, '5d14d705904d9', NULL, '2019-06-27 02:47:33', '2019-06-27 02:47:33'),
(797, 20, '5d14ea0e167b2', NULL, '2019-06-27 04:08:46', '2019-06-27 04:08:46'),
(798, 20, '5d15721d16d87', NULL, '2019-06-28 01:49:17', '2019-06-28 01:49:17'),
(799, 20, '5d159ddfb9cd2', NULL, '2019-06-28 04:55:59', '2019-06-28 04:55:59'),
(800, 20, '5d15a032e4196', NULL, '2019-06-28 05:05:54', '2019-06-28 05:05:54'),
(801, 20, '5d15b35b9e432', NULL, '2019-06-28 06:27:39', '2019-06-28 06:27:39'),
(802, 20, '5d1624eeabee8', NULL, '2019-06-28 02:32:14', '2019-06-28 02:32:14'),
(803, 20, '5d1635f6e8262', NULL, '2019-06-28 03:44:54', '2019-06-28 03:44:54'),
(804, 20, '5d16f0df548d9', NULL, '2019-06-29 05:02:23', '2019-06-29 05:02:23'),
(805, 20, '5d17120e0f9eb', NULL, '2019-06-29 07:23:58', '2019-06-29 07:23:58'),
(806, 20, '5d1721794b91a', NULL, '2019-06-29 08:29:45', '2019-06-29 08:29:45'),
(807, 20, '5d176bec7d3ba', NULL, '2019-06-29 01:47:24', '2019-06-29 01:47:24'),
(808, 20, '5d176e0d341a8', NULL, '2019-06-29 01:56:29', '2019-06-29 01:56:29'),
(809, 20, '5d1775c56b7f5', NULL, '2019-06-29 02:29:25', '2019-06-29 02:29:25'),
(810, 20, '5d17aa3473fe6', NULL, '2019-06-29 06:13:08', '2019-06-29 06:13:08'),
(811, 20, '5d184a0703e07', NULL, '2019-06-30 05:35:03', '2019-06-30 05:35:03'),
(812, 20, '5d1851c945f40', NULL, '2019-06-30 06:08:09', '2019-06-30 06:08:09'),
(813, 20, '5d1904391170a', NULL, '2019-06-30 06:49:29', '2019-06-30 06:49:29'),
(814, 20, '5d19941f20726', NULL, '2019-07-01 05:03:27', '2019-07-01 05:03:27'),
(815, 20, '5d1a16c664897', NULL, '2019-07-01 02:20:54', '2019-07-01 02:20:54'),
(816, 20, '5d1a18146dd6d', NULL, '2019-07-01 02:26:28', '2019-07-01 02:26:28'),
(817, 20, '5d1a18b89a54a', NULL, '2019-07-01 02:29:12', '2019-07-01 02:29:12'),
(818, 20, '5d1a237505e86', NULL, '2019-07-01 03:15:01', '2019-07-01 03:15:01'),
(819, 20, '5d1a247a1e773', NULL, '2019-07-01 03:19:22', '2019-07-01 03:19:22'),
(820, 20, '5d1ae5a71c093', NULL, '2019-07-02 05:03:35', '2019-07-02 05:03:35'),
(821, 20, '5d1b675b49780', NULL, '2019-07-02 02:16:59', '2019-07-02 02:16:59'),
(822, 20, '5d1b7668882c5', NULL, '2019-07-02 03:21:12', '2019-07-02 03:21:12'),
(823, 20, '5d1c3924ed715', NULL, '2019-07-03 05:12:04', '2019-07-03 05:12:04'),
(824, 20, '5d1c572738a1d', NULL, '2019-07-03 07:20:07', '2019-07-03 07:20:07'),
(825, 20, '5d1c91d954f6d', NULL, '2019-07-03 11:30:33', '2019-07-03 11:30:33'),
(826, 20, '5d1fb6eba41d9', NULL, '2019-07-05 08:45:31', '2019-07-05 08:45:31'),
(827, 20, '5d1fb70640bc4', NULL, '2019-07-05 08:45:58', '2019-07-05 08:45:58'),
(828, 20, '5d204bef22e31', NULL, '2019-07-06 07:21:19', '2019-07-06 07:21:19'),
(829, 20, '5d204c111267b', NULL, '2019-07-06 07:21:53', '2019-07-06 07:21:53'),
(830, 20, '5d2050e8e63f2', NULL, '2019-07-06 07:42:32', '2019-07-06 07:42:32'),
(831, 20, '5d20a36782b6f', NULL, '2019-07-06 01:34:31', '2019-07-06 01:34:31'),
(832, 20, '5d20a44a8da3c', NULL, '2019-07-06 01:38:18', '2019-07-06 01:38:18'),
(833, 20, '5d25724fb37c5', NULL, '2019-07-10 05:06:23', '2019-07-10 05:06:23'),
(834, 20, '5d25d2e83aa64', NULL, '2019-07-10 11:58:32', '2019-07-10 11:58:32'),
(835, 20, '5d25f9ebe9181', NULL, '2019-07-10 02:44:59', '2019-07-10 02:44:59'),
(836, 20, '5d25fb39a5bba', NULL, '2019-07-10 02:50:33', '2019-07-10 02:50:33'),
(837, 20, '5d26c2ee68d57', NULL, '2019-07-11 05:02:38', '2019-07-11 05:02:38'),
(838, 20, '5d26cb741ceb5', NULL, '2019-07-11 05:39:00', '2019-07-11 05:39:00'),
(839, 20, '5d26faf4c09a5', NULL, '2019-07-11 09:01:40', '2019-07-11 09:01:40'),
(840, 20, '5d2725f25e90a', NULL, '2019-07-11 12:05:06', '2019-07-11 12:05:06'),
(841, 20, '5d27467e45cf5', NULL, '2019-07-11 02:23:58', '2019-07-11 02:23:58'),
(842, 20, '5d27495d1dfb8', NULL, '2019-07-11 02:36:13', '2019-07-11 02:36:13'),
(843, 20, '5d2749bc43d90', NULL, '2019-07-11 02:37:48', '2019-07-11 02:37:48'),
(844, 20, '5d2815963c6d3', NULL, '2019-07-12 05:07:34', '2019-07-12 05:07:34'),
(845, 20, '5d2861b74abee', NULL, '2019-07-12 10:32:23', '2019-07-12 10:32:23'),
(846, 20, '5d289af6b571e', NULL, '2019-07-12 02:36:38', '2019-07-12 02:36:38'),
(847, 20, '5d2b592eb95f8', NULL, '2019-07-14 04:32:46', '2019-07-14 04:32:46'),
(848, 20, '5d2d5b63dcb67', NULL, '2019-07-16 05:06:43', '2019-07-16 05:06:43'),
(849, 20, '5d2d6141ad0f5', NULL, '2019-07-16 05:31:45', '2019-07-16 05:31:45'),
(850, 20, '5d2d7e26ddec9', NULL, '2019-07-16 07:35:02', '2019-07-16 07:35:02'),
(851, 20, '5d2de1afb871b', NULL, '2019-07-16 02:39:43', '2019-07-16 02:39:43'),
(852, 20, '5d2de1cba725c', NULL, '2019-07-16 02:40:11', '2019-07-16 02:40:11'),
(853, 20, '5d2eac10471dc', NULL, '2019-07-17 05:03:12', '2019-07-17 05:03:12'),
(854, 20, '5d2ead4d80346', NULL, '2019-07-17 05:08:29', '2019-07-17 05:08:29'),
(855, 20, '5d2ead8b7c033', NULL, '2019-07-17 05:09:31', '2019-07-17 05:09:31'),
(856, 20, '5d2eadc4543f6', NULL, '2019-07-17 05:10:28', '2019-07-17 05:10:28'),
(857, 20, '5d2eadf8935d6', NULL, '2019-07-17 05:11:20', '2019-07-17 05:11:20'),
(858, 20, '5d2eae2c6d7f6', NULL, '2019-07-17 05:12:12', '2019-07-17 05:12:12'),
(859, 20, '5d2eaebb2e8db', NULL, '2019-07-17 05:14:35', '2019-07-17 05:14:35'),
(860, 20, '5d2eb33b5c44f', NULL, '2019-07-17 05:33:47', '2019-07-17 05:33:47'),
(861, 20, '5d2eb368edb4a', NULL, '2019-07-17 05:34:32', '2019-07-17 05:34:32'),
(862, 20, '5d2eb3b9aff9c', NULL, '2019-07-17 05:35:53', '2019-07-17 05:35:53'),
(863, 20, '5d2eb45750197', NULL, '2019-07-17 05:38:31', '2019-07-17 05:38:31'),
(864, 20, '5d2eb726ecc8f', NULL, '2019-07-17 05:50:30', '2019-07-17 05:50:30'),
(865, 20, '5d2eb7d9d534a', NULL, '2019-07-17 05:53:29', '2019-07-17 05:53:29'),
(866, 20, '5d2eb8738509b', NULL, '2019-07-17 05:56:03', '2019-07-17 05:56:03'),
(867, 20, '5d2eca4aa9b92', NULL, '2019-07-17 07:12:10', '2019-07-17 07:12:10'),
(868, 20, '5d2f14694f4fa', NULL, '2019-07-17 12:28:25', '2019-07-17 12:28:25'),
(869, 20, '5d2f32af9a6e9', NULL, '2019-07-17 02:37:35', '2019-07-17 02:37:35'),
(870, 20, '5d2f5b83d16f3', NULL, '2019-07-17 05:31:47', '2019-07-17 05:31:47'),
(871, 20, '5d30003f5ae41', NULL, '2019-07-18 05:14:39', '2019-07-18 05:14:39'),
(872, 20, '5d308500bc06f', NULL, '2019-07-18 02:41:04', '2019-07-18 02:41:04'),
(873, 20, '5d314ef8d3719', NULL, '2019-07-19 05:02:48', '2019-07-19 05:02:48'),
(874, 20, '5d317498ed2ec', NULL, '2019-07-19 07:43:20', '2019-07-19 07:43:20'),
(875, 20, '5d318a715ad85', NULL, '2019-07-19 09:16:33', '2019-07-19 09:16:33'),
(876, 20, '5d31d786293cb', NULL, '2019-07-19 02:45:26', '2019-07-19 02:45:26'),
(877, 20, '5d31ef281fd30', NULL, '2019-07-19 04:26:16', '2019-07-19 04:26:16'),
(878, 20, '5d31ef35b9e85', NULL, '2019-07-19 04:26:29', '2019-07-19 04:26:29'),
(879, 20, '5d31ef613e99f', NULL, '2019-07-19 04:27:13', '2019-07-19 04:27:13'),
(880, 20, '5d31ef86f1584', NULL, '2019-07-19 04:27:50', '2019-07-19 04:27:50'),
(881, 20, '5d32bec905347', NULL, '2019-07-20 07:12:09', '2019-07-20 07:12:09'),
(882, 20, '5d32beec38df7', NULL, '2019-07-20 07:12:44', '2019-07-20 07:12:44'),
(883, 20, '5d32bf1d60d7b', NULL, '2019-07-20 07:13:33', '2019-07-20 07:13:33'),
(884, 20, '5d32bf9a7cc6f', NULL, '2019-07-20 07:15:38', '2019-07-20 07:15:38'),
(885, 20, '5d32c01176c08', NULL, '2019-07-20 07:17:37', '2019-07-20 07:17:37'),
(886, 20, '5d32c29a152a7', NULL, '2019-07-20 07:28:26', '2019-07-20 07:28:26'),
(887, 20, '5d32c2fa23e2c', NULL, '2019-07-20 07:30:02', '2019-07-20 07:30:02'),
(888, 20, '5d32c345732b9', NULL, '2019-07-20 07:31:17', '2019-07-20 07:31:17'),
(889, 20, '5d32c3505d384', NULL, '2019-07-20 07:31:28', '2019-07-20 07:31:28'),
(890, 20, '5d32c39f9644b', NULL, '2019-07-20 07:32:47', '2019-07-20 07:32:47'),
(891, 20, '5d32c3a4b6519', NULL, '2019-07-20 07:32:52', '2019-07-20 07:32:52'),
(892, 20, '5d32c3d59962c', NULL, '2019-07-20 07:33:41', '2019-07-20 07:33:41'),
(893, 20, '5d32deb258faf', NULL, '2019-07-20 09:28:18', '2019-07-20 09:28:18'),
(894, 20, '5d32defcdaf1e', NULL, '2019-07-20 09:29:32', '2019-07-20 09:29:32'),
(895, 20, '5d32e0d2e3d28', NULL, '2019-07-20 09:37:22', '2019-07-20 09:37:22'),
(896, 20, '5d32ea9f142c3', NULL, '2019-07-20 10:19:11', '2019-07-20 10:19:11'),
(897, 20, '5d32ec03a8d9f', NULL, '2019-07-20 10:25:07', '2019-07-20 10:25:07'),
(898, 20, '5d32ede0ab6d5', NULL, '2019-07-20 10:33:04', '2019-07-20 10:33:04'),
(899, 20, '5d3ea0d19eba9', NULL, '2019-07-29 07:31:29', '2019-07-29 07:31:29'),
(900, 20, '5d3ea143ef30e', NULL, '2019-07-29 07:33:23', '2019-07-29 07:33:23'),
(901, 20, '5d3ea15f57443', NULL, '2019-07-29 07:33:51', '2019-07-29 07:33:51'),
(902, 20, '5d3ea1c26cb1f', NULL, '2019-07-29 07:35:30', '2019-07-29 07:35:30'),
(903, 20, '5d3ea21de2717', NULL, '2019-07-29 07:37:01', '2019-07-29 07:37:01'),
(904, 20, '5d3ea40b5b9ac', NULL, '2019-07-29 07:45:15', '2019-07-29 07:45:15'),
(905, 20, '5d3eb11f11973', NULL, '2019-07-29 08:41:03', '2019-07-29 08:41:03'),
(906, 20, '5d3eb747bd09f', NULL, '2019-07-29 09:07:19', '2019-07-29 09:07:19'),
(907, 20, '5d3f003395ad4', NULL, '2019-07-29 02:18:27', '2019-07-29 02:18:27'),
(908, 20, '5d3f1515c941b', NULL, '2019-07-29 03:47:33', '2019-07-29 03:47:33'),
(909, 20, '5d3fd11c51b5e', NULL, '2019-07-30 05:09:48', '2019-07-30 05:09:48'),
(910, 20, '5d3fe00953058', NULL, '2019-07-30 06:13:29', '2019-07-30 06:13:29'),
(911, 20, '5d4049ad1d8ac', NULL, '2019-07-30 01:44:13', '2019-07-30 01:44:13'),
(912, 20, '5d405a48deafd', NULL, '2019-07-30 02:55:04', '2019-07-30 02:55:04'),
(913, 20, '5d406772ec9d8', NULL, '2019-07-30 03:51:14', '2019-07-30 03:51:14'),
(914, 20, '5d4067b332c2f', NULL, '2019-07-30 03:52:19', '2019-07-30 03:52:19'),
(915, 20, '5d41226b8e052', NULL, '2019-07-31 05:08:59', '2019-07-31 05:08:59'),
(916, 20, '5d412d392116c', NULL, '2019-07-31 05:55:05', '2019-07-31 05:55:05'),
(917, 20, '5d417289bb562', NULL, '2019-07-31 10:50:49', '2019-07-31 10:50:49'),
(918, 20, '5d41747f484ac', NULL, '2019-07-31 10:59:11', '2019-07-31 10:59:11'),
(919, 20, '5d4174c7280bc', NULL, '2019-07-31 11:00:23', '2019-07-31 11:00:23'),
(920, 20, '5d41a5923dadb', NULL, '2019-07-31 02:28:34', '2019-07-31 02:28:34'),
(921, 20, '5d42715f2bf86', NULL, '2019-08-01 04:58:07', '2019-08-01 04:58:07'),
(922, 20, '5d427d6a8cc61', NULL, '2019-08-01 05:49:30', '2019-08-01 05:49:30'),
(923, 20, '5d42f48f28b56', NULL, '2019-08-01 02:17:51', '2019-08-01 02:17:51'),
(924, 20, '5d42f4b8a4f46', NULL, '2019-08-01 02:18:32', '2019-08-01 02:18:32'),
(925, 20, '5d42f5dc6aa28', NULL, '2019-08-01 02:23:24', '2019-08-01 02:23:24'),
(926, 20, '5d42f61aabc46', NULL, '2019-08-01 02:24:26', '2019-08-01 02:24:26'),
(927, 20, '5d43101e27edd', NULL, '2019-08-01 04:15:26', '2019-08-01 04:15:26'),
(928, 20, '5d4391485142e', NULL, '2019-08-02 01:26:32', '2019-08-02 01:26:32'),
(929, 20, '5d43a3b09472b', NULL, '2019-08-02 02:45:04', '2019-08-02 02:45:04'),
(930, 20, '5d43c53485d22', NULL, '2019-08-02 05:08:04', '2019-08-02 05:08:04'),
(931, 20, '5d43cf0c54f4a', NULL, '2019-08-02 05:50:04', '2019-08-02 05:50:04'),
(932, 20, '5d43cf0c7d6f0', NULL, '2019-08-02 05:50:04', '2019-08-02 05:50:04'),
(933, 20, '5d43cf0c87970', NULL, '2019-08-02 05:50:04', '2019-08-02 05:50:04'),
(934, 20, '5d43cf0c9dc60', NULL, '2019-08-02 05:50:04', '2019-08-02 05:50:04'),
(935, 20, '5d43cf0ca4c11', NULL, '2019-08-02 05:50:04', '2019-08-02 05:50:04'),
(936, 20, '5d43cf0ca79df', NULL, '2019-08-02 05:50:04', '2019-08-02 05:50:04'),
(937, 20, '5d43cf0d12ca4', NULL, '2019-08-02 05:50:05', '2019-08-02 05:50:05'),
(938, 20, '5d43cf0d42315', NULL, '2019-08-02 05:50:05', '2019-08-02 05:50:05'),
(939, 20, '5d43cf0d5b36b', NULL, '2019-08-02 05:50:05', '2019-08-02 05:50:05'),
(940, 20, '5d43cf0d671cd', NULL, '2019-08-02 05:50:05', '2019-08-02 05:50:05'),
(941, 20, '5d43cf0d6ec0c', NULL, '2019-08-02 05:50:05', '2019-08-02 05:50:05'),
(942, 20, '5d43cf0d704d0', NULL, '2019-08-02 05:50:05', '2019-08-02 05:50:05'),
(943, 20, '5d43cf0dcba84', NULL, '2019-08-02 05:50:05', '2019-08-02 05:50:05'),
(944, 20, '5d43cf0e0288e', NULL, '2019-08-02 05:50:06', '2019-08-02 05:50:06'),
(945, 20, '5d43cf0e14cae', NULL, '2019-08-02 05:50:06', '2019-08-02 05:50:06'),
(946, 20, '5d43cf0e2502e', NULL, '2019-08-02 05:50:06', '2019-08-02 05:50:06'),
(947, 20, '5d43cf0e246cf', NULL, '2019-08-02 05:50:06', '2019-08-02 05:50:06'),
(948, 20, '5d43cf0e2d9b6', NULL, '2019-08-02 05:50:06', '2019-08-02 05:50:06'),
(949, 20, '5d43cf0e8e84d', NULL, '2019-08-02 05:50:06', '2019-08-02 05:50:06'),
(950, 20, '5d43cf0ebac78', NULL, '2019-08-02 05:50:06', '2019-08-02 05:50:06'),
(951, 20, '5d43cf0ec9bfd', NULL, '2019-08-02 05:50:06', '2019-08-02 05:50:06'),
(952, 20, '5d43cf0ed8da1', NULL, '2019-08-02 05:50:06', '2019-08-02 05:50:06'),
(953, 20, '5d43cf0ed884e', NULL, '2019-08-02 05:50:06', '2019-08-02 05:50:06'),
(954, 20, '5d43cf0ee3d40', NULL, '2019-08-02 05:50:06', '2019-08-02 05:50:06'),
(955, 20, '5d43cf0f5a7ac', NULL, '2019-08-02 05:50:07', '2019-08-02 05:50:07'),
(956, 20, '5d43cf0f7f0b8', NULL, '2019-08-02 05:50:07', '2019-08-02 05:50:07'),
(957, 20, '5d43cf0f8bbae', NULL, '2019-08-02 05:50:07', '2019-08-02 05:50:07'),
(958, 20, '5d43cf0f929aa', NULL, '2019-08-02 05:50:07', '2019-08-02 05:50:07'),
(959, 20, '5d43cf0f9a2f2', NULL, '2019-08-02 05:50:07', '2019-08-02 05:50:07'),
(960, 20, '5d43cf0f9fe70', NULL, '2019-08-02 05:50:07', '2019-08-02 05:50:07'),
(961, 20, '5d43cf1013926', NULL, '2019-08-02 05:50:08', '2019-08-02 05:50:08'),
(962, 20, '5d43cf10335a4', NULL, '2019-08-02 05:50:08', '2019-08-02 05:50:08'),
(963, 20, '5d43cf10451f9', NULL, '2019-08-02 05:50:08', '2019-08-02 05:50:08'),
(964, 20, '5d43cf104f2b2', NULL, '2019-08-02 05:50:08', '2019-08-02 05:50:08'),
(965, 20, '5d43cf1054401', NULL, '2019-08-02 05:50:08', '2019-08-02 05:50:08'),
(966, 20, '5d43cf1059ad1', NULL, '2019-08-02 05:50:08', '2019-08-02 05:50:08'),
(967, 20, '5d43cf10b959a', NULL, '2019-08-02 05:50:08', '2019-08-02 05:50:08'),
(968, 20, '5d43cf10f0810', NULL, '2019-08-02 05:50:08', '2019-08-02 05:50:08'),
(969, 20, '5d43cf110bac1', NULL, '2019-08-02 05:50:09', '2019-08-02 05:50:09'),
(970, 20, '5d43cf11105a8', NULL, '2019-08-02 05:50:09', '2019-08-02 05:50:09'),
(971, 20, '5d43cf111283b', NULL, '2019-08-02 05:50:09', '2019-08-02 05:50:09'),
(972, 20, '5d43cf111d8c8', NULL, '2019-08-02 05:50:09', '2019-08-02 05:50:09'),
(973, 20, '5d43cf114c5eb', NULL, '2019-08-02 05:50:09', '2019-08-02 05:50:09'),
(974, 20, '5d43cf114d499', NULL, '2019-08-02 05:50:09', '2019-08-02 05:50:09'),
(975, 20, '5d444a660b48d', NULL, '2019-08-02 02:36:22', '2019-08-02 02:36:22'),
(976, 20, '5d4457d54f2e9', NULL, '2019-08-02 03:33:41', '2019-08-02 03:33:41'),
(977, 20, '5d451ad3ba33d', NULL, '2019-08-03 05:25:39', '2019-08-03 05:25:39'),
(978, 20, '5d451ca3dc391', NULL, '2019-08-03 05:33:23', '2019-08-03 05:33:23'),
(979, 20, '5d4522471622c', NULL, '2019-08-03 05:57:27', '2019-08-03 05:57:27'),
(980, 20, '5d457c32a716b', NULL, '2019-08-03 12:21:06', '2019-08-03 12:21:06'),
(981, 20, '5d45a7a33a7d8', NULL, '2019-08-03 03:26:27', '2019-08-03 03:26:27'),
(982, 20, '5d45ac49d7589', NULL, '2019-08-03 03:46:17', '2019-08-03 03:46:17'),
(983, 20, '5d45bc11f4026', NULL, '2019-08-03 04:53:37', '2019-08-03 04:53:37'),
(984, 20, '5d466643a982f', NULL, '2019-08-04 04:59:47', '2019-08-04 04:59:47'),
(985, 20, '5d46694b02664', NULL, '2019-08-04 05:12:43', '2019-08-04 05:12:43'),
(986, 20, '5d466e02d1b5f', NULL, '2019-08-04 05:32:50', '2019-08-04 05:32:50'),
(987, 20, '5d47ba324f4a9', NULL, '2019-08-05 05:10:10', '2019-08-05 05:10:10'),
(988, 20, '5d47cc3eccb6d', NULL, '2019-08-05 06:27:10', '2019-08-05 06:27:10'),
(989, 20, '5d47d57ac098e', NULL, '2019-08-05 07:06:34', '2019-08-05 07:06:34'),
(990, 20, '5d47fb4a7bab8', NULL, '2019-08-05 09:47:54', '2019-08-05 09:47:54'),
(991, 20, '5d47fccc82d71', NULL, '2019-08-05 09:54:20', '2019-08-05 09:54:20'),
(992, 20, '5d4828e33415a', NULL, '2019-08-05 01:02:27', '2019-08-05 01:02:27'),
(993, 20, '5d482a96327fd', NULL, '2019-08-05 01:09:42', '2019-08-05 01:09:42'),
(994, 20, '5d4835fac0f6e', NULL, '2019-08-05 01:58:18', '2019-08-05 01:58:18'),
(995, 20, '5d483e64bb88c', NULL, '2019-08-05 02:34:12', '2019-08-05 02:34:12'),
(996, 20, '5d49027a0afcb', NULL, '2019-08-06 04:30:50', '2019-08-06 04:30:50'),
(997, 20, '5d490c00f0d5a', NULL, '2019-08-06 05:11:28', '2019-08-06 05:11:28'),
(998, 20, '5d490d19b0abc', NULL, '2019-08-06 05:16:09', '2019-08-06 05:16:09'),
(999, 20, '5d490f4b19481', NULL, '2019-08-06 05:25:31', '2019-08-06 05:25:31'),
(1000, 20, '5d490fcd69151', NULL, '2019-08-06 05:27:41', '2019-08-06 05:27:41'),
(1001, 20, '5d491dfe080de', NULL, '2019-08-06 06:28:14', '2019-08-06 06:28:14'),
(1002, 20, '5d49500f9d8c4', NULL, '2019-08-06 10:01:51', '2019-08-06 10:01:51'),
(1003, 20, '5d4986153a084', NULL, '2019-08-06 01:52:21', '2019-08-06 01:52:21'),
(1004, 20, '5d4a6071ef31c', NULL, '2019-08-07 05:24:01', '2019-08-07 05:24:01'),
(1005, 20, '5d4abb5ae711d', NULL, '2019-08-07 11:51:54', '2019-08-07 11:51:54'),
(1006, 20, '5d4bae5601017', NULL, '2019-08-08 05:08:38', '2019-08-08 05:08:38'),
(1007, 20, '5d4d0334375ab', NULL, '2019-08-09 05:23:00', '2019-08-09 05:23:00'),
(1008, 20, '5d4d13ad35a3a', NULL, '2019-08-09 06:33:17', '2019-08-09 06:33:17'),
(1009, 20, '5d4d187e027cf', NULL, '2019-08-09 06:53:50', '2019-08-09 06:53:50'),
(1010, 20, '5d4d1e1b7c564', NULL, '2019-08-09 07:17:47', '2019-08-09 07:17:47'),
(1011, 20, '5d4d4162a39a5', NULL, '2019-08-09 09:48:18', '2019-08-09 09:48:18'),
(1012, 20, '5d4d6b71350d3', NULL, '2019-08-09 12:47:45', '2019-08-09 12:47:45'),
(1013, 20, '5d4d7d297cd86', NULL, '2019-08-09 02:03:21', '2019-08-09 02:03:21'),
(1014, 20, '5d4d83a8773bf', NULL, '2019-08-09 02:31:04', '2019-08-09 02:31:04'),
(1015, 20, '5d4e533836d7c', NULL, '2019-08-10 05:16:40', '2019-08-10 05:16:40'),
(1016, 1, '5d4e908502fb2', NULL, '2019-08-10 09:38:13', '2019-08-10 09:38:13'),
(1017, 20, '5d4e9386d8f2d', NULL, '2019-08-10 09:51:02', '2019-08-10 09:51:02'),
(1018, 20, '5d4e98aa4ef6d', NULL, '2019-08-10 10:12:58', '2019-08-10 10:12:58'),
(1019, 20, '5d4e9b2898d78', NULL, '2019-08-10 10:23:36', '2019-08-10 10:23:36'),
(1020, 20, '5d4e9b7712c8c', NULL, '2019-08-10 10:24:55', '2019-08-10 10:24:55'),
(1021, 20, '5d4ea19fb98d4', NULL, '2019-08-10 10:51:11', '2019-08-10 10:51:11'),
(1022, 20, '5d4ea918a7e40', NULL, '2019-08-10 11:23:04', '2019-08-10 11:23:04'),
(1023, 27, '5d4eaacb68972', NULL, '2019-08-10 11:30:19', '2019-08-10 11:30:19'),
(1024, 20, '5d4eab8d196c1', NULL, '2019-08-10 11:33:33', '2019-08-10 11:33:33'),
(1025, 20, '5d4eabfca620e', NULL, '2019-08-10 11:35:24', '2019-08-10 11:35:24'),
(1026, 20, '5d4eac664211f', NULL, '2019-08-10 11:37:10', '2019-08-10 11:37:10'),
(1027, 27, '5d4eaca540bf0', NULL, '2019-08-10 11:38:13', '2019-08-10 11:38:13'),
(1028, 27, '5d4ead118aa78', NULL, '2019-08-10 11:40:01', '2019-08-10 11:40:01'),
(1029, 20, '5d4eadc748667', NULL, '2019-08-10 11:43:03', '2019-08-10 11:43:03'),
(1030, 27, '5d4eae052d1c5', NULL, '2019-08-10 11:44:05', '2019-08-10 11:44:05'),
(1031, 27, '5d4eae5da34c5', NULL, '2019-08-10 11:45:33', '2019-08-10 11:45:33'),
(1032, 20, '5d4eaf369f600', NULL, '2019-08-10 11:49:10', '2019-08-10 11:49:10'),
(1033, 28, '5d4eb01c16616', NULL, '2019-08-10 11:53:00', '2019-08-10 11:53:00'),
(1034, 28, '5d4eb06f8b83d', NULL, '2019-08-10 11:54:23', '2019-08-10 11:54:23'),
(1035, 20, '5d4eb0a627f21', NULL, '2019-08-10 11:55:18', '2019-08-10 11:55:18'),
(1036, 28, '5d4eb0dab07b1', NULL, '2019-08-10 11:56:10', '2019-08-10 11:56:10'),
(1037, 20, '5d4eb95328d30', NULL, '2019-08-10 12:32:19', '2019-08-10 12:32:19'),
(1038, 20, '5d4f9dbde75e8', NULL, '2019-08-11 04:46:53', '2019-08-11 04:46:53'),
(1039, 20, '5d4f9e3e90286', NULL, '2019-08-11 04:49:02', '2019-08-11 04:49:02'),
(1040, 20, '5d4f9e5f7eec5', NULL, '2019-08-11 04:49:35', '2019-08-11 04:49:35'),
(1041, 20, '5d4f9f9564ed7', NULL, '2019-08-11 04:54:45', '2019-08-11 04:54:45'),
(1042, 20, '5d50f3cf47508', NULL, '2019-08-12 05:06:23', '2019-08-12 05:06:23'),
(1043, 20, '5d50f90d45dcc', NULL, '2019-08-12 05:28:45', '2019-08-12 05:28:45'),
(1044, 20, '5d50f9178562c', NULL, '2019-08-12 05:28:55', '2019-08-12 05:28:55'),
(1045, 20, '5d50f9fbced87', NULL, '2019-08-12 05:32:43', '2019-08-12 05:32:43'),
(1046, 20, '5d50fa173855f', NULL, '2019-08-12 05:33:11', '2019-08-12 05:33:11'),
(1047, 20, '5d50fad93e8d4', NULL, '2019-08-12 05:36:25', '2019-08-12 05:36:25'),
(1048, 20, '5d50fc07ea964', NULL, '2019-08-12 05:41:27', '2019-08-12 05:41:27'),
(1049, 20, '5d50fc118b0e3', NULL, '2019-08-12 05:41:37', '2019-08-12 05:41:37'),
(1050, 20, '5d50fc4535610', NULL, '2019-08-12 05:42:29', '2019-08-12 05:42:29'),
(1051, 20, '5d50fced65eaa', NULL, '2019-08-12 05:45:17', '2019-08-12 05:45:17'),
(1052, 20, '5d50fec18b35f', NULL, '2019-08-12 05:53:05', '2019-08-12 05:53:05'),
(1053, 20, '5d50ff1975c03', NULL, '2019-08-12 05:54:33', '2019-08-12 05:54:33'),
(1054, 20, '5d50ff3862b07', NULL, '2019-08-12 05:55:04', '2019-08-12 05:55:04'),
(1055, 20, '5d50ff4d46115', NULL, '2019-08-12 05:55:25', '2019-08-12 05:55:25'),
(1056, 20, '5d511431b3cdb', NULL, '2019-08-12 07:24:33', '2019-08-12 07:24:33'),
(1057, 20, '5d512b4146682', NULL, '2019-08-12 09:02:57', '2019-08-12 09:02:57'),
(1058, 20, '5d512b9b22756', NULL, '2019-08-12 09:04:27', '2019-08-12 09:04:27'),
(1059, 20, '5d512beacccad', NULL, '2019-08-12 09:05:46', '2019-08-12 09:05:46'),
(1060, 20, '5d512f7c81093', NULL, '2019-08-12 09:21:00', '2019-08-12 09:21:00'),
(1061, 20, '5d513266dd9e8', NULL, '2019-08-12 09:33:26', '2019-08-12 09:33:26'),
(1062, 20, '5d513607d5ec1', NULL, '2019-08-12 09:48:55', '2019-08-12 09:48:55'),
(1063, 20, '5d5152f5127df', NULL, '2019-08-12 11:52:21', '2019-08-12 11:52:21'),
(1064, 20, '5d5153ecf3d8d', NULL, '2019-08-12 11:56:28', '2019-08-12 11:56:28'),
(1065, 20, '5d5156a2d4c14', NULL, '2019-08-12 12:08:02', '2019-08-12 12:08:02'),
(1066, 20, '5d5156ef80f7b', NULL, '2019-08-12 12:09:19', '2019-08-12 12:09:19'),
(1067, 20, '5d5159aef348b', NULL, '2019-08-12 12:21:02', '2019-08-12 12:21:02'),
(1068, 20, '5d5159da1eece', NULL, '2019-08-12 12:21:46', '2019-08-12 12:21:46'),
(1069, 20, '5d515a2e6390f', NULL, '2019-08-12 12:23:10', '2019-08-12 12:23:10'),
(1070, 20, '5d515a3e94ca7', NULL, '2019-08-12 12:23:26', '2019-08-12 12:23:26'),
(1071, 20, '5d515a5dea8b3', NULL, '2019-08-12 12:23:57', '2019-08-12 12:23:57'),
(1072, 20, '5d515ad175dcd', NULL, '2019-08-12 12:25:53', '2019-08-12 12:25:53'),
(1073, 20, '5d5165dc52c53', NULL, '2019-08-12 01:13:00', '2019-08-12 01:13:00'),
(1074, 20, '5d5167754f79b', NULL, '2019-08-12 01:19:49', '2019-08-12 01:19:49'),
(1075, 20, '5d5167dc8fcd1', NULL, '2019-08-12 01:21:32', '2019-08-12 01:21:32'),
(1076, 20, '5d516b10b596d', NULL, '2019-08-12 01:35:12', '2019-08-12 01:35:12'),
(1077, 20, '5d516c7401e1c', NULL, '2019-08-12 01:41:08', '2019-08-12 01:41:08'),
(1078, 20, '5d516dd2bd907', NULL, '2019-08-12 01:46:58', '2019-08-12 01:46:58'),
(1079, 20, '5d516e42f34a7', NULL, '2019-08-12 01:48:50', '2019-08-12 01:48:50'),
(1080, 20, '5d516e6dde2f6', NULL, '2019-08-12 01:49:33', '2019-08-12 01:49:33'),
(1081, 20, '5d516fe85874d', NULL, '2019-08-12 01:55:52', '2019-08-12 01:55:52'),
(1082, 20, '5d5170255e1b4', NULL, '2019-08-12 01:56:53', '2019-08-12 01:56:53'),
(1083, 20, '5d517031d6d42', NULL, '2019-08-12 01:57:05', '2019-08-12 01:57:05'),
(1084, 20, '5d51764692736', NULL, '2019-08-12 02:23:02', '2019-08-12 02:23:02'),
(1085, 20, '5d5179724a13b', NULL, '2019-08-12 02:36:34', '2019-08-12 02:36:34'),
(1086, 20, '5d5246fbb12ea', NULL, '2019-08-13 05:13:31', '2019-08-13 05:13:31'),
(1087, 20, '5d52488ca2ab5', NULL, '2019-08-13 05:20:12', '2019-08-13 05:20:12'),
(1088, 28, '5d5248c61f706', NULL, '2019-08-13 05:21:10', '2019-08-13 05:21:10'),
(1089, 29, '5d524a7418785', NULL, '2019-08-13 05:28:20', '2019-08-13 05:28:20'),
(1090, 20, '5d524c97857f0', NULL, '2019-08-13 05:37:27', '2019-08-13 05:37:27'),
(1091, 20, '5d524ce21562b', NULL, '2019-08-13 05:38:42', '2019-08-13 05:38:42'),
(1092, 29, '5d524cf9e4522', NULL, '2019-08-13 05:39:05', '2019-08-13 05:39:05'),
(1093, 20, '5d524daa9b808', NULL, '2019-08-13 05:42:02', '2019-08-13 05:42:02'),
(1094, 20, '5d524dbae055a', NULL, '2019-08-13 05:42:18', '2019-08-13 05:42:18'),
(1095, 20, '5d524dcabe93f', NULL, '2019-08-13 05:42:34', '2019-08-13 05:42:34'),
(1096, 20, '5d524df6dc5dd', NULL, '2019-08-13 05:43:18', '2019-08-13 05:43:18'),
(1097, 29, '5d524e0b1faa0', NULL, '2019-08-13 05:43:39', '2019-08-13 05:43:39'),
(1098, 20, '5d524eb37c827', NULL, '2019-08-13 05:46:27', '2019-08-13 05:46:27'),
(1099, 29, '5d524ecb1c574', NULL, '2019-08-13 05:46:51', '2019-08-13 05:46:51'),
(1100, 20, '5d5251d11f1be', NULL, '2019-08-13 05:59:45', '2019-08-13 05:59:45'),
(1101, 29, '5d52524f506dc', NULL, '2019-08-13 06:01:51', '2019-08-13 06:01:51'),
(1102, 20, '5d52556919add', NULL, '2019-08-13 06:15:05', '2019-08-13 06:15:05'),
(1103, 29, '5d5255b548f99', NULL, '2019-08-13 06:16:21', '2019-08-13 06:16:21'),
(1104, 20, '5d5256e9c26ef', NULL, '2019-08-13 06:21:29', '2019-08-13 06:21:29'),
(1105, 20, '5d527f657ccbb', NULL, '2019-08-13 09:14:13', '2019-08-13 09:14:13'),
(1106, 30, '5d5e6a8e00e26', NULL, '2019-08-22 04:42:30', '2019-08-22 04:42:30'),
(1107, 31, '5d5e6ccd7d742', NULL, '2019-08-22 04:52:05', '2019-08-22 04:52:05'),
(1108, 32, '5d5e75282b58b', NULL, '2019-08-22 05:27:44', '2019-08-22 05:27:44'),
(1109, 33, '5d5e85cbdb0ec', NULL, '2019-08-22 06:38:43', '2019-08-22 06:38:43'),
(1110, 27, '5d5e9fba86e74', NULL, '2019-08-21 20:29:22', '2019-08-21 20:29:22'),
(1111, 20, '5d5fb88d87f57', NULL, '2019-08-23 04:27:33', '2019-08-23 04:27:33'),
(1112, 1, '5d5fb9280eea0', NULL, '2019-08-23 04:30:08', '2019-08-23 04:30:08'),
(1113, 20, '5d5fba0355d93', NULL, '2019-08-23 04:33:47', '2019-08-23 04:33:47'),
(1114, 20, '5d5fba199a6bd', NULL, '2019-08-23 04:34:09', '2019-08-23 04:34:09'),
(1115, 20, '5d5fba5c51345', NULL, '2019-08-23 04:35:16', '2019-08-23 04:35:16'),
(1116, 20, '5d63edf8cd319', NULL, '2019-08-25 21:04:32', '2019-08-25 21:04:32'),
(1117, 20, '5d64db2712218', NULL, '2019-08-27 01:56:31', '2019-08-27 01:56:31'),
(1118, 20, '5d64dd0def527', NULL, '2019-08-27 02:04:37', '2019-08-27 02:04:37'),
(1119, 20, '5d64dd1a46130', NULL, '2019-08-27 02:04:50', '2019-08-27 02:04:50'),
(1120, 20, '5d64ddda6017a', NULL, '2019-08-27 02:08:02', '2019-08-27 02:08:02'),
(1121, 20, '5d64de233c090', NULL, '2019-08-27 02:09:15', '2019-08-27 02:09:15'),
(1122, 20, '5d64de2faffd3', NULL, '2019-08-27 02:09:27', '2019-08-27 02:09:27'),
(1123, 20, '5d64dfbc76954', NULL, '2019-08-27 02:16:04', '2019-08-27 02:16:04'),
(1124, 20, '5d64e955d0fc3', NULL, '2019-08-27 02:57:01', '2019-08-27 02:57:01'),
(1125, 20, '5d64ea73246e1', NULL, '2019-08-27 03:01:47', '2019-08-27 03:01:47'),
(1126, 20, '5d65345cad988', NULL, '2019-08-26 20:17:08', '2019-08-26 20:17:08'),
(1127, 20, '5d6534d4b304e', NULL, '2019-08-26 20:19:08', '2019-08-26 20:19:08'),
(1128, 20, '5d65359bae0f1', NULL, '2019-08-26 20:22:27', '2019-08-26 20:22:27'),
(1129, 20, '5d6535b7c43e3', NULL, '2019-08-26 20:22:55', '2019-08-26 20:22:55'),
(1130, 20, '5d6535cf451a0', NULL, '2019-08-26 20:23:19', '2019-08-26 20:23:19'),
(1131, 20, '5d665179e9ed3', NULL, '2019-08-28 10:03:37', '2019-08-28 10:03:37'),
(1132, 20, '5d665570784b5', NULL, '2019-08-28 10:20:32', '2019-08-28 10:20:32'),
(1133, 20, '5d6658e295547', NULL, '2019-08-28 10:35:14', '2019-08-28 10:35:14'),
(1134, 20, '5d665a0b88bd9', NULL, '2019-08-28 10:40:11', '2019-08-28 10:40:11'),
(1135, 20, '5d665a563dbd4', NULL, '2019-08-28 10:41:26', '2019-08-28 10:41:26'),
(1136, 20, '5d666899ca774', NULL, '2019-08-28 11:42:17', '2019-08-28 11:42:17'),
(1137, 20, '5d666919bc2e0', NULL, '2019-08-28 11:44:25', '2019-08-28 11:44:25'),
(1138, 20, '5d66694638b9e', NULL, '2019-08-28 11:45:10', '2019-08-28 11:45:10'),
(1139, 20, '5d666c064eb3b', NULL, '2019-08-28 11:56:54', '2019-08-28 11:56:54'),
(1140, 34, '5d666ea940b64', NULL, '2019-08-28 12:08:09', '2019-08-28 12:08:09'),
(1141, 34, '5d666ead1ce4d', NULL, '2019-08-28 12:08:13', '2019-08-28 12:08:13'),
(1142, 34, '5d666eb4d2403', NULL, '2019-08-28 12:08:20', '2019-08-28 12:08:20'),
(1143, 34, '5d666f03979fe', NULL, '2019-08-28 12:09:39', '2019-08-28 12:09:39'),
(1144, 20, '5d666f29bb3c1', NULL, '2019-08-28 12:10:17', '2019-08-28 12:10:17'),
(1145, 20, '5d666f31243d4', NULL, '2019-08-28 12:10:25', '2019-08-28 12:10:25'),
(1146, 35, '5d666f62a78b5', NULL, '2019-08-28 12:11:14', '2019-08-28 12:11:14'),
(1147, 35, '5d666f667dbd8', NULL, '2019-08-28 12:11:18', '2019-08-28 12:11:18'),
(1148, 35, '5d666f6dec204', NULL, '2019-08-28 12:11:25', '2019-08-28 12:11:25'),
(1149, 35, '5d666fae6381a', NULL, '2019-08-28 12:12:30', '2019-08-28 12:12:30'),
(1150, 20, '5d667885c6cb1', NULL, '2019-08-28 12:50:13', '2019-08-28 12:50:13'),
(1151, 20, '5d66798cdf3d8', NULL, '2019-08-28 12:54:36', '2019-08-28 12:54:36'),
(1152, 20, '5d667b748a3c8', NULL, '2019-08-28 01:02:44', '2019-08-28 01:02:44'),
(1153, 20, '5d6686feeb60b', NULL, '2019-08-28 01:51:58', '2019-08-28 01:51:58'),
(1154, 20, '5d675e2a5a58c', NULL, '2019-08-29 05:10:02', '2019-08-29 05:10:02'),
(1155, 20, '5d67600e6e6bf', NULL, '2019-08-29 05:18:06', '2019-08-29 05:18:06'),
(1156, 36, '5d67652fc9cfb', NULL, '2019-08-29 05:39:59', '2019-08-29 05:39:59'),
(1157, 37, '5d676ad97b10d', NULL, '2019-08-29 06:04:09', '2019-08-29 06:04:09'),
(1158, 38, '5d676bdf526d2', NULL, '2019-08-29 06:08:31', '2019-08-29 06:08:31'),
(1159, 37, '5d676ee035ea6', NULL, '2019-08-29 06:21:20', '2019-08-29 06:21:20'),
(1160, 20, '5d67734c6eaf1', NULL, '2019-08-29 06:40:12', '2019-08-29 06:40:12'),
(1161, 37, '5d677f77614a3', NULL, '2019-08-29 07:32:07', '2019-08-29 07:32:07'),
(1162, 20, '5d678d7981ec0', NULL, '2019-08-29 08:31:53', '2019-08-29 08:31:53'),
(1163, 20, '5d67aae386ffa', NULL, '2019-08-29 10:37:23', '2019-08-29 10:37:23'),
(1164, 20, '5d67ab0d9173c', NULL, '2019-08-29 10:38:05', '2019-08-29 10:38:05'),
(1165, 20, '5d67ab1e552af', NULL, '2019-08-29 10:38:22', '2019-08-29 10:38:22'),
(1166, 20, '5d67ab5fc8dcd', NULL, '2019-08-29 10:39:27', '2019-08-29 10:39:27'),
(1167, 20, '5d67ab79e1683', NULL, '2019-08-29 10:39:53', '2019-08-29 10:39:53'),
(1168, 20, '5d67ac0fddc44', NULL, '2019-08-29 10:42:23', '2019-08-29 10:42:23'),
(1169, 20, '5d67ad2d0c536', NULL, '2019-08-29 10:47:09', '2019-08-29 10:47:09'),
(1170, 20, '5d67aefc94aa8', NULL, '2019-08-29 10:54:52', '2019-08-29 10:54:52'),
(1171, 20, '5d67b06bad5c1', NULL, '2019-08-29 11:00:59', '2019-08-29 11:00:59'),
(1172, 20, '5d67b1be415f3', NULL, '2019-08-29 11:06:38', '2019-08-29 11:06:38'),
(1173, 20, '5d67c20af39ed', NULL, '2019-08-29 12:16:10', '2019-08-29 12:16:10'),
(1174, 20, '5d67c4cc9e5e1', NULL, '2019-08-29 12:27:56', '2019-08-29 12:27:56'),
(1175, 20, '5d68aec77a0c0', NULL, '2019-08-30 05:06:15', '2019-08-30 05:06:15'),
(1176, 20, '5d68ca0ee0fb9', NULL, '2019-08-30 07:02:38', '2019-08-30 07:02:38'),
(1177, 20, '5d68cd4ba047b', NULL, '2019-08-30 07:16:27', '2019-08-30 07:16:27'),
(1178, 20, '5d68ea9314fb8', NULL, '2019-08-30 09:21:23', '2019-08-30 09:21:23'),
(1179, 39, '5d68eaf149265', NULL, '2019-08-30 09:22:57', '2019-08-30 09:22:57'),
(1180, 39, '5d68eaf52b609', NULL, '2019-08-30 09:23:01', '2019-08-30 09:23:01'),
(1181, 39, '5d68eff0a388f', NULL, '2019-08-30 09:44:16', '2019-08-30 09:44:16'),
(1182, 20, '5d68f099737e3', NULL, '2019-08-30 09:47:05', '2019-08-30 09:47:05'),
(1183, 20, '5d68f1fe04262', NULL, '2019-08-30 09:53:02', '2019-08-30 09:53:02'),
(1184, 20, '5d68f224b1f69', NULL, '2019-08-30 09:53:40', '2019-08-30 09:53:40'),
(1185, 20, '5d68f26505570', NULL, '2019-08-30 09:54:45', '2019-08-30 09:54:45'),
(1186, 20, '5d68f29b3e758', NULL, '2019-08-30 09:55:39', '2019-08-30 09:55:39'),
(1187, 20, '5d68f3b65d707', NULL, '2019-08-30 10:00:22', '2019-08-30 10:00:22'),
(1188, 39, '5d68f7322609c', NULL, '2019-08-30 10:15:14', '2019-08-30 10:15:14'),
(1189, 20, '5d690e1b11718', NULL, '2019-08-30 11:52:59', '2019-08-30 11:52:59'),
(1190, 20, '5d691cafc8304', NULL, '2019-08-30 12:55:11', '2019-08-30 12:55:11'),
(1191, 20, '5d691d680b1af', NULL, '2019-08-30 12:58:16', '2019-08-30 12:58:16'),
(1192, 39, '5d691f256a2db', NULL, '2019-08-30 01:05:41', '2019-08-30 01:05:41'),
(1193, 20, '5d69207404e18', NULL, '2019-08-30 01:11:16', '2019-08-30 01:11:16'),
(1194, 40, '5d69215bad75c', NULL, '2019-08-30 01:15:07', '2019-08-30 01:15:07'),
(1195, 20, '5d69265526ef6', NULL, '2019-08-30 01:36:21', '2019-08-30 01:36:21'),
(1196, 39, '5d6926b7e1a0c', NULL, '2019-08-30 01:37:59', '2019-08-30 01:37:59'),
(1197, 39, '5d6927072b559', NULL, '2019-08-30 01:39:19', '2019-08-30 01:39:19'),
(1198, 20, '5d692789a9ad6', NULL, '2019-08-30 01:41:29', '2019-08-30 01:41:29'),
(1199, 39, '5d6928771cdab', NULL, '2019-08-30 01:45:27', '2019-08-30 01:45:27'),
(1200, 41, '5d692b2b4a2d0', NULL, '2019-08-30 01:56:59', '2019-08-30 01:56:59'),
(1201, 41, '5d692b2f33dc0', NULL, '2019-08-30 01:57:03', '2019-08-30 01:57:03'),
(1202, 42, '5d692eefe4d0e', NULL, '2019-08-30 02:13:03', '2019-08-30 02:13:03'),
(1203, 42, '5d692ef3b3b24', NULL, '2019-08-30 02:13:07', '2019-08-30 02:13:07'),
(1204, 43, '5d693081f1ea8', NULL, '2019-08-30 02:19:45', '2019-08-30 02:19:45'),
(1205, 43, '5d693085bc39b', NULL, '2019-08-30 02:19:49', '2019-08-30 02:19:49'),
(1206, 44, '5d69313e62342', NULL, '2019-08-30 02:22:54', '2019-08-30 02:22:54'),
(1207, 44, '5d69314239752', NULL, '2019-08-30 02:22:58', '2019-08-30 02:22:58'),
(1208, 20, '5d6a0101552cd', NULL, '2019-08-31 05:09:21', '2019-08-31 05:09:21'),
(1209, 20, '5d6a01f17cb59', NULL, '2019-08-31 05:13:21', '2019-08-31 05:13:21'),
(1210, 20, '5d6a020ac5fc7', NULL, '2019-08-31 05:13:46', '2019-08-31 05:13:46'),
(1211, 20, '5d6a05f9d898e', NULL, '2019-08-31 05:30:33', '2019-08-31 05:30:33'),
(1212, 39, '5d6a065bb8364', NULL, '2019-08-31 05:32:11', '2019-08-31 05:32:11'),
(1213, 40, '5d6a06866fb61', NULL, '2019-08-31 05:32:54', '2019-08-31 05:32:54'),
(1214, 39, '5d6a07f65f3d0', NULL, '2019-08-31 05:39:02', '2019-08-31 05:39:02'),
(1215, 39, '5d6a0a709d92c', NULL, '2019-08-31 05:49:36', '2019-08-31 05:49:36'),
(1216, 20, '5d6a0aaa6d897', NULL, '2019-08-31 05:50:34', '2019-08-31 05:50:34'),
(1217, 39, '5d6a0afbad485', NULL, '2019-08-31 05:51:55', '2019-08-31 05:51:55'),
(1218, 40, '5d6a0b23e45c5', NULL, '2019-08-31 05:52:35', '2019-08-31 05:52:35'),
(1219, 20, '5d6a0fbdabd5c', NULL, '2019-08-31 06:12:13', '2019-08-31 06:12:13'),
(1220, 20, '5d6a0fd0091ac', NULL, '2019-08-31 06:12:32', '2019-08-31 06:12:32'),
(1221, 20, '5d6a0ff1e9f0f', NULL, '2019-08-31 06:13:05', '2019-08-31 06:13:05'),
(1222, 39, '5d6a1215bff54', NULL, '2019-08-31 06:22:13', '2019-08-31 06:22:13'),
(1223, 40, '5d6a130624249', NULL, '2019-08-31 06:26:14', '2019-08-31 06:26:14'),
(1224, 20, '5d6a13c2edf0e', NULL, '2019-08-31 06:29:22', '2019-08-31 06:29:22'),
(1225, 39, '5d6a142268f6a', NULL, '2019-08-31 06:30:58', '2019-08-31 06:30:58'),
(1226, 20, '5d6a14e5c3295', NULL, '2019-08-31 06:34:13', '2019-08-31 06:34:13'),
(1227, 39, '5d6a15bb1645c', NULL, '2019-08-31 06:37:47', '2019-08-31 06:37:47'),
(1228, 20, '5d6a17b227435', NULL, '2019-08-31 06:46:10', '2019-08-31 06:46:10'),
(1229, 20, '5d6a18be9f78f', NULL, '2019-08-31 06:50:38', '2019-08-31 06:50:38'),
(1230, 39, '5d6a1ac2cc599', NULL, '2019-08-31 06:59:14', '2019-08-31 06:59:14'),
(1231, 45, '5d6a3940bbd3f', NULL, '2019-08-31 09:09:20', '2019-08-31 09:09:20'),
(1232, 45, '5d6a39448a310', NULL, '2019-08-31 09:09:24', '2019-08-31 09:09:24'),
(1233, 45, '5d6a39de5b8f9', NULL, '2019-08-31 09:11:58', '2019-08-31 09:11:58'),
(1234, 20, '5d6a48b6c03df', NULL, '2019-08-31 10:15:18', '2019-08-31 10:15:18'),
(1235, 45, '5d6a50c230cc4', NULL, '2019-08-31 10:49:38', '2019-08-31 10:49:38'),
(1236, 20, '5d6a522f826f3', NULL, '2019-08-31 10:55:43', '2019-08-31 10:55:43'),
(1237, 20, '5d6a62a43e576', NULL, '2019-08-31 12:05:56', '2019-08-31 12:05:56'),
(1238, 20, '5d6a634f42271', NULL, '2019-08-31 12:08:47', '2019-08-31 12:08:47'),
(1239, 45, '5d6a6d760e8fe', NULL, '2019-08-31 12:52:06', '2019-08-31 12:52:06'),
(1240, 38, '5d6a71293dc59', NULL, '2019-08-31 01:07:53', '2019-08-31 01:07:53'),
(1241, 38, '5d6a72a6ec0cb', NULL, '2019-08-31 01:14:14', '2019-08-31 01:14:14'),
(1242, 45, '5d6a732ddd754', NULL, '2019-08-31 01:16:29', '2019-08-31 01:16:29'),
(1243, 46, '5d6a76508fa5b', NULL, '2019-08-31 01:29:52', '2019-08-31 01:29:52'),
(1244, 20, '5d6a7964386ff', NULL, '2019-08-31 01:43:00', '2019-08-31 01:43:00'),
(1245, 20, '5d6a7a24950c8', NULL, '2019-08-31 01:46:12', '2019-08-31 01:46:12'),
(1246, 38, '5d6a7a7c954f0', NULL, '2019-08-31 01:47:40', '2019-08-31 01:47:40'),
(1247, 20, '5d6a7df0b675f', NULL, '2019-08-31 02:02:24', '2019-08-31 02:02:24'),
(1248, 45, '5d6a7e421aabc', NULL, '2019-08-31 02:03:46', '2019-08-31 02:03:46'),
(1249, 47, '5d6a7eb43aaa3', NULL, '2019-08-31 02:05:40', '2019-08-31 02:05:40'),
(1250, 47, '5d6a7eb7e873c', NULL, '2019-08-31 02:05:43', '2019-08-31 02:05:43'),
(1251, 20, '5d6ca318ea2e2', NULL, '2019-09-02 05:05:28', '2019-09-02 05:05:28'),
(1252, 20, '5d6cb27eda5c4', NULL, '2019-09-02 06:11:10', '2019-09-02 06:11:10'),
(1253, 46, '5d6cb4566a480', NULL, '2019-09-02 06:19:02', '2019-09-02 06:19:02'),
(1254, 20, '5d6cb538183b5', NULL, '2019-09-02 06:22:48', '2019-09-02 06:22:48'),
(1255, 20, '5d7619779360f', NULL, '2019-09-09 09:20:55', '2019-09-09 09:20:55'),
(1256, 20, '5d7619aa4fb4c', NULL, '2019-09-09 09:21:46', '2019-09-09 09:21:46'),
(1257, 20, '5d7619b633edb', NULL, '2019-09-09 09:21:58', '2019-09-09 09:21:58'),
(1258, 20, '5d7619bdcb211', NULL, '2019-09-09 09:22:05', '2019-09-09 09:22:05'),
(1259, 20, '5d761ba6a4423', NULL, '2019-09-09 09:30:14', '2019-09-09 09:30:14'),
(1260, 20, '5d761cf4975aa', NULL, '2019-09-09 09:35:48', '2019-09-09 09:35:48'),
(1261, 20, '5d761e0e722cf', NULL, '2019-09-09 09:40:30', '2019-09-09 09:40:30'),
(1262, 20, '5d76204ac799f', NULL, '2019-09-09 09:50:02', '2019-09-09 09:50:02'),
(1263, 20, '5d7620cbb5b77', NULL, '2019-09-09 09:52:11', '2019-09-09 09:52:11'),
(1264, 20, '5d76210abc564', NULL, '2019-09-09 09:53:14', '2019-09-09 09:53:14'),
(1265, 20, '5d849de33bf2d', NULL, '2019-09-20 04:07:39', '2019-09-20 04:07:39'),
(1266, 20, '5d88966d0532e', NULL, '2019-09-23 04:24:53', '2019-09-23 04:24:53'),
(1267, 27, '5d889697bcfdc', NULL, '2019-09-23 04:25:35', '2019-09-23 04:25:35'),
(1268, 27, '5d889a1cd2023', NULL, '2019-09-23 04:40:36', '2019-09-23 04:40:36'),
(1269, 29, '5d889b0954ed0', NULL, '2019-09-23 04:44:33', '2019-09-23 04:44:33'),
(1270, 20, '5d889c48393ad', NULL, '2019-09-23 04:49:52', '2019-09-23 04:49:52'),
(1271, 20, '5d89d992083e9', NULL, '2019-09-24 08:53:38', '2019-09-24 08:53:38'),
(1272, 20, '5d89e688eba0a', NULL, '2019-09-24 09:48:56', '2019-09-24 09:48:56'),
(1273, 20, '5d89ed9bd0740', NULL, '2019-09-24 10:19:07', '2019-09-24 10:19:07'),
(1274, 20, '5d89ee5a234c0', NULL, '2019-09-24 10:22:18', '2019-09-24 10:22:18'),
(1275, 20, '5d89f15252cd1', NULL, '2019-09-24 10:34:58', '2019-09-24 10:34:58'),
(1276, 20, '5d8a14452f647', NULL, '2019-09-24 01:04:05', '2019-09-24 01:04:05');
INSERT INTO `login_access_tokens` (`id`, `user_id`, `access_token`, `deleted_at`, `created_at`, `updated_at`) VALUES
(1277, 20, '5d8a14676b76a', NULL, '2019-09-24 01:04:39', '2019-09-24 01:04:39'),
(1278, 20, '5d8a18d3cd303', NULL, '2019-09-24 01:23:31', '2019-09-24 01:23:31'),
(1279, 20, '5d8a3f60a6cf3', NULL, '2019-09-24 04:08:00', '2019-09-24 04:08:00'),
(1280, 20, '5d8a603179d1e', NULL, '2019-09-24 06:28:01', '2019-09-24 06:28:01'),
(1281, 20, '5d8b05e979979', NULL, '2019-09-25 06:15:05', '2019-09-25 06:15:05'),
(1282, 20, '5d8b08eba9a64', NULL, '2019-09-25 06:27:55', '2019-09-25 06:27:55'),
(1283, 20, '5d8b0babafe07', NULL, '2019-09-25 06:39:39', '2019-09-25 06:39:39'),
(1284, 20, '5d8b0c32c5d52', NULL, '2019-09-25 06:41:54', '2019-09-25 06:41:54'),
(1285, 20, '5d8b37da59b21', NULL, '2019-09-25 09:48:10', '2019-09-25 09:48:10'),
(1286, 20, '5d8b4baec4cef', NULL, '2019-09-25 11:12:46', '2019-09-25 11:12:46'),
(1287, 20, '5d8b4cd8211b0', NULL, '2019-09-25 11:17:44', '2019-09-25 11:17:44'),
(1288, 20, '5d8b4e95cfc24', NULL, '2019-09-25 11:25:09', '2019-09-25 11:25:09'),
(1289, 20, '5d8b55ea0d1c1', NULL, '2019-09-25 11:56:26', '2019-09-25 11:56:26'),
(1290, 20, '5d8b73f333994', NULL, '2019-09-25 02:04:35', '2019-09-25 02:04:35'),
(1291, 20, '5d8b743386567', NULL, '2019-09-25 02:05:39', '2019-09-25 02:05:39'),
(1292, 20, '5d8b795275ca4', NULL, '2019-09-25 02:27:30', '2019-09-25 02:27:30'),
(1293, 20, '5d8c47182a68d', NULL, '2019-09-26 05:05:28', '2019-09-26 05:05:28'),
(1294, 20, '5d8c4890b4941', NULL, '2019-09-26 05:11:44', '2019-09-26 05:11:44'),
(1295, 20, '5d8c66909956c', NULL, '2019-09-26 07:19:44', '2019-09-26 07:19:44'),
(1296, 20, '5d8c843d954c6', NULL, '2019-09-26 09:26:21', '2019-09-26 09:26:21'),
(1297, 20, '5d8ccb91b93e9', NULL, '2019-09-26 02:30:41', '2019-09-26 02:30:41'),
(1298, 28, '5d8ce2410b535', NULL, '2019-09-26 04:07:29', '2019-09-26 04:07:29'),
(1299, 20, '5d8ce2b152a7b', NULL, '2019-09-26 04:09:21', '2019-09-26 04:09:21'),
(1300, 20, '5d8ce2f6c0093', NULL, '2019-09-26 04:10:30', '2019-09-26 04:10:30'),
(1301, 20, '5d8d01f4769a7', NULL, '2019-09-26 06:22:44', '2019-09-26 06:22:44'),
(1302, 20, '5d8d02ff5aaff', NULL, '2019-09-26 06:27:11', '2019-09-26 06:27:11'),
(1303, 20, '5d8da4e4ef23e', NULL, '2019-09-27 05:57:56', '2019-09-27 05:57:56'),
(1304, 20, '5d8dbbbf66123', NULL, '2019-09-27 07:35:27', '2019-09-27 07:35:27'),
(1305, 20, '5d8e1d278282a', NULL, '2019-09-27 02:31:03', '2019-09-27 02:31:03'),
(1306, 20, '5d8e2fa562f1b', NULL, '2019-09-27 03:49:57', '2019-09-27 03:49:57'),
(1307, 20, '5d8e3875461bc', NULL, '2019-09-27 04:27:33', '2019-09-27 04:27:33'),
(1308, 20, '5d8e38f24222f', NULL, '2019-09-27 04:29:38', '2019-09-27 04:29:38'),
(1309, 20, '5d8e398a6d307', NULL, '2019-09-27 04:32:10', '2019-09-27 04:32:10'),
(1310, 20, '5d8e3a1328062', NULL, '2019-09-27 04:34:27', '2019-09-27 04:34:27'),
(1311, 20, '5d8e3af081475', NULL, '2019-09-27 04:38:08', '2019-09-27 04:38:08'),
(1312, 20, '5d8e3c449dcba', NULL, '2019-09-27 04:43:48', '2019-09-27 04:43:48'),
(1313, 20, '5d8e3c68b5e65', NULL, '2019-09-27 04:44:24', '2019-09-27 04:44:24'),
(1314, 20, '5d8e3e0f7b499', NULL, '2019-09-27 04:51:27', '2019-09-27 04:51:27'),
(1315, 20, '5d8e3fd6135ad', NULL, '2019-09-27 04:59:02', '2019-09-27 04:59:02'),
(1316, 20, '5d8e3fe8a0d5a', NULL, '2019-09-27 04:59:20', '2019-09-27 04:59:20'),
(1317, 20, '5d8e408d7e0f9', NULL, '2019-09-27 05:02:05', '2019-09-27 05:02:05'),
(1318, 20, '5d8e40e3153dd', NULL, '2019-09-27 05:03:31', '2019-09-27 05:03:31'),
(1319, 20, '5d8e4230e6558', NULL, '2019-09-27 05:09:04', '2019-09-27 05:09:04'),
(1320, 20, '5d8ed52eb8eaf', NULL, '2019-09-28 03:36:14', '2019-09-28 03:36:14'),
(1321, 20, '5d8edcdf7e573', NULL, '2019-09-28 04:09:03', '2019-09-28 04:09:03'),
(1322, 20, '5d8eea40d50fc', NULL, '2019-09-28 05:06:08', '2019-09-28 05:06:08'),
(1323, 20, '5d8eee5b7e19d', NULL, '2019-09-28 05:23:39', '2019-09-28 05:23:39'),
(1324, 20, '5d8eefe0b5439', NULL, '2019-09-28 05:30:08', '2019-09-28 05:30:08'),
(1325, 20, '5d8f02ef5bdab', NULL, '2019-09-28 06:51:27', '2019-09-28 06:51:27'),
(1326, 20, '5d8f630a27e4c', NULL, '2019-09-28 01:41:30', '2019-09-28 01:41:30'),
(1327, 20, '5d8f7fd512ee0', NULL, '2019-09-28 03:44:21', '2019-09-28 03:44:21'),
(1328, 20, '5d8f8bab3c6a4', NULL, '2019-09-28 04:34:51', '2019-09-28 04:34:51'),
(1329, 15, '5d907dd90844d', NULL, '2019-09-29 09:48:09', '2019-09-29 09:48:09'),
(1330, 41, '5d907df1d1c3a', NULL, '2019-09-29 09:48:33', '2019-09-29 09:48:33'),
(1331, 41, '5d907e61711bf', NULL, '2019-09-29 09:50:25', '2019-09-29 09:50:25'),
(1332, 20, '5d9088af5c481', NULL, '2019-09-29 10:34:23', '2019-09-29 10:34:23'),
(1333, 20, '5d918c0fdc199', NULL, '2019-09-30 05:01:03', '2019-09-30 05:01:03'),
(1334, 20, '5d918c2315092', NULL, '2019-09-30 05:01:23', '2019-09-30 05:01:23'),
(1335, 20, '5d918c95527c7', NULL, '2019-09-30 05:03:17', '2019-09-30 05:03:17'),
(1336, 20, '5d919b8a6831f', NULL, '2019-09-30 06:07:06', '2019-09-30 06:07:06'),
(1337, 20, '5d9209198560c', NULL, '2019-09-30 01:54:33', '2019-09-30 01:54:33'),
(1338, 20, '5d920e1eb3c0c', NULL, '2019-09-30 02:15:58', '2019-09-30 02:15:58'),
(1339, 20, '5d92100371e8f', NULL, '2019-09-30 02:24:03', '2019-09-30 02:24:03'),
(1340, 20, '5d9218692b8c2', NULL, '2019-09-30 02:59:53', '2019-09-30 02:59:53'),
(1341, 20, '5d92dce25e565', NULL, '2019-10-01 04:58:10', '2019-10-01 04:58:10'),
(1342, 20, '5d93293654e17', NULL, '2019-10-01 10:23:50', '2019-10-01 10:23:50'),
(1343, 20, '5d9366d65f26e', NULL, '2019-10-01 02:46:46', '2019-10-01 02:46:46'),
(1344, 20, '5d936861757f4', NULL, '2019-10-01 02:53:21', '2019-10-01 02:53:21'),
(1345, 20, '5d9374da2f268', NULL, '2019-10-01 03:46:34', '2019-10-01 03:46:34'),
(1346, 20, '5d937a53dc2fa', NULL, '2019-10-01 04:09:55', '2019-10-01 04:09:55'),
(1347, 20, '5d9385389dbf9', NULL, '2019-10-01 04:56:24', '2019-10-01 04:56:24'),
(1348, 20, '5d93b5fc45a52', NULL, '2019-10-01 08:24:28', '2019-10-01 08:24:28'),
(1349, 20, '5d9430804047d', NULL, '2019-10-02 05:07:12', '2019-10-02 05:07:12'),
(1350, 20, '5d9451b621459', NULL, '2019-10-02 07:28:54', '2019-10-02 07:28:54'),
(1351, 20, '5d9456b5115c7', NULL, '2019-10-02 07:50:13', '2019-10-02 07:50:13'),
(1352, 20, '5d9457110b311', NULL, '2019-10-02 07:51:45', '2019-10-02 07:51:45'),
(1353, 20, '5d945a2d89a21', NULL, '2019-10-02 08:05:01', '2019-10-02 08:05:01'),
(1354, 20, '5d946e0c7c49b', NULL, '2019-10-02 09:29:48', '2019-10-02 09:29:48'),
(1355, 20, '5d948102bbb65', NULL, '2019-10-02 10:50:42', '2019-10-02 10:50:42'),
(1356, 20, '5d949b338fcfc', NULL, '2019-10-02 12:42:27', '2019-10-02 12:42:27'),
(1357, 20, '5d958108e7731', NULL, '2019-10-03 05:03:04', '2019-10-03 05:03:04'),
(1358, 20, '5d95939b0c4c0', NULL, '2019-10-03 06:22:19', '2019-10-03 06:22:19'),
(1359, 20, '5d9594319d120', NULL, '2019-10-03 06:24:49', '2019-10-03 06:24:49'),
(1360, 20, '5d95960b13cbd', NULL, '2019-10-03 06:32:43', '2019-10-03 06:32:43'),
(1361, 20, '5d959f1c63325', NULL, '2019-10-03 07:11:24', '2019-10-03 07:11:24'),
(1362, 48, '5d95a44559c61', NULL, '2019-10-03 07:33:25', '2019-10-03 07:33:25'),
(1363, 48, '5d95a46287087', NULL, '2019-10-03 07:33:54', '2019-10-03 07:33:54'),
(1364, 49, '5d95a5b2c8364', NULL, '2019-10-03 07:39:30', '2019-10-03 07:39:30'),
(1365, 48, '5d95b3a988299', NULL, '2019-10-03 08:39:05', '2019-10-03 08:39:05'),
(1366, 49, '5d95b41bc0c9a', NULL, '2019-10-03 08:40:59', '2019-10-03 08:40:59'),
(1367, 48, '5d95b49d066d3', NULL, '2019-10-03 08:43:09', '2019-10-03 08:43:09'),
(1368, 50, '5d95b4e72e395', NULL, '2019-10-03 08:44:23', '2019-10-03 08:44:23'),
(1369, 51, '5d95b591b9cb4', NULL, '2019-10-03 08:47:13', '2019-10-03 08:47:13'),
(1370, 52, '5d95b5d14fa65', NULL, '2019-10-03 08:48:17', '2019-10-03 08:48:17'),
(1371, 53, '5d95b6343aa67', NULL, '2019-10-03 08:49:56', '2019-10-03 08:49:56'),
(1372, 54, '5d95b6736f61e', NULL, '2019-10-03 08:50:59', '2019-10-03 08:50:59'),
(1373, 55, '5d95b6c1975aa', NULL, '2019-10-03 08:52:17', '2019-10-03 08:52:17'),
(1374, 56, '5d95b6fdb1389', NULL, '2019-10-03 08:53:17', '2019-10-03 08:53:17'),
(1375, 48, '5d95b978bf9ed', NULL, '2019-10-03 09:03:52', '2019-10-03 09:03:52'),
(1376, 48, '5d95ba49b4f50', NULL, '2019-10-03 09:07:21', '2019-10-03 09:07:21'),
(1377, 20, '5d95bf2607701', NULL, '2019-10-03 09:28:06', '2019-10-03 09:28:06'),
(1378, 20, '5d95ccd7a8230', NULL, '2019-10-03 10:26:31', '2019-10-03 10:26:31'),
(1379, 20, '5d95f781cb13b', NULL, '2019-10-03 01:28:33', '2019-10-03 01:28:33'),
(1380, 20, '5d9607b5f18b1', NULL, '2019-10-03 02:37:41', '2019-10-03 02:37:41'),
(1381, 20, '5d961723de576', NULL, '2019-10-03 03:43:31', '2019-10-03 03:43:31'),
(1382, 20, '5d96191d00026', NULL, '2019-10-03 03:51:56', '2019-10-03 03:51:56'),
(1383, 20, '5d9619356f85b', NULL, '2019-10-03 03:52:21', '2019-10-03 03:52:21'),
(1384, 20, '5d962b9de1f10', NULL, '2019-10-03 05:10:53', '2019-10-03 05:10:53'),
(1385, 20, '5d96a066cd778', NULL, '2019-10-04 01:29:10', '2019-10-04 01:29:10'),
(1386, 20, '5d96d4824ae32', NULL, '2019-10-04 05:11:30', '2019-10-04 05:11:30'),
(1387, 55, '5d970ffb673e8', NULL, '2019-10-04 09:25:15', '2019-10-04 09:25:15'),
(1388, 20, '5d9712fdab725', NULL, '2019-10-04 09:38:05', '2019-10-04 09:38:05'),
(1389, 20, '5d9754d7978d9', NULL, '2019-10-04 02:19:03', '2019-10-04 02:19:03'),
(1390, 20, '5d975d1d4ee32', NULL, '2019-10-04 02:54:21', '2019-10-04 02:54:21'),
(1391, 20, '5d9763558f483', NULL, '2019-10-04 03:20:53', '2019-10-04 03:20:53'),
(1392, 20, '5d9764a3c225f', NULL, '2019-10-04 03:26:27', '2019-10-04 03:26:27'),
(1393, 20, '5d9776f52da46', NULL, '2019-10-04 04:44:37', '2019-10-04 04:44:37'),
(1394, 20, '5d9791638c420', NULL, '2019-10-04 06:37:23', '2019-10-04 06:37:23'),
(1395, 20, '5d9823a70b4d3', NULL, '2019-10-05 05:01:27', '2019-10-05 05:01:27'),
(1396, 20, '5d9857641905c', NULL, '2019-10-05 08:42:12', '2019-10-05 08:42:12'),
(1397, 48, '5d9873cbb6a1c', NULL, '2019-10-05 10:43:23', '2019-10-05 10:43:23'),
(1398, 48, '5d987fef668f0', NULL, '2019-10-05 11:35:11', '2019-10-05 11:35:11'),
(1399, 20, '5d98800048d4d', NULL, '2019-10-05 11:35:28', '2019-10-05 11:35:28'),
(1400, 20, '5d9898c63c096', NULL, '2019-10-05 01:21:10', '2019-10-05 01:21:10'),
(1401, 20, '5d989a25adadc', NULL, '2019-10-05 01:27:01', '2019-10-05 01:27:01'),
(1402, 20, '5d989a344ba19', NULL, '2019-10-05 01:27:16', '2019-10-05 01:27:16'),
(1403, 20, '5d98d39b89716', NULL, '2019-10-05 05:32:11', '2019-10-05 05:32:11'),
(1404, 20, '5d98dc675ebc6', NULL, '2019-10-05 06:09:43', '2019-10-05 06:09:43'),
(1405, 20, '5d99f87005cc8', NULL, '2019-10-06 02:21:36', '2019-10-06 02:21:36'),
(1406, 20, '5d9af13335278', NULL, '2019-10-07 08:02:59', '2019-10-07 08:02:59'),
(1407, 20, '5d9afa9f084ae', NULL, '2019-10-07 08:43:11', '2019-10-07 08:43:11'),
(1408, 20, '5d9b712e699ce', NULL, '2019-10-07 05:09:02', '2019-10-07 05:09:02'),
(1409, 20, '5d9b8a8b655a0', NULL, '2019-10-07 06:57:15', '2019-10-07 06:57:15'),
(1410, 20, '5d9b8c2bbf2ad', NULL, '2019-10-07 07:04:11', '2019-10-07 07:04:11'),
(1411, 20, '5d9c4842a78c8', NULL, '2019-10-08 08:26:42', '2019-10-08 08:26:42'),
(1412, 20, '5d9c5bd84e8c0', NULL, '2019-10-08 09:50:16', '2019-10-08 09:50:16'),
(1413, 20, '5d9d87ddb4460', NULL, '2019-10-09 07:10:21', '2019-10-09 07:10:21'),
(1414, 20, '5d9d8c8fc9e1f', NULL, '2019-10-09 07:30:23', '2019-10-09 07:30:23'),
(1415, 20, '5d9dad800a038', NULL, '2019-10-09 09:50:56', '2019-10-09 09:50:56'),
(1416, 53, '5d9dca22b6490', NULL, '2019-10-09 11:53:06', '2019-10-09 11:53:06'),
(1417, 53, '5d9dcb4d19697', NULL, '2019-10-09 11:58:05', '2019-10-09 11:58:05'),
(1418, 53, '5d9dcbe3ee7cd', NULL, '2019-10-09 12:00:35', '2019-10-09 12:00:35'),
(1419, 53, '5d9dcdc33202f', NULL, '2019-10-09 12:08:35', '2019-10-09 12:08:35'),
(1420, 20, '5d9dce545ebfe', NULL, '2019-10-09 12:11:00', '2019-10-09 12:11:00'),
(1421, 20, '5d9dce9e6fd04', NULL, '2019-10-09 12:12:14', '2019-10-09 12:12:14'),
(1422, 20, '5d9de11b28ffc', NULL, '2019-10-09 01:31:07', '2019-10-09 01:31:07'),
(1423, 20, '5d9de5f89fb95', NULL, '2019-10-09 01:51:52', '2019-10-09 01:51:52'),
(1424, 20, '5d9ec947a7efd', NULL, '2019-10-10 06:01:43', '2019-10-10 06:01:43'),
(1425, 20, '5d9ed0052d63d', NULL, '2019-10-10 06:30:29', '2019-10-10 06:30:29'),
(1426, 20, '5d9eff865c57d', NULL, '2019-10-10 09:53:10', '2019-10-10 09:53:10'),
(1427, 20, '5d9f278785781', NULL, '2019-10-10 12:43:51', '2019-10-10 12:43:51'),
(1428, 20, '5da00da279f6b', NULL, '2019-10-11 05:05:38', '2019-10-11 05:05:38'),
(1429, 20, '5da019c64b5e7', NULL, '2019-10-11 05:57:26', '2019-10-11 05:57:26'),
(1430, 20, '5da023b9deffd', NULL, '2019-10-11 06:39:53', '2019-10-11 06:39:53'),
(1431, 20, '5da05edf0bda6', NULL, '2019-10-11 10:52:15', '2019-10-11 10:52:15'),
(1432, 20, '5da0665852a5d', NULL, '2019-10-11 11:24:08', '2019-10-11 11:24:08'),
(1433, 20, '5da083abee84a', NULL, '2019-10-11 01:29:15', '2019-10-11 01:29:15'),
(1434, 20, '5da0845b7a1f9', NULL, '2019-10-11 01:32:11', '2019-10-11 01:32:11'),
(1435, 20, '5da087fbbe36b', NULL, '2019-10-11 01:47:39', '2019-10-11 01:47:39'),
(1436, 20, '5da088a38292b', NULL, '2019-10-11 01:50:27', '2019-10-11 01:50:27'),
(1437, 20, '5da1608d118b3', NULL, '2019-10-12 05:11:41', '2019-10-12 05:11:41'),
(1438, 20, '5da161d511d05', NULL, '2019-10-12 05:17:09', '2019-10-12 05:17:09'),
(1439, 20, '5da161e5a2284', NULL, '2019-10-12 05:17:25', '2019-10-12 05:17:25'),
(1440, 20, '5da1622a152c4', NULL, '2019-10-12 05:18:34', '2019-10-12 05:18:34'),
(1441, 20, '5da1624749d77', NULL, '2019-10-12 05:19:03', '2019-10-12 05:19:03'),
(1442, 20, '5da168445561a', NULL, '2019-10-12 05:44:36', '2019-10-12 05:44:36'),
(1443, 20, '5da1686aa3957', NULL, '2019-10-12 05:45:14', '2019-10-12 05:45:14'),
(1444, 20, '5da1724fcfc1f', NULL, '2019-10-12 06:27:27', '2019-10-12 06:27:27'),
(1445, 20, '5da1727455d19', NULL, '2019-10-12 06:28:04', '2019-10-12 06:28:04'),
(1446, 55, '5da1745201511', NULL, '2019-10-12 06:36:02', '2019-10-12 06:36:02'),
(1447, 20, '5da17479d4116', NULL, '2019-10-12 06:36:41', '2019-10-12 06:36:41'),
(1448, 20, '5da175e0951d4', NULL, '2019-10-12 06:42:40', '2019-10-12 06:42:40'),
(1449, 20, '5da1824282bc1', NULL, '2019-10-12 07:35:30', '2019-10-12 07:35:30'),
(1450, 20, '5da1830341746', NULL, '2019-10-12 07:38:43', '2019-10-12 07:38:43'),
(1451, 20, '5da183fac4c99', NULL, '2019-10-12 07:42:50', '2019-10-12 07:42:50'),
(1452, 20, '5da1842f73107', NULL, '2019-10-12 07:43:43', '2019-10-12 07:43:43'),
(1453, 20, '5da184d230ebb', NULL, '2019-10-12 07:46:26', '2019-10-12 07:46:26'),
(1454, 20, '5da1857019f43', NULL, '2019-10-12 07:49:04', '2019-10-12 07:49:04'),
(1455, 51, '5da1a51de751a', NULL, '2019-10-12 10:04:13', '2019-10-12 10:04:13'),
(1456, 51, '5da1a5dfe408d', NULL, '2019-10-12 10:07:27', '2019-10-12 10:07:27'),
(1457, 51, '5da1a64aaa3f3', NULL, '2019-10-12 10:09:14', '2019-10-12 10:09:14'),
(1458, 51, '5da1a69972512', NULL, '2019-10-12 10:10:33', '2019-10-12 10:10:33'),
(1459, 51, '5da1a6cd213cb', NULL, '2019-10-12 10:11:25', '2019-10-12 10:11:25'),
(1460, 57, '5da1a86f48309', NULL, '2019-10-12 10:18:23', '2019-10-12 10:18:23'),
(1461, 20, '5da1ba8271394', NULL, '2019-10-12 11:35:30', '2019-10-12 11:35:30'),
(1462, 20, '5da1bb5b6236e', NULL, '2019-10-12 11:39:07', '2019-10-12 11:39:07'),
(1463, 55, '5da1c0726eea2', NULL, '2019-10-12 12:00:50', '2019-10-12 12:00:50'),
(1464, 20, '5da1cab21b2d2', NULL, '2019-10-12 12:44:34', '2019-10-12 12:44:34'),
(1465, 20, '5da1ceea6bc96', NULL, '2019-10-12 01:02:34', '2019-10-12 01:02:34'),
(1466, 20, '5da1cf6d25706', NULL, '2019-10-12 01:04:45', '2019-10-12 01:04:45'),
(1467, 55, '5da1d09545bbc', NULL, '2019-10-12 01:09:41', '2019-10-12 01:09:41'),
(1468, 56, '5da1d0c3c62c0', NULL, '2019-10-12 01:10:27', '2019-10-12 01:10:27'),
(1469, 20, '5da1d11827f60', NULL, '2019-10-12 01:11:52', '2019-10-12 01:11:52'),
(1470, 49, '5da1d13b05f8e', NULL, '2019-10-12 01:12:27', '2019-10-12 01:12:27'),
(1471, 48, '5da1d14ad417e', NULL, '2019-10-12 01:12:42', '2019-10-12 01:12:42'),
(1472, 48, '5da1d1744a2b4', NULL, '2019-10-12 01:13:24', '2019-10-12 01:13:24'),
(1473, 20, '5da1d47d9dd4f', NULL, '2019-10-12 01:26:21', '2019-10-12 01:26:21'),
(1474, 48, '5da1e28adb62b', NULL, '2019-10-12 02:26:18', '2019-10-12 02:26:18'),
(1475, 49, '5da1e30bc87fb', NULL, '2019-10-12 02:28:27', '2019-10-12 02:28:27'),
(1476, 50, '5da1e3305710c', NULL, '2019-10-12 02:29:04', '2019-10-12 02:29:04'),
(1477, 51, '5da1e39090ac3', NULL, '2019-10-12 02:30:40', '2019-10-12 02:30:40'),
(1478, 51, '5da1e3c78d5ef', NULL, '2019-10-12 02:31:35', '2019-10-12 02:31:35'),
(1479, 52, '5da1e3e1d0e8d', NULL, '2019-10-12 02:32:01', '2019-10-12 02:32:01'),
(1480, 53, '5da1e42293174', NULL, '2019-10-12 02:33:06', '2019-10-12 02:33:06'),
(1481, 53, '5da1f5dbd3587', NULL, '2019-10-12 03:48:43', '2019-10-12 03:48:43'),
(1482, 54, '5da1f5f9d5acc', NULL, '2019-10-12 03:49:13', '2019-10-12 03:49:13'),
(1483, 55, '5da1f63b1e0f3', NULL, '2019-10-12 03:50:19', '2019-10-12 03:50:19'),
(1484, 56, '5da1f67e35db9', NULL, '2019-10-12 03:51:26', '2019-10-12 03:51:26'),
(1485, 54, '5da1f6d7b0f8c', NULL, '2019-10-12 03:52:55', '2019-10-12 03:52:55'),
(1486, 54, '5da1f6fb7ea7e', NULL, '2019-10-12 03:53:31', '2019-10-12 03:53:31'),
(1487, 20, '5da1f71dd50e6', NULL, '2019-10-12 03:54:05', '2019-10-12 03:54:05'),
(1488, 20, '5da1fb101ece5', NULL, '2019-10-12 04:10:56', '2019-10-12 04:10:56'),
(1489, 49, '5da1fb9c26106', NULL, '2019-10-12 04:13:16', '2019-10-12 04:13:16'),
(1490, 50, '5da1fc7a29f03', NULL, '2019-10-12 04:16:58', '2019-10-12 04:16:58'),
(1491, 51, '5da1fec9cdf7b', NULL, '2019-10-12 04:26:49', '2019-10-12 04:26:49'),
(1492, 52, '5da1ff2b94977', NULL, '2019-10-12 04:28:27', '2019-10-12 04:28:27'),
(1493, 55, '5da2001b2a232', NULL, '2019-10-12 04:32:27', '2019-10-12 04:32:27'),
(1494, 56, '5da2004cb61c4', NULL, '2019-10-12 04:33:16', '2019-10-12 04:33:16'),
(1495, 56, '5da200b023eaa', NULL, '2019-10-12 04:34:56', '2019-10-12 04:34:56'),
(1496, 56, '5da2020e57931', NULL, '2019-10-12 04:40:46', '2019-10-12 04:40:46'),
(1497, 20, '5da202feecea9', NULL, '2019-10-12 04:44:46', '2019-10-12 04:44:46'),
(1498, 56, '5da2048cbd7a7', NULL, '2019-10-12 04:51:24', '2019-10-12 04:51:24'),
(1499, 20, '5da204b6bc0d1', NULL, '2019-10-12 04:52:06', '2019-10-12 04:52:06'),
(1500, 56, '5da204dbb3948', NULL, '2019-10-12 04:52:43', '2019-10-12 04:52:43'),
(1501, 20, '5da2052881960', NULL, '2019-10-12 04:54:00', '2019-10-12 04:54:00'),
(1502, 56, '5da2054e2734d', NULL, '2019-10-12 04:54:38', '2019-10-12 04:54:38'),
(1503, 20, '5da205a61fd25', NULL, '2019-10-12 04:56:06', '2019-10-12 04:56:06'),
(1504, 56, '5da206407b06c', NULL, '2019-10-12 04:58:40', '2019-10-12 04:58:40'),
(1505, 56, '5da2068063d08', NULL, '2019-10-12 04:59:44', '2019-10-12 04:59:44'),
(1506, 20, '5da206e2ae39a', NULL, '2019-10-12 05:01:22', '2019-10-12 05:01:22'),
(1507, 56, '5da206f548951', NULL, '2019-10-12 05:01:41', '2019-10-12 05:01:41'),
(1508, 20, '5da2077b9ce97', NULL, '2019-10-12 05:03:55', '2019-10-12 05:03:55'),
(1509, 56, '5da207d8970b0', NULL, '2019-10-12 05:05:28', '2019-10-12 05:05:28'),
(1510, 52, '5da20a448f386', NULL, '2019-10-12 05:15:48', '2019-10-12 05:15:48'),
(1511, 51, '5da20b3d8e615', NULL, '2019-10-12 05:19:57', '2019-10-12 05:19:57'),
(1512, 20, '5da3d7056606d', NULL, '2019-10-14 02:01:41', '2019-10-14 02:01:41'),
(1513, 20, '5da401b214810', NULL, '2019-10-14 05:03:46', '2019-10-14 05:03:46'),
(1514, 48, '5da40efb815cc', NULL, '2019-10-14 06:00:27', '2019-10-14 06:00:27'),
(1515, 56, '5da40fece5984', NULL, '2019-10-14 06:04:28', '2019-10-14 06:04:28'),
(1516, 20, '5da41248a9a09', NULL, '2019-10-14 06:14:32', '2019-10-14 06:14:32'),
(1517, 50, '5da4230779a49', NULL, '2019-10-14 07:25:59', '2019-10-14 07:25:59'),
(1518, 20, '5da425f56c1b0', NULL, '2019-10-14 07:38:29', '2019-10-14 07:38:29'),
(1519, 20, '5da440889d2d4', NULL, '2019-10-14 09:31:52', '2019-10-14 09:31:52'),
(1520, 49, '5da4437c46fab', NULL, '2019-10-14 09:44:28', '2019-10-14 09:44:28'),
(1521, 49, '5da443c45c310', NULL, '2019-10-14 09:45:40', '2019-10-14 09:45:40'),
(1522, 20, '5da443daf036d', NULL, '2019-10-14 09:46:02', '2019-10-14 09:46:02'),
(1523, 49, '5da444f71f2a1', NULL, '2019-10-14 09:50:47', '2019-10-14 09:50:47'),
(1524, 49, '5da446d5294a9', NULL, '2019-10-14 09:58:45', '2019-10-14 09:58:45'),
(1525, 49, '5da44d47e29ea', NULL, '2019-10-14 10:26:15', '2019-10-14 10:26:15'),
(1526, 49, '5da4508898d60', NULL, '2019-10-14 10:40:08', '2019-10-14 10:40:08'),
(1527, 49, '5da450c571b69', NULL, '2019-10-14 10:41:09', '2019-10-14 10:41:09'),
(1528, 49, '5da4534aeb6fc', NULL, '2019-10-14 10:51:54', '2019-10-14 10:51:54'),
(1529, 49, '5da457844ec47', NULL, '2019-10-14 11:09:56', '2019-10-14 11:09:56'),
(1530, 49, '5da457bdbfe59', NULL, '2019-10-14 11:10:53', '2019-10-14 11:10:53'),
(1531, 20, '5da462fc825a2', NULL, '2019-10-14 11:58:52', '2019-10-14 11:58:52'),
(1532, 49, '5da468a9e66ca', NULL, '2019-10-14 12:23:05', '2019-10-14 12:23:05'),
(1533, 20, '5da468bc829ca', NULL, '2019-10-14 12:23:24', '2019-10-14 12:23:24'),
(1534, 56, '5da48ba957141', NULL, '2019-10-14 02:52:25', '2019-10-14 02:52:25'),
(1535, 20, '5da48ff095180', NULL, '2019-10-14 03:10:40', '2019-10-14 03:10:40'),
(1536, 20, '5da555f57b483', NULL, '2019-10-15 05:15:33', '2019-10-15 05:15:33'),
(1537, 20, '5da56bdf4d9ae', NULL, '2019-10-15 06:49:03', '2019-10-15 06:49:03'),
(1538, 20, '5da56e1ca820a', NULL, '2019-10-15 06:58:36', '2019-10-15 06:58:36'),
(1539, 20, '5da593e55933c', NULL, '2019-10-15 09:39:49', '2019-10-15 09:39:49'),
(1540, 20, '5da5949a09c40', NULL, '2019-10-15 09:42:50', '2019-10-15 09:42:50'),
(1541, 20, '5da59652a92bc', NULL, '2019-10-15 09:50:10', '2019-10-15 09:50:10'),
(1542, 20, '5da59898caf8f', NULL, '2019-10-15 09:59:52', '2019-10-15 09:59:52'),
(1543, 20, '5da59a38157b0', NULL, '2019-10-15 10:06:48', '2019-10-15 10:06:48'),
(1544, 20, '5da59ad893b6b', NULL, '2019-10-15 10:09:28', '2019-10-15 10:09:28'),
(1545, 20, '5da59b73eaca0', NULL, '2019-10-15 10:12:03', '2019-10-15 10:12:03'),
(1546, 20, '5da59bb1c600d', NULL, '2019-10-15 10:13:05', '2019-10-15 10:13:05'),
(1547, 20, '5da59bd757d83', NULL, '2019-10-15 10:13:43', '2019-10-15 10:13:43'),
(1548, 20, '5da59c3648124', NULL, '2019-10-15 10:15:18', '2019-10-15 10:15:18'),
(1549, 20, '5da59ca150533', NULL, '2019-10-15 10:17:05', '2019-10-15 10:17:05'),
(1550, 20, '5da59d309615e', NULL, '2019-10-15 10:19:28', '2019-10-15 10:19:28'),
(1551, 20, '5da5a0b1b3e4c', NULL, '2019-10-15 10:34:25', '2019-10-15 10:34:25'),
(1552, 20, '5da5a2ae3ce76', NULL, '2019-10-15 10:42:54', '2019-10-15 10:42:54'),
(1553, 20, '5da5a46649e92', NULL, '2019-10-15 10:50:14', '2019-10-15 10:50:14'),
(1554, 20, '5da5ace655b92', NULL, '2019-10-15 11:26:30', '2019-10-15 11:26:30'),
(1555, 20, '5da5ade89fe34', NULL, '2019-10-15 11:30:48', '2019-10-15 11:30:48'),
(1556, 20, '5da5cc909a745', NULL, '2019-10-15 01:41:36', '2019-10-15 01:41:36'),
(1557, 20, '5da5f934a0c61', NULL, '2019-10-15 04:52:04', '2019-10-15 04:52:04'),
(1558, 20, '5da6985141740', NULL, '2019-10-16 04:10:57', '2019-10-16 04:10:57'),
(1559, 55, '5da6a7b9de59f', NULL, '2019-10-16 05:16:41', '2019-10-16 05:16:41'),
(1560, 20, '5da6a7d40de84', NULL, '2019-10-16 05:17:08', '2019-10-16 05:17:08'),
(1561, 20, '5da6a7e3ea355', NULL, '2019-10-16 05:17:23', '2019-10-16 05:17:23'),
(1562, 50, '5da6a81627a6a', NULL, '2019-10-16 05:18:14', '2019-10-16 05:18:14'),
(1563, 20, '5da6b4f8db155', NULL, '2019-10-16 06:13:12', '2019-10-16 06:13:12'),
(1564, 20, '5da6ba68f0a44', NULL, '2019-10-16 06:36:24', '2019-10-16 06:36:24'),
(1565, 50, '5da6c7e3c420d', NULL, '2019-10-16 07:33:55', '2019-10-16 07:33:55'),
(1566, 20, '5da6db7d214a0', NULL, '2019-10-16 08:57:33', '2019-10-16 08:57:33'),
(1567, 20, '5da6dca6c3a97', NULL, '2019-10-16 09:02:30', '2019-10-16 09:02:30'),
(1568, 20, '5da6dcc9816c1', NULL, '2019-10-16 09:03:05', '2019-10-16 09:03:05'),
(1569, 20, '5da6dd44382ff', NULL, '2019-10-16 09:05:08', '2019-10-16 09:05:08'),
(1570, 50, '5da6e83f340c4', NULL, '2019-10-16 09:51:59', '2019-10-16 09:51:59'),
(1571, 50, '5da6e98108f9b', NULL, '2019-10-16 09:57:21', '2019-10-16 09:57:21'),
(1572, 49, '5da6ea3191d7b', NULL, '2019-10-16 10:00:17', '2019-10-16 10:00:17'),
(1573, 51, '5da6ea8a6da85', NULL, '2019-10-16 10:01:46', '2019-10-16 10:01:46'),
(1574, 52, '5da6eac8e250f', NULL, '2019-10-16 10:02:48', '2019-10-16 10:02:48'),
(1575, 55, '5da6eafa8a62b', NULL, '2019-10-16 10:03:38', '2019-10-16 10:03:38'),
(1576, 56, '5da6eb292182c', NULL, '2019-10-16 10:04:25', '2019-10-16 10:04:25'),
(1577, 50, '5da6eb592563d', NULL, '2019-10-16 10:05:13', '2019-10-16 10:05:13'),
(1578, 50, '5da6ec6a45379', NULL, '2019-10-16 10:09:46', '2019-10-16 10:09:46'),
(1579, 51, '5da6eef70fab8', NULL, '2019-10-16 10:20:39', '2019-10-16 10:20:39'),
(1580, 51, '5da6efa17e3a1', NULL, '2019-10-16 10:23:29', '2019-10-16 10:23:29'),
(1581, 20, '5da6f0a19c36c', NULL, '2019-10-16 10:27:45', '2019-10-16 10:27:45'),
(1582, 51, '5da6f1177c111', NULL, '2019-10-16 10:29:43', '2019-10-16 10:29:43'),
(1583, 51, '5da6f53359886', NULL, '2019-10-16 10:47:15', '2019-10-16 10:47:15'),
(1584, 50, '5da6f5a5b9df4', NULL, '2019-10-16 10:49:09', '2019-10-16 10:49:09'),
(1585, 50, '5da6f6fbe43eb', NULL, '2019-10-16 10:54:51', '2019-10-16 10:54:51'),
(1586, 20, '5da6fbdaccab7', NULL, '2019-10-16 11:15:38', '2019-10-16 11:15:38'),
(1587, 50, '5da6fc3782ff1', NULL, '2019-10-16 11:17:11', '2019-10-16 11:17:11'),
(1588, 51, '5da6fcc6e3eb1', NULL, '2019-10-16 11:19:34', '2019-10-16 11:19:34'),
(1589, 56, '5da6fffb385e3', NULL, '2019-10-16 11:33:15', '2019-10-16 11:33:15'),
(1590, 56, '5da706b37cd41', NULL, '2019-10-16 12:01:55', '2019-10-16 12:01:55'),
(1591, 20, '5da7070a72fe6', NULL, '2019-10-16 12:03:22', '2019-10-16 12:03:22'),
(1592, 20, '5da707d18853a', NULL, '2019-10-16 12:06:41', '2019-10-16 12:06:41'),
(1593, 20, '5da708e7cedae', NULL, '2019-10-16 12:11:19', '2019-10-16 12:11:19'),
(1594, 56, '5da70a12cc61f', NULL, '2019-10-16 12:16:18', '2019-10-16 12:16:18'),
(1595, 20, '5da70d2ff05ee', NULL, '2019-10-16 12:29:35', '2019-10-16 12:29:35'),
(1596, 56, '5da72171e436a', NULL, '2019-10-16 01:56:01', '2019-10-16 01:56:01'),
(1597, 56, '5da7290462e03', NULL, '2019-10-16 02:28:20', '2019-10-16 02:28:20'),
(1598, 20, '5da740e1598a2', NULL, '2019-10-16 04:10:09', '2019-10-16 04:10:09'),
(1599, 20, '5da741794fbc9', NULL, '2019-10-16 04:12:41', '2019-10-16 04:12:41'),
(1600, 20, '5da7c50d12c35', NULL, '2019-10-17 01:34:05', '2019-10-17 01:34:05'),
(1601, 20, '5da7f5c8a9e89', NULL, '2019-10-17 05:02:00', '2019-10-17 05:02:00'),
(1602, 51, '5da811f702fbc', NULL, '2019-10-17 07:02:15', '2019-10-17 07:02:15'),
(1603, 56, '5da81296e10c0', NULL, '2019-10-17 07:04:54', '2019-10-17 07:04:54'),
(1604, 56, '5da82d85d1c8f', NULL, '2019-10-17 08:59:49', '2019-10-17 08:59:49'),
(1605, 52, '5da82dc1e3bab', NULL, '2019-10-17 09:00:49', '2019-10-17 09:00:49'),
(1606, 50, '5da82e11e3769', NULL, '2019-10-17 09:02:09', '2019-10-17 09:02:09'),
(1607, 20, '5da82e5e8721f', NULL, '2019-10-17 09:03:26', '2019-10-17 09:03:26'),
(1608, 56, '5da831bba4a14', NULL, '2019-10-17 09:17:47', '2019-10-17 09:17:47'),
(1609, 51, '5da831e90bae0', NULL, '2019-10-17 09:18:33', '2019-10-17 09:18:33'),
(1610, 20, '5da8322a2193d', NULL, '2019-10-17 09:19:38', '2019-10-17 09:19:38'),
(1611, 56, '5da83dd406699', NULL, '2019-10-17 10:09:24', '2019-10-17 10:09:24'),
(1612, 52, '5da83e43a4501', NULL, '2019-10-17 10:11:15', '2019-10-17 10:11:15'),
(1613, 20, '5da83f41b2422', NULL, '2019-10-17 10:15:29', '2019-10-17 10:15:29'),
(1614, 56, '5da85003b714e', NULL, '2019-10-17 11:26:59', '2019-10-17 11:26:59'),
(1615, 51, '5da8503a4aacf', NULL, '2019-10-17 11:27:54', '2019-10-17 11:27:54'),
(1616, 50, '5da8507e2a260', NULL, '2019-10-17 11:29:02', '2019-10-17 11:29:02'),
(1617, 20, '5da8576a43c2a', NULL, '2019-10-17 11:58:34', '2019-10-17 11:58:34'),
(1618, 20, '5da86058cac90', NULL, '2019-10-17 12:36:40', '2019-10-17 12:36:40'),
(1619, 20, '5da8785af2f1a', NULL, '2019-10-17 02:19:06', '2019-10-17 02:19:06'),
(1620, 20, '5da87d23e91f0', NULL, '2019-10-17 02:39:31', '2019-10-17 02:39:31'),
(1621, 20, '5da890b82420e', NULL, '2019-10-17 04:03:04', '2019-10-17 04:03:04'),
(1622, 20, '5da898df21033', NULL, '2019-10-17 04:37:51', '2019-10-17 04:37:51'),
(1623, 20, '5da8a445c1239', NULL, '2019-10-17 05:26:29', '2019-10-17 05:26:29'),
(1624, 52, '5da8ab5a55291', NULL, '2019-10-17 05:56:42', '2019-10-17 05:56:42'),
(1625, 48, '5da8ab9eb03f1', NULL, '2019-10-17 05:57:50', '2019-10-17 05:57:50'),
(1626, 55, '5da8abd60abcf', NULL, '2019-10-17 05:58:46', '2019-10-17 05:58:46'),
(1627, 20, '5da8ac8fc1d31', NULL, '2019-10-17 06:01:51', '2019-10-17 06:01:51'),
(1628, 20, '5da91af8c76a5', NULL, '2019-10-18 01:52:56', '2019-10-18 01:52:56'),
(1629, 20, '5da947a36828f', NULL, '2019-10-18 05:03:31', '2019-10-18 05:03:31'),
(1630, 20, '5da95c0a6810b', NULL, '2019-10-18 06:30:34', '2019-10-18 06:30:34'),
(1631, 20, '5da96677da289', NULL, '2019-10-18 07:15:03', '2019-10-18 07:15:03'),
(1632, 20, '5da966a61ea4a', NULL, '2019-10-18 07:15:50', '2019-10-18 07:15:50'),
(1633, 20, '5da966c4acaf8', NULL, '2019-10-18 07:16:20', '2019-10-18 07:16:20'),
(1634, 20, '5da9674fd9a0a', NULL, '2019-10-18 07:18:39', '2019-10-18 07:18:39'),
(1635, 20, '5da9b463e3ba8', NULL, '2019-10-18 12:47:31', '2019-10-18 12:47:31'),
(1636, 56, '5da9b65eedc9e', NULL, '2019-10-18 12:55:58', '2019-10-18 12:55:58'),
(1637, 20, '5da9c8db8b68c', NULL, '2019-10-18 02:14:51', '2019-10-18 02:14:51'),
(1638, 20, '5da9ee1ec21e2', NULL, '2019-10-18 04:53:50', '2019-10-18 04:53:50'),
(1639, 20, '5daa9a2c4eb03', NULL, '2019-10-19 05:07:56', '2019-10-19 05:07:56'),
(1640, 52, '5daaa670dd518', NULL, '2019-10-19 06:00:16', '2019-10-19 06:00:16'),
(1641, 52, '5daaa738ce902', NULL, '2019-10-19 06:03:36', '2019-10-19 06:03:36'),
(1642, 52, '5daaa7b56d1e7', NULL, '2019-10-19 06:05:41', '2019-10-19 06:05:41'),
(1643, 52, '5daaa8cb447c6', NULL, '2019-10-19 06:10:19', '2019-10-19 06:10:19'),
(1644, 52, '5daaa8f658287', NULL, '2019-10-19 06:11:02', '2019-10-19 06:11:02'),
(1645, 52, '5daaa9187ac7f', NULL, '2019-10-19 06:11:36', '2019-10-19 06:11:36'),
(1646, 52, '5daaa9224583e', NULL, '2019-10-19 06:11:46', '2019-10-19 06:11:46'),
(1647, 52, '5daaaab597d28', NULL, '2019-10-19 06:18:29', '2019-10-19 06:18:29'),
(1648, 50, '5daaaae4334fb', NULL, '2019-10-19 06:19:16', '2019-10-19 06:19:16'),
(1649, 20, '5daaab1dd138f', NULL, '2019-10-19 06:20:13', '2019-10-19 06:20:13'),
(1650, 20, '5daaab3d11ab7', NULL, '2019-10-19 06:20:45', '2019-10-19 06:20:45'),
(1651, 52, '5daaadb4b2b3e', NULL, '2019-10-19 06:31:16', '2019-10-19 06:31:16'),
(1652, 20, '5daaae2459cbf', NULL, '2019-10-19 06:33:08', '2019-10-19 06:33:08'),
(1653, 50, '5daab49fb7d5c', NULL, '2019-10-19 07:00:47', '2019-10-19 07:00:47'),
(1654, 20, '5daab968366d0', NULL, '2019-10-19 07:21:12', '2019-10-19 07:21:12'),
(1655, 52, '5daab98b9c0cf', NULL, '2019-10-19 07:21:47', '2019-10-19 07:21:47'),
(1656, 52, '5daaba1737210', NULL, '2019-10-19 07:24:07', '2019-10-19 07:24:07'),
(1657, 20, '5daabfd3d97a9', NULL, '2019-10-19 07:48:35', '2019-10-19 07:48:35'),
(1658, 50, '5daacb7845f8d', NULL, '2019-10-19 08:38:16', '2019-10-19 08:38:16'),
(1659, 50, '5daacb854385f', NULL, '2019-10-19 08:38:29', '2019-10-19 08:38:29'),
(1660, 50, '5daacc499872a', NULL, '2019-10-19 08:41:45', '2019-10-19 08:41:45'),
(1661, 56, '5daacc5f494d7', NULL, '2019-10-19 08:42:07', '2019-10-19 08:42:07'),
(1662, 56, '5daacc6131012', NULL, '2019-10-19 08:42:09', '2019-10-19 08:42:09'),
(1663, 56, '5daaccde15bae', NULL, '2019-10-19 08:44:14', '2019-10-19 08:44:14'),
(1664, 48, '5daacde706080', NULL, '2019-10-19 08:48:39', '2019-10-19 08:48:39'),
(1665, 48, '5daace203a268', NULL, '2019-10-19 08:49:36', '2019-10-19 08:49:36'),
(1666, 48, '5daace5e22de0', NULL, '2019-10-19 08:50:38', '2019-10-19 08:50:38'),
(1667, 20, '5daaced6a38b1', NULL, '2019-10-19 08:52:38', '2019-10-19 08:52:38'),
(1668, 20, '5daacf99b933d', NULL, '2019-10-19 08:55:53', '2019-10-19 08:55:53'),
(1669, 20, '5daad02f1c996', NULL, '2019-10-19 08:58:23', '2019-10-19 08:58:23'),
(1670, 48, '5daad14f20725', NULL, '2019-10-19 09:03:11', '2019-10-19 09:03:11'),
(1671, 52, '5daad31d16847', NULL, '2019-10-19 09:10:53', '2019-10-19 09:10:53'),
(1672, 55, '5daad36d9970c', NULL, '2019-10-19 09:12:13', '2019-10-19 09:12:13'),
(1673, 50, '5daad3cd7a8d8', NULL, '2019-10-19 09:13:49', '2019-10-19 09:13:49'),
(1674, 51, '5daad4b884355', NULL, '2019-10-19 09:17:44', '2019-10-19 09:17:44'),
(1675, 56, '5daad5c6ed1ba', NULL, '2019-10-19 09:22:14', '2019-10-19 09:22:14'),
(1676, 56, '5daad628cf172', NULL, '2019-10-19 09:23:52', '2019-10-19 09:23:52'),
(1677, 52, '5daad6562d43e', NULL, '2019-10-19 09:24:38', '2019-10-19 09:24:38'),
(1678, 50, '5daad68e5f960', NULL, '2019-10-19 09:25:34', '2019-10-19 09:25:34'),
(1679, 48, '5daad6b6bc1da', NULL, '2019-10-19 09:26:14', '2019-10-19 09:26:14'),
(1680, 49, '5daad85c857ad', NULL, '2019-10-19 09:33:16', '2019-10-19 09:33:16'),
(1681, 20, '5daad8dd1ec7d', NULL, '2019-10-19 09:35:25', '2019-10-19 09:35:25'),
(1682, 20, '5daad94967096', NULL, '2019-10-19 09:37:13', '2019-10-19 09:37:13'),
(1683, 56, '5daadb1d2875d', NULL, '2019-10-19 09:45:01', '2019-10-19 09:45:01'),
(1684, 56, '5daadb820b2c4', NULL, '2019-10-19 09:46:42', '2019-10-19 09:46:42'),
(1685, 20, '5daadb97a972c', NULL, '2019-10-19 09:47:03', '2019-10-19 09:47:03'),
(1686, 50, '5daadc0a01504', NULL, '2019-10-19 09:48:57', '2019-10-19 09:48:57'),
(1687, 56, '5daadc6ff200d', NULL, '2019-10-19 09:50:39', '2019-10-19 09:50:39'),
(1688, 56, '5daadc972122e', NULL, '2019-10-19 09:51:19', '2019-10-19 09:51:19'),
(1689, 20, '5daae2838239b', NULL, '2019-10-19 10:16:35', '2019-10-19 10:16:35'),
(1690, 20, '5daae62b6e4aa', NULL, '2019-10-19 10:32:11', '2019-10-19 10:32:11'),
(1691, 20, '5daaef3822afa', NULL, '2019-10-19 11:10:48', '2019-10-19 11:10:48'),
(1692, 20, '5daaef3eac378', NULL, '2019-10-19 11:10:54', '2019-10-19 11:10:54'),
(1693, 20, '5daaef5abf29b', NULL, '2019-10-19 11:11:22', '2019-10-19 11:11:22'),
(1694, 20, '5daaefdb97ae3', NULL, '2019-10-19 11:13:31', '2019-10-19 11:13:31'),
(1695, 20, '5daaefe5a1e2b', NULL, '2019-10-19 11:13:41', '2019-10-19 11:13:41'),
(1696, 48, '5daaf01b3f049', NULL, '2019-10-19 11:14:35', '2019-10-19 11:14:35'),
(1697, 52, '5daaf0c103b7a', NULL, '2019-10-19 11:17:21', '2019-10-19 11:17:21'),
(1698, 20, '5daaf1564186f', NULL, '2019-10-19 11:19:50', '2019-10-19 11:19:50'),
(1699, 50, '5daaf2ac834e5', NULL, '2019-10-19 11:25:32', '2019-10-19 11:25:32'),
(1700, 56, '5daaf30fcb3c9', NULL, '2019-10-19 11:27:11', '2019-10-19 11:27:11'),
(1701, 20, '5daaf3de96e0e', NULL, '2019-10-19 11:30:38', '2019-10-19 11:30:38'),
(1702, 20, '5daaf41fd1d4a', NULL, '2019-10-19 11:31:43', '2019-10-19 11:31:43'),
(1703, 48, '5daaf42205435', NULL, '2019-10-19 11:31:46', '2019-10-19 11:31:46'),
(1704, 48, '5daaf85d9d374', NULL, '2019-10-19 11:49:49', '2019-10-19 11:49:49'),
(1705, 48, '5daaf94d34011', NULL, '2019-10-19 11:53:49', '2019-10-19 11:53:49'),
(1706, 20, '5daafa70db079', NULL, '2019-10-19 11:58:40', '2019-10-19 11:58:40'),
(1707, 48, '5daafad023764', NULL, '2019-10-19 12:00:16', '2019-10-19 12:00:16'),
(1708, 48, '5daafb22ac2c6', NULL, '2019-10-19 12:01:38', '2019-10-19 12:01:38'),
(1709, 20, '5daafb3c2c117', NULL, '2019-10-19 12:02:04', '2019-10-19 12:02:04'),
(1710, 48, '5dab014de457f', NULL, '2019-10-19 12:27:57', '2019-10-19 12:27:57'),
(1711, 20, '5dab063f8bcdf', NULL, '2019-10-19 12:49:03', '2019-10-19 12:49:03'),
(1712, 48, '5dab0700ce7a5', NULL, '2019-10-19 12:52:16', '2019-10-19 12:52:16'),
(1713, 20, '5dab070accd37', NULL, '2019-10-19 12:52:26', '2019-10-19 12:52:26'),
(1714, 50, '5dab072e93fa8', NULL, '2019-10-19 12:53:02', '2019-10-19 12:53:02'),
(1715, 50, '5dab075de0503', NULL, '2019-10-19 12:53:49', '2019-10-19 12:53:49'),
(1716, 50, '5dab07810c0b9', NULL, '2019-10-19 12:54:25', '2019-10-19 12:54:25'),
(1717, 50, '5dab07c0ad76c', NULL, '2019-10-19 12:55:28', '2019-10-19 12:55:28'),
(1718, 52, '5dab084220c67', NULL, '2019-10-19 12:57:38', '2019-10-19 12:57:38'),
(1719, 20, '5dab08dbd7c69', NULL, '2019-10-19 01:00:11', '2019-10-19 01:00:11'),
(1720, 50, '5dab091cada49', NULL, '2019-10-19 01:01:16', '2019-10-19 01:01:16'),
(1721, 52, '5dab0968e3229', NULL, '2019-10-19 01:02:32', '2019-10-19 01:02:32'),
(1722, 56, '5dab09b07114f', NULL, '2019-10-19 01:03:44', '2019-10-19 01:03:44'),
(1723, 52, '5dab0a3d9adab', NULL, '2019-10-19 01:06:05', '2019-10-19 01:06:05'),
(1724, 20, '5dab0a6ab9cfb', NULL, '2019-10-19 01:06:50', '2019-10-19 01:06:50'),
(1725, 56, '5dab10431263a', NULL, '2019-10-19 01:31:47', '2019-10-19 01:31:47'),
(1726, 20, '5dab140304c17', NULL, '2019-10-19 01:47:47', '2019-10-19 01:47:47'),
(1727, 20, '5dab197c5ddd3', NULL, '2019-10-19 02:11:08', '2019-10-19 02:11:08'),
(1728, 51, '5dab1eededdf0', NULL, '2019-10-19 02:34:21', '2019-10-19 02:34:21'),
(1729, 20, '5dab226c672fc', NULL, '2019-10-19 02:49:16', '2019-10-19 02:49:16'),
(1730, 48, '5dab27de7b498', NULL, '2019-10-19 03:12:30', '2019-10-19 03:12:30'),
(1731, 20, '5dab2abdb8be2', NULL, '2019-10-19 03:24:45', '2019-10-19 03:24:45'),
(1732, 49, '5dab2ad4caddd', NULL, '2019-10-19 03:25:08', '2019-10-19 03:25:08'),
(1733, 20, '5dab2b55ede34', NULL, '2019-10-19 03:27:17', '2019-10-19 03:27:17'),
(1734, 20, '5dab2b74944ba', NULL, '2019-10-19 03:27:48', '2019-10-19 03:27:48'),
(1735, 20, '5dab2bc24053c', NULL, '2019-10-19 03:29:06', '2019-10-19 03:29:06'),
(1736, 48, '5dab2be8b3ff8', NULL, '2019-10-19 03:29:44', '2019-10-19 03:29:44'),
(1737, 48, '5dab2be989e7c', NULL, '2019-10-19 03:29:45', '2019-10-19 03:29:45'),
(1738, 50, '5dab2cc74bb9b', NULL, '2019-10-19 03:33:27', '2019-10-19 03:33:27'),
(1739, 50, '5dab2cd8b685f', NULL, '2019-10-19 03:33:44', '2019-10-19 03:33:44'),
(1740, 52, '5dab2d0dc9499', NULL, '2019-10-19 03:34:37', '2019-10-19 03:34:37'),
(1741, 52, '5dab2d1a7a509', NULL, '2019-10-19 03:34:50', '2019-10-19 03:34:50'),
(1742, 52, '5dab2e5973841', NULL, '2019-10-19 03:40:09', '2019-10-19 03:40:09'),
(1743, 56, '5dab2f2e9f6eb', NULL, '2019-10-19 03:43:42', '2019-10-19 03:43:42'),
(1744, 56, '5dab3102a9370', NULL, '2019-10-19 03:51:30', '2019-10-19 03:51:30'),
(1745, 20, '5dac55c0c0315', NULL, '2019-10-20 12:40:32', '2019-10-20 12:40:32'),
(1746, 20, '5dac756fa135f', NULL, '2019-10-20 02:55:43', '2019-10-20 02:55:43'),
(1747, 20, '5dad08aac4e50', NULL, '2019-10-21 01:23:54', '2019-10-21 01:23:54'),
(1748, 56, '5dad095d7227f', NULL, '2019-10-21 01:26:53', '2019-10-21 01:26:53'),
(1749, 52, '5dad0a05a0012', NULL, '2019-10-21 01:29:41', '2019-10-21 01:29:41'),
(1750, 20, '5dad33828fa0e', NULL, '2019-10-21 04:26:42', '2019-10-21 04:26:42'),
(1751, 20, '5dad3be2536f9', NULL, '2019-10-21 05:02:26', '2019-10-21 05:02:26'),
(1752, 20, '5dad4f504f224', NULL, '2019-10-21 06:25:20', '2019-10-21 06:25:20'),
(1753, 20, '5dad5c39ded7b', NULL, '2019-10-21 07:20:25', '2019-10-21 07:20:25'),
(1754, 20, '5dadbe4d7bddc', NULL, '2019-10-21 02:18:53', '2019-10-21 02:18:53'),
(1755, 20, '5dadc03c12199', NULL, '2019-10-21 02:27:08', '2019-10-21 02:27:08'),
(1756, 56, '5dadc3877aa16', NULL, '2019-10-21 02:41:11', '2019-10-21 02:41:11'),
(1757, 20, '5dadc641629cf', NULL, '2019-10-21 02:52:49', '2019-10-21 02:52:49'),
(1758, 52, '5dadcad339e29', NULL, '2019-10-21 03:12:19', '2019-10-21 03:12:19'),
(1759, 48, '5dadcdf41442a', NULL, '2019-10-21 03:25:40', '2019-10-21 03:25:40'),
(1760, 20, '5dadd5212e379', NULL, '2019-10-21 03:56:17', '2019-10-21 03:56:17'),
(1761, 20, '5dadd555540a5', NULL, '2019-10-21 03:57:09', '2019-10-21 03:57:09'),
(1762, 20, '5daddc2036feb', NULL, '2019-10-21 04:26:08', '2019-10-21 04:26:08'),
(1763, 20, '5dadea29d07be', NULL, '2019-10-21 05:26:01', '2019-10-21 05:26:01'),
(1764, 20, '5dadfcda06b87', NULL, '2019-10-21 06:45:46', '2019-10-21 06:45:46'),
(1765, 20, '5dae8ee0c6035', NULL, '2019-10-22 05:08:48', '2019-10-22 05:08:48'),
(1766, 20, '5dae95369f646', NULL, '2019-10-22 05:35:50', '2019-10-22 05:35:50'),
(1767, 20, '5dae95b30c8b0', NULL, '2019-10-22 05:37:55', '2019-10-22 05:37:55'),
(1768, 20, '5dae9dc236ce5', NULL, '2019-10-22 06:12:18', '2019-10-22 06:12:18'),
(1769, 20, '5daea35397379', NULL, '2019-10-22 06:36:03', '2019-10-22 06:36:03'),
(1770, 20, '5daea9d440374', NULL, '2019-10-22 07:03:48', '2019-10-22 07:03:48'),
(1771, 20, '5daec64f167e2', NULL, '2019-10-22 09:05:19', '2019-10-22 09:05:19'),
(1772, 20, '5daec72351ae3', NULL, '2019-10-22 09:08:51', '2019-10-22 09:08:51'),
(1773, 20, '5daef51d3c3de', NULL, '2019-10-22 12:25:01', '2019-10-22 12:25:01'),
(1774, 20, '5daef79d7d698', NULL, '2019-10-22 12:35:41', '2019-10-22 12:35:41'),
(1775, 52, '5daefa274c656', NULL, '2019-10-22 12:46:31', '2019-10-22 12:46:31'),
(1776, 20, '5daefaf0b5f7a', NULL, '2019-10-22 12:49:52', '2019-10-22 12:49:52'),
(1777, 20, '5daf096da9a9e', NULL, '2019-10-22 01:51:41', '2019-10-22 01:51:41'),
(1778, 20, '5daf097ab6237', NULL, '2019-10-22 01:51:54', '2019-10-22 01:51:54'),
(1779, 52, '5daf0d2f52ee6', NULL, '2019-10-22 02:07:43', '2019-10-22 02:07:43'),
(1780, 20, '5daf0d412d9b9', NULL, '2019-10-22 02:08:01', '2019-10-22 02:08:01'),
(1781, 20, '5daf171d567a7', NULL, '2019-10-22 02:50:05', '2019-10-22 02:50:05'),
(1782, 20, '5daf299919040', NULL, '2019-10-22 04:08:57', '2019-10-22 04:08:57'),
(1783, 20, '5daf2a269a69d', NULL, '2019-10-22 04:11:18', '2019-10-22 04:11:18'),
(1784, 20, '5daf3a94ae2a6', NULL, '2019-10-22 05:21:24', '2019-10-22 05:21:24'),
(1785, 20, '5daf3c6454272', NULL, '2019-10-22 05:29:08', '2019-10-22 05:29:08'),
(1786, 20, '5daf3e4352543', NULL, '2019-10-22 05:37:07', '2019-10-22 05:37:07'),
(1787, 20, '5daf4133e30da', NULL, '2019-10-22 05:49:39', '2019-10-22 05:49:39'),
(1788, 20, '5daf41d4b07e5', NULL, '2019-10-22 05:52:20', '2019-10-22 05:52:20'),
(1789, 20, '5daf41e461c6d', NULL, '2019-10-22 05:52:36', '2019-10-22 05:52:36'),
(1790, 20, '5daf42ab61e36', NULL, '2019-10-22 05:55:55', '2019-10-22 05:55:55'),
(1791, 20, '5daf45e6158e5', NULL, '2019-10-22 06:09:42', '2019-10-22 06:09:42'),
(1792, 20, '5daf463452892', NULL, '2019-10-22 06:11:00', '2019-10-22 06:11:00'),
(1793, 20, '5daf4ade19cb9', NULL, '2019-10-22 06:30:54', '2019-10-22 06:30:54'),
(1794, 20, '5daf7a6fc2c64', NULL, '2019-10-22 09:53:51', '2019-10-22 09:53:51'),
(1795, 20, '5daf7a7e3860e', NULL, '2019-10-22 09:54:06', '2019-10-22 09:54:06'),
(1796, 20, '5daf89a762864', NULL, '2019-10-22 10:58:47', '2019-10-22 10:58:47'),
(1797, 20, '5daf89aa4fe4d', NULL, '2019-10-22 10:58:50', '2019-10-22 10:58:50'),
(1798, 56, '5daf8e41e5434', NULL, '2019-10-22 11:18:25', '2019-10-22 11:18:25'),
(1799, 20, '5daf8f5752437', NULL, '2019-10-22 11:23:03', '2019-10-22 11:23:03'),
(1800, 20, '5dafe228399e1', NULL, '2019-10-23 05:16:24', '2019-10-23 05:16:24'),
(1801, 20, '5daff4eb4822b', NULL, '2019-10-23 06:36:27', '2019-10-23 06:36:27'),
(1802, 20, '5db00289e1cfb', NULL, '2019-10-23 07:34:33', '2019-10-23 07:34:33'),
(1803, 20, '5db02ed231e76', NULL, '2019-10-23 10:43:30', '2019-10-23 10:43:30'),
(1804, 20, '5db03c5ed927b', NULL, '2019-10-23 11:41:18', '2019-10-23 11:41:18'),
(1805, 20, '5db03cce0acb3', NULL, '2019-10-23 11:43:10', '2019-10-23 11:43:10'),
(1806, 20, '5db040f524a6e', NULL, '2019-10-23 12:00:53', '2019-10-23 12:00:53'),
(1807, 20, '5db0594454553', NULL, '2019-10-23 01:44:36', '2019-10-23 01:44:36'),
(1808, 52, '5db0880b90723', NULL, '2019-10-23 05:04:11', '2019-10-23 05:04:11'),
(1809, 55, '5db08823cdd45', NULL, '2019-10-23 05:04:35', '2019-10-23 05:04:35'),
(1810, 20, '5db0883452dfa', NULL, '2019-10-23 05:04:52', '2019-10-23 05:04:52'),
(1811, 20, '5db08edb67484', NULL, '2019-10-23 05:33:15', '2019-10-23 05:33:15'),
(1812, 20, '5db08efe0565f', NULL, '2019-10-23 05:33:50', '2019-10-23 05:33:50'),
(1813, 20, '5db090e88fa2a', NULL, '2019-10-23 05:42:00', '2019-10-23 05:42:00'),
(1814, 20, '5db09660dc75d', NULL, '2019-10-23 06:05:20', '2019-10-23 06:05:20'),
(1815, 20, '5db09789dc5c3', NULL, '2019-10-23 06:10:17', '2019-10-23 06:10:17'),
(1816, 56, '5db0a6ae2052f', NULL, '2019-10-23 07:14:54', '2019-10-23 07:14:54'),
(1817, 56, '5db0a6b1b4d15', NULL, '2019-10-23 07:14:57', '2019-10-23 07:14:57'),
(1818, 20, '5db0be8ef13c1', NULL, '2019-10-23 08:56:46', '2019-10-23 08:56:46'),
(1819, 20, '5db0d27b57b49', NULL, '2019-10-23 10:21:47', '2019-10-23 10:21:47'),
(1820, 56, '5db0d44d0ff83', NULL, '2019-10-23 10:29:33', '2019-10-23 10:29:33'),
(1821, 20, '5db0e44d897ef', NULL, '2019-10-23 11:37:49', '2019-10-23 11:37:49'),
(1822, 20, '5db133c38d0ed', NULL, '2019-10-24 05:16:51', '2019-10-24 05:16:51'),
(1823, 20, '5db1564108722', NULL, '2019-10-24 07:44:01', '2019-10-24 07:44:01'),
(1824, 20, '5db17aaf5ebab', NULL, '2019-10-24 10:19:27', '2019-10-24 10:19:27'),
(1825, 20, '5db1dd2b0a2a5', NULL, '2019-10-24 05:19:39', '2019-10-24 05:19:39'),
(1826, 20, '5db1eab2ec531', NULL, '2019-10-24 06:17:22', '2019-10-24 06:17:22'),
(1827, 20, '5db2044fd586f', NULL, '2019-10-24 08:06:39', '2019-10-24 08:06:39'),
(1828, 20, '5db2b186d63ba', NULL, '2019-10-25 08:25:42', '2019-10-25 08:25:42'),
(1829, 20, '5db5ac5269aa9', NULL, '2019-10-27 02:40:18', '2019-10-27 02:40:18'),
(1830, 20, '5db79a40dacaf', NULL, '2019-10-29 01:47:44', '2019-10-29 01:47:44'),
(1831, 20, '5db86696e42cf', NULL, '2019-10-29 04:19:34', '2019-10-29 04:19:34'),
(1832, 20, '5db894f9922d0', NULL, '2019-10-29 07:37:29', '2019-10-29 07:37:29'),
(1833, 20, '5db91a278fddd', NULL, '2019-10-30 05:05:43', '2019-10-30 05:05:43'),
(1834, 20, '5db94067afe40', NULL, '2019-10-30 07:48:55', '2019-10-30 07:48:55'),
(1835, 20, '5db94119d6a70', NULL, '2019-10-30 07:51:53', '2019-10-30 07:51:53'),
(1836, 20, '5db950dac34a0', NULL, '2019-10-30 08:59:06', '2019-10-30 08:59:06'),
(1837, 20, '5db98f7d900ec', NULL, '2019-10-30 01:26:21', '2019-10-30 01:26:21'),
(1838, 20, '5db99713de2be', NULL, '2019-10-30 01:58:43', '2019-10-30 01:58:43'),
(1839, 20, '5dba6b2448bc9', NULL, '2019-10-31 05:03:32', '2019-10-31 05:03:32'),
(1840, 58, '5dbaa18670682', NULL, '2019-10-31 08:55:34', '2019-10-31 08:55:34'),
(1841, 58, '5dbaa19909401', NULL, '2019-10-31 08:55:53', '2019-10-31 08:55:53'),
(1842, 20, '5dbabbb5e7bdd', NULL, '2019-10-31 10:47:17', '2019-10-31 10:47:17'),
(1843, 20, '5dbabbd2a5cc7', NULL, '2019-10-31 10:47:46', '2019-10-31 10:47:46'),
(1844, 20, '5dbae75c94644', NULL, '2019-10-31 01:53:32', '2019-10-31 01:53:32'),
(1845, 20, '5dbbbfde92a1a', NULL, '2019-11-01 05:17:18', '2019-11-01 05:17:18'),
(1846, 20, '5dbd5e0b7f30a', NULL, '2019-11-02 10:44:27', '2019-11-02 10:44:27'),
(1847, 20, '5dbd5ecc098b9', NULL, '2019-11-02 10:47:40', '2019-11-02 10:47:40'),
(1848, 20, '5dbd605b3b3da', NULL, '2019-11-02 10:54:19', '2019-11-02 10:54:19'),
(1849, 20, '5dbd615bbe075', NULL, '2019-11-02 10:58:35', '2019-11-02 10:58:35'),
(1850, 20, '5dbd6a394afca', NULL, '2019-11-02 11:36:25', '2019-11-02 11:36:25'),
(1851, 20, '5dbd6c5ae6747', NULL, '2019-11-02 11:45:30', '2019-11-02 11:45:30'),
(1852, 20, '5dbd76baa1150', NULL, '2019-11-02 12:29:46', '2019-11-02 12:29:46'),
(1853, 20, '5dbd9c73a78e0', NULL, '2019-11-02 03:10:43', '2019-11-02 03:10:43'),
(1854, 20, '5dbe1e7e3b48a', NULL, '2019-11-03 12:25:34', '2019-11-03 12:25:34'),
(1855, 20, '5dbfb35cd9f25', NULL, '2019-11-04 05:13:00', '2019-11-04 05:13:00'),
(1856, 20, '5dc0f375a5988', NULL, '2019-11-05 03:58:45', '2019-11-05 03:58:45'),
(1857, 20, '5dc1060c01ad8', NULL, '2019-11-05 05:18:04', '2019-11-05 05:18:04'),
(1858, 20, '5dc109e95dbe9', NULL, '2019-11-05 05:34:33', '2019-11-05 05:34:33'),
(1859, 20, '5dc14026486ac', NULL, '2019-11-05 09:25:58', '2019-11-05 09:25:58'),
(1860, 27, '5dc14ba2a81e9', NULL, '2019-11-05 10:14:58', '2019-11-05 10:14:58'),
(1861, 20, '5dc14bcfb668f', NULL, '2019-11-05 10:15:43', '2019-11-05 10:15:43'),
(1862, 20, '5dc15b80a8f0e', NULL, '2019-11-05 11:22:40', '2019-11-05 11:22:40'),
(1863, 20, '5dc15e8f97bff', NULL, '2019-11-05 11:35:43', '2019-11-05 11:35:43'),
(1864, 20, '5dc1622a2197e', NULL, '2019-11-05 11:51:06', '2019-11-05 11:51:06'),
(1865, 20, '5dc1698339212', NULL, '2019-11-05 12:22:27', '2019-11-05 12:22:27'),
(1866, 20, '5dc169a79dbbb', NULL, '2019-11-05 12:23:03', '2019-11-05 12:23:03'),
(1867, 20, '5dc25899642dd', NULL, '2019-11-06 05:22:33', '2019-11-06 05:22:33'),
(1868, 20, '5dc2647869c90', NULL, '2019-11-06 06:13:12', '2019-11-06 06:13:12'),
(1869, 20, '5dc26a9b5ce08', NULL, '2019-11-06 06:39:23', '2019-11-06 06:39:23'),
(1870, 20, '5dc29167a3fee', NULL, '2019-11-06 09:24:55', '2019-11-06 09:24:55'),
(1871, 20, '5dc2a728aa2d0', NULL, '2019-11-06 10:57:44', '2019-11-06 10:57:44'),
(1872, 20, '5dc2a7b062e8e', NULL, '2019-11-06 11:00:00', '2019-11-06 11:00:00'),
(1873, 20, '5dc2cf693954f', NULL, '2019-11-06 01:49:29', '2019-11-06 01:49:29'),
(1874, 20, '5dc2d79b0961f', NULL, '2019-11-06 02:24:27', '2019-11-06 02:24:27'),
(1875, 20, '5dc3a764986b6', NULL, '2019-11-07 05:11:00', '2019-11-07 05:11:00'),
(1876, 20, '5dc3bfada8676', NULL, '2019-11-07 06:54:37', '2019-11-07 06:54:37'),
(1877, 20, '5dc3bfd314be3', NULL, '2019-11-07 06:55:15', '2019-11-07 06:55:15'),
(1878, 52, '5dc40c08b9318', NULL, '2019-11-07 12:20:24', '2019-11-07 12:20:24'),
(1879, 20, '5dc40c84027d1', NULL, '2019-11-07 12:22:28', '2019-11-07 12:22:28'),
(1880, 20, '5dc40d6ce69c1', NULL, '2019-11-07 12:26:20', '2019-11-07 12:26:20'),
(1881, 20, '5dc40dc12364b', NULL, '2019-11-07 12:27:45', '2019-11-07 12:27:45'),
(1882, 20, '5dc40e5901397', NULL, '2019-11-07 12:30:16', '2019-11-07 12:30:16'),
(1883, 20, '5dc40f2121ca8', NULL, '2019-11-07 12:33:37', '2019-11-07 12:33:37'),
(1884, 20, '5dc41028583d4', NULL, '2019-11-07 12:38:00', '2019-11-07 12:38:00'),
(1885, 20, '5dc417cce1874', NULL, '2019-11-07 01:10:36', '2019-11-07 01:10:36'),
(1886, 20, '5dc418ad99d86', NULL, '2019-11-07 01:14:21', '2019-11-07 01:14:21'),
(1887, 20, '5dc41ed7f0e1a', NULL, '2019-11-07 01:40:39', '2019-11-07 01:40:39'),
(1888, 20, '5dc4ff704f933', NULL, '2019-11-08 05:38:56', '2019-11-08 05:38:56'),
(1889, 20, '5dc5001957ea0', NULL, '2019-11-08 05:41:45', '2019-11-08 05:41:45'),
(1890, 51, '5dc51f2b03282', NULL, '2019-11-08 02:24:19', '2019-11-08 02:24:19'),
(1891, 49, '5dc51fb555458', NULL, '2019-11-08 02:26:37', '2019-11-08 02:26:37'),
(1892, 20, '5dc52026b358e', NULL, '2019-11-08 02:28:30', '2019-11-08 02:28:30'),
(1893, 50, '5dc5219d7e64e', NULL, '2019-11-08 02:34:45', '2019-11-08 02:34:45'),
(1894, 50, '5dc5341034441', NULL, '2019-11-08 03:53:28', '2019-11-08 03:53:28'),
(1895, 20, '5dc5342684cfa', NULL, '2019-11-08 03:53:50', '2019-11-08 03:53:50'),
(1896, 49, '5dc536d0719b9', NULL, '2019-11-08 04:05:12', '2019-11-08 04:05:12'),
(1897, 20, '5dc5411175cbb', NULL, '2019-11-08 04:48:57', '2019-11-08 04:48:57'),
(1898, 20, '5dc5424e23e7d', NULL, '2019-11-08 04:54:14', '2019-11-08 04:54:14'),
(1899, 49, '5dc54297b0d9e', NULL, '2019-11-08 04:55:27', '2019-11-08 04:55:27'),
(1900, 20, '5dc547dc1353d', NULL, '2019-11-08 05:17:56', '2019-11-08 05:17:56'),
(1901, 56, '5dc548179d7ce', NULL, '2019-11-08 05:18:55', '2019-11-08 05:18:55'),
(1902, 49, '5dc54849f2431', NULL, '2019-11-08 05:19:45', '2019-11-08 05:19:45'),
(1903, 20, '5dc54b27783a8', NULL, '2019-11-08 05:31:59', '2019-11-08 05:31:59'),
(1904, 20, '5dc54b75d9772', NULL, '2019-11-08 05:33:17', '2019-11-08 05:33:17'),
(1905, 20, '5dc54c660e0be', NULL, '2019-11-08 05:37:18', '2019-11-08 05:37:18'),
(1906, 20, '5dc54f487f547', NULL, '2019-11-08 05:49:36', '2019-11-08 05:49:36'),
(1907, 20, '5dc54f932b3f6', NULL, '2019-11-08 05:50:51', '2019-11-08 05:50:51');
INSERT INTO `login_access_tokens` (`id`, `user_id`, `access_token`, `deleted_at`, `created_at`, `updated_at`) VALUES
(1908, 20, '5dc55ec898497', NULL, '2019-11-08 06:55:44', '2019-11-08 06:55:44'),
(1909, 51, '5dc563ec9bc2b', NULL, '2019-11-08 07:17:40', '2019-11-08 07:17:40'),
(1910, 56, '5dc56508e399d', NULL, '2019-11-08 07:22:24', '2019-11-08 07:22:24'),
(1911, 20, '5dc56538b134d', NULL, '2019-11-08 07:23:12', '2019-11-08 07:23:12'),
(1912, 56, '5dc5657b00f5a', NULL, '2019-11-08 07:24:18', '2019-11-08 07:24:18'),
(1913, 20, '5dc56b38c11b5', NULL, '2019-11-07 19:48:48', '2019-11-07 19:48:48'),
(1914, 56, '5dc56b6ca6052', NULL, '2019-11-07 19:49:40', '2019-11-07 19:49:40'),
(1915, 49, '5dc56e1c8cd78', NULL, '2019-11-07 20:01:08', '2019-11-07 20:01:08'),
(1916, 20, '5dc5745c00b01', NULL, '2019-11-07 20:27:47', '2019-11-07 20:27:47'),
(1917, 20, '5dca51e14d5b4', NULL, '2019-11-12 06:32:01', '2019-11-12 06:32:01'),
(1918, 20, '5dca51f6e4ded', NULL, '2019-11-12 06:32:22', '2019-11-12 06:32:22'),
(1919, 20, '5dca767294561', NULL, '2019-11-12 09:08:02', '2019-11-12 09:08:02'),
(1920, 20, '5dca84f78ede7', NULL, '2019-11-12 10:09:59', '2019-11-12 10:09:59'),
(1921, 20, '5dca8afd31fc7', NULL, '2019-11-12 10:35:41', '2019-11-12 10:35:41'),
(1922, 20, '5dca8eef51e97', NULL, '2019-11-12 10:52:31', '2019-11-12 10:52:31'),
(1923, 20, '5dca8fcfd7bd1', NULL, '2019-11-12 10:56:15', '2019-11-12 10:56:15'),
(1924, 20, '5dca900060c6b', NULL, '2019-11-12 10:57:04', '2019-11-12 10:57:04'),
(1925, 20, '5dca90518f56d', NULL, '2019-11-12 10:58:25', '2019-11-12 10:58:25'),
(1926, 20, '5dca97cd4cb5f', NULL, '2019-11-12 11:30:21', '2019-11-12 11:30:21'),
(1927, 20, '5dca97f306559', NULL, '2019-11-12 11:30:59', '2019-11-12 11:30:59'),
(1928, 48, '5dca98ebd8b74', NULL, '2019-11-12 11:35:07', '2019-11-12 11:35:07'),
(1929, 20, '5dca993ec4229', NULL, '2019-11-12 11:36:30', '2019-11-12 11:36:30'),
(1930, 48, '5dca99a448ede', NULL, '2019-11-12 11:38:12', '2019-11-12 11:38:12'),
(1931, 20, '5dca9a3b3ab43', NULL, '2019-11-12 11:40:43', '2019-11-12 11:40:43'),
(1932, 20, '5dca9b7270d15', NULL, '2019-11-12 11:45:54', '2019-11-12 11:45:54'),
(1933, 48, '5dca9bca08f01', NULL, '2019-11-12 11:47:22', '2019-11-12 11:47:22'),
(1934, 20, '5dca9befb1674', NULL, '2019-11-12 11:47:59', '2019-11-12 11:47:59'),
(1935, 48, '5dca9c18bdc91', NULL, '2019-11-12 11:48:40', '2019-11-12 11:48:40'),
(1936, 20, '5dca9c371d004', NULL, '2019-11-12 11:49:11', '2019-11-12 11:49:11'),
(1937, 48, '5dca9c7a1cad6', NULL, '2019-11-12 11:50:18', '2019-11-12 11:50:18'),
(1938, 20, '5dca9cd9aa1a8', NULL, '2019-11-12 11:51:53', '2019-11-12 11:51:53'),
(1939, 48, '5dca9cf59d139', NULL, '2019-11-12 11:52:21', '2019-11-12 11:52:21'),
(1940, 20, '5dca9e40d9c2e', NULL, '2019-11-12 11:57:52', '2019-11-12 11:57:52'),
(1941, 48, '5dca9fa782061', NULL, '2019-11-12 12:03:51', '2019-11-12 12:03:51'),
(1942, 48, '5dcaa64d90095', NULL, '2019-11-12 12:32:13', '2019-11-12 12:32:13'),
(1943, 20, '5dcaa7d5debfc', NULL, '2019-11-12 12:38:45', '2019-11-12 12:38:45'),
(1944, 48, '5dcaa828bfee3', NULL, '2019-11-12 12:40:08', '2019-11-12 12:40:08'),
(1945, 55, '5dcaa8738fbda', NULL, '2019-11-12 12:41:23', '2019-11-12 12:41:23'),
(1946, 20, '5dcaa8cca68bb', NULL, '2019-11-12 12:42:52', '2019-11-12 12:42:52'),
(1947, 20, '5dcaa91c66d60', NULL, '2019-11-12 12:44:12', '2019-11-12 12:44:12'),
(1948, 55, '5dcaa9da5684c', NULL, '2019-11-12 12:47:22', '2019-11-12 12:47:22'),
(1949, 48, '5dcaaa527a035', NULL, '2019-11-12 12:49:22', '2019-11-12 12:49:22'),
(1950, 48, '5dcaaba901470', NULL, '2019-11-12 12:55:04', '2019-11-12 12:55:04'),
(1951, 48, '5dcaabc0e86e7', NULL, '2019-11-12 12:55:28', '2019-11-12 12:55:28'),
(1952, 20, '5dcaabf2e382a', NULL, '2019-11-12 12:56:18', '2019-11-12 12:56:18'),
(1953, 20, '5dcaac0f3dd88', NULL, '2019-11-12 12:56:47', '2019-11-12 12:56:47'),
(1954, 20, '5dcaadd0a9e90', NULL, '2019-11-12 01:04:16', '2019-11-12 01:04:16'),
(1955, 20, '5dcab9798cff2', NULL, '2019-11-12 01:54:01', '2019-11-12 01:54:01'),
(1956, 20, '5dcaba00c5162', NULL, '2019-11-12 01:56:16', '2019-11-12 01:56:16'),
(1957, 48, '5dcb91c29bddf', NULL, '2019-11-13 05:16:50', '2019-11-13 05:16:50'),
(1958, 56, '5dcb92eb2fcce', NULL, '2019-11-13 05:21:47', '2019-11-13 05:21:47'),
(1959, 20, '5dcb945ca2504', NULL, '2019-11-13 05:27:56', '2019-11-13 05:27:56'),
(1960, 20, '5dcb9b1f37ebd', NULL, '2019-11-13 05:56:47', '2019-11-13 05:56:47'),
(1961, 50, '5dcb9ea8ecdd7', NULL, '2019-11-13 06:11:52', '2019-11-13 06:11:52'),
(1962, 20, '5dcba03d9a5c8', NULL, '2019-11-13 06:18:37', '2019-11-13 06:18:37'),
(1963, 50, '5dcba2281cfdb', NULL, '2019-11-13 06:26:48', '2019-11-13 06:26:48'),
(1964, 20, '5dcbc439e804c', NULL, '2019-11-13 08:52:09', '2019-11-13 08:52:09'),
(1965, 56, '5dcbd2381fbde', NULL, '2019-11-13 09:51:52', '2019-11-13 09:51:52'),
(1966, 56, '5dcbf3326523f', NULL, '2019-11-13 12:12:34', '2019-11-13 12:12:34'),
(1967, 20, '5dcbf628008dd', NULL, '2019-11-13 12:25:11', '2019-11-13 12:25:11'),
(1968, 20, '5dcbf6421ff71', NULL, '2019-11-13 12:25:38', '2019-11-13 12:25:38'),
(1969, 20, '5dcbf8861598b', NULL, '2019-11-13 12:35:18', '2019-11-13 12:35:18'),
(1970, 20, '5dcbfd18516e6', NULL, '2019-11-13 12:54:48', '2019-11-13 12:54:48'),
(1971, 51, '5dcc00ca35173', NULL, '2019-11-13 01:10:34', '2019-11-13 01:10:34'),
(1972, 56, '5dcc00f9578e9', NULL, '2019-11-13 01:11:21', '2019-11-13 01:11:21'),
(1973, 55, '5dcc04f15c200', NULL, '2019-11-13 01:28:17', '2019-11-13 01:28:17'),
(1974, 20, '5dcc056a7272d', NULL, '2019-11-13 01:30:18', '2019-11-13 01:30:18'),
(1975, 51, '5dcc0607ef2b5', NULL, '2019-11-13 01:32:55', '2019-11-13 01:32:55'),
(1976, 49, '5dcc06492c86b', NULL, '2019-11-13 01:34:01', '2019-11-13 01:34:01'),
(1977, 48, '5dcc068e4da8a', NULL, '2019-11-13 01:35:10', '2019-11-13 01:35:10'),
(1978, 56, '5dcc06fd853e5', NULL, '2019-11-13 01:37:01', '2019-11-13 01:37:01'),
(1979, 56, '5dcc0709667f4', NULL, '2019-11-13 01:37:13', '2019-11-13 01:37:13'),
(1980, 48, '5dcc080a0a680', NULL, '2019-11-13 01:41:30', '2019-11-13 01:41:30'),
(1981, 20, '5dcce2966f773', NULL, '2019-11-14 05:13:58', '2019-11-14 05:13:58'),
(1982, 56, '5dccee3c2b359', NULL, '2019-11-14 06:03:40', '2019-11-14 06:03:40'),
(1983, 56, '5dccef76d1f9c', NULL, '2019-11-14 06:08:54', '2019-11-14 06:08:54'),
(1984, 56, '5dccefa33b4a0', NULL, '2019-11-14 06:09:39', '2019-11-14 06:09:39'),
(1985, 56, '5dccf1559d632', NULL, '2019-11-14 06:16:53', '2019-11-14 06:16:53'),
(1986, 56, '5dccf46114ec2', NULL, '2019-11-14 06:29:53', '2019-11-14 06:29:53'),
(1987, 20, '5dccf4cb1e435', NULL, '2019-11-14 06:31:39', '2019-11-14 06:31:39'),
(1988, 56, '5dccf80e74f93', NULL, '2019-11-14 06:45:34', '2019-11-14 06:45:34'),
(1989, 20, '5dccf965a639f', NULL, '2019-11-14 06:51:17', '2019-11-14 06:51:17'),
(1990, 56, '5dccf98fabfb5', NULL, '2019-11-14 06:51:59', '2019-11-14 06:51:59'),
(1991, 20, '5dccfb2ef1d70', NULL, '2019-11-14 06:58:54', '2019-11-14 06:58:54'),
(1992, 20, '5dccfec71a3f9', NULL, '2019-11-14 07:14:15', '2019-11-14 07:14:15'),
(1993, 20, '5dccff805b62f', NULL, '2019-11-14 07:17:20', '2019-11-14 07:17:20'),
(1994, 20, '5dcd0323c75b4', NULL, '2019-11-14 07:32:51', '2019-11-14 07:32:51'),
(1995, 56, '5dcd0350dc004', NULL, '2019-11-14 07:33:36', '2019-11-14 07:33:36'),
(1996, 56, '5dcd03fb98068', NULL, '2019-11-14 07:36:27', '2019-11-14 07:36:27'),
(1997, 56, '5dcd044372a81', NULL, '2019-11-14 07:37:39', '2019-11-14 07:37:39'),
(1998, 56, '5dcd14320914d', NULL, '2019-11-14 08:45:38', '2019-11-14 08:45:38'),
(1999, 56, '5dcd19700c0ae', NULL, '2019-11-14 09:08:00', '2019-11-14 09:08:00'),
(2000, 56, '5dcd19a013a2e', NULL, '2019-11-14 09:08:48', '2019-11-14 09:08:48'),
(2001, 56, '5dcd2621bda23', NULL, '2019-11-14 10:02:09', '2019-11-14 10:02:09'),
(2002, 20, '5dcd2e405860d', NULL, '2019-11-14 10:36:48', '2019-11-14 10:36:48'),
(2003, 20, '5dcd318bd2050', NULL, '2019-11-14 10:50:51', '2019-11-14 10:50:51'),
(2004, 20, '5dcd32481edbe', NULL, '2019-11-14 10:54:00', '2019-11-14 10:54:00'),
(2005, 20, '5dcd3eb48f577', NULL, '2019-11-14 11:47:00', '2019-11-14 11:47:00'),
(2006, 20, '5dce7e1d72fdc', NULL, '2019-11-15 10:29:49', '2019-11-15 10:29:49'),
(2007, 20, '5dcf158b3ac1a', NULL, '2019-11-15 09:15:55', '2019-11-15 09:15:55'),
(2008, 20, '5dcf840aa6916', NULL, '2019-11-16 05:07:22', '2019-11-16 05:07:22'),
(2009, 20, '5dcf8b6b6c35b', NULL, '2019-11-16 05:38:51', '2019-11-16 05:38:51'),
(2010, 20, '5dcf8baa17edf', NULL, '2019-11-16 05:39:54', '2019-11-16 05:39:54'),
(2011, 20, '5dcf8c73ebf4e', NULL, '2019-11-16 05:43:15', '2019-11-16 05:43:15'),
(2012, 20, '5dcf8c755fc63', NULL, '2019-11-16 05:43:17', '2019-11-16 05:43:17'),
(2013, 20, '5dcf8fd823051', NULL, '2019-11-16 05:57:44', '2019-11-16 05:57:44'),
(2014, 20, '5dcf904a2012c', NULL, '2019-11-16 05:59:38', '2019-11-16 05:59:38'),
(2015, 20, '5dcf92a878b50', NULL, '2019-11-16 06:09:44', '2019-11-16 06:09:44'),
(2016, 20, '5dcf9cde7ca81', NULL, '2019-11-16 06:53:18', '2019-11-16 06:53:18'),
(2017, 20, '5dcf9d085d1aa', NULL, '2019-11-16 06:54:00', '2019-11-16 06:54:00'),
(2018, 56, '5dcf9ec6718aa', NULL, '2019-11-16 07:01:26', '2019-11-16 07:01:26'),
(2019, 51, '5dcf9ef3da6e8', NULL, '2019-11-16 07:02:11', '2019-11-16 07:02:11'),
(2020, 20, '5dcfb5892208c', NULL, '2019-11-16 08:38:33', '2019-11-16 08:38:33'),
(2021, 20, '5dcfb71b4afec', NULL, '2019-11-16 08:45:15', '2019-11-16 08:45:15'),
(2022, 20, '5dd02c076c479', NULL, '2019-11-16 05:04:07', '2019-11-16 05:04:07'),
(2023, 20, '5dd2267563376', NULL, '2019-11-18 05:04:53', '2019-11-18 05:04:53'),
(2024, 20, '5dd272ab8bafd', NULL, '2019-11-18 10:30:03', '2019-11-18 10:30:03'),
(2025, 20, '5dd2872e25697', NULL, '2019-11-18 11:57:34', '2019-11-18 11:57:34'),
(2026, 20, '5dd29e5316310', NULL, '2019-11-18 01:36:19', '2019-11-18 01:36:19'),
(2027, 20, '5dd2a8c7bea6b', NULL, '2019-11-18 02:20:55', '2019-11-18 02:20:55'),
(2028, 20, '5dd379d5e2e76', NULL, '2019-11-19 05:12:53', '2019-11-19 05:12:53'),
(2029, 20, '5dd3f8f33567b', NULL, '2019-11-19 02:15:15', '2019-11-19 02:15:15'),
(2030, 20, '5dd4d31486cbd', NULL, '2019-11-20 05:45:56', '2019-11-20 05:45:56'),
(2031, 20, '5dd508517c2bc', NULL, '2019-11-20 09:33:05', '2019-11-20 09:33:05'),
(2032, 20, '5dd510560cf23', NULL, '2019-11-20 10:07:18', '2019-11-20 10:07:18'),
(2033, 20, '5dd515d01cf8a', NULL, '2019-11-20 10:30:40', '2019-11-20 10:30:40'),
(2034, 59, '5dd5198732083', NULL, '0000-00-00 00:00:00', '0000-00-00 00:00:00'),
(2035, 60, '5dd51987bdefe', NULL, '0000-00-00 00:00:00', '0000-00-00 00:00:00'),
(2036, 61, '5dd51987c2830', NULL, '0000-00-00 00:00:00', '0000-00-00 00:00:00'),
(2037, 62, '5dd51987c8845', NULL, '0000-00-00 00:00:00', '0000-00-00 00:00:00'),
(2038, 63, '5dd51987cda2e', NULL, '0000-00-00 00:00:00', '0000-00-00 00:00:00'),
(2039, 64, '5dd51987d3ce5', NULL, '0000-00-00 00:00:00', '0000-00-00 00:00:00'),
(2040, 20, '5dd5199edb9be', NULL, '2019-11-20 10:46:54', '2019-11-20 10:46:54'),
(2041, 20, '5dd51b23bc4bd', NULL, '2019-11-20 10:53:23', '2019-11-20 10:53:23'),
(2042, 20, '5dd51f07ea160', NULL, '2019-11-20 11:09:59', '2019-11-20 11:09:59'),
(2043, 20, '5dd51fe65388d', NULL, '2019-11-20 11:13:42', '2019-11-20 11:13:42'),
(2044, 20, '5dd5202eb5398', NULL, '2019-11-20 11:14:54', '2019-11-20 11:14:54'),
(2045, 20, '5dd521a1a7d45', NULL, '2019-11-20 11:21:05', '2019-11-20 11:21:05'),
(2046, 20, '5dd521be6da4a', NULL, '2019-11-20 11:21:34', '2019-11-20 11:21:34'),
(2047, 20, '5dd5226050947', NULL, '2019-11-20 11:24:16', '2019-11-20 11:24:16'),
(2048, 20, '5dd522c91e488', NULL, '2019-11-20 11:26:01', '2019-11-20 11:26:01'),
(2049, 20, '5dd524128e1ef', NULL, '2019-11-20 11:31:30', '2019-11-20 11:31:30'),
(2050, 20, '5dd5243cc80e4', NULL, '2019-11-20 11:32:12', '2019-11-20 11:32:12'),
(2051, 20, '5dd52456cc2b2', NULL, '2019-11-20 11:32:38', '2019-11-20 11:32:38'),
(2052, 20, '5dd5246ce2ea7', NULL, '2019-11-20 11:33:00', '2019-11-20 11:33:00'),
(2053, 20, '5dd52489ad5e4', NULL, '2019-11-20 11:33:29', '2019-11-20 11:33:29'),
(2054, 20, '5dd5256a06683', NULL, '2019-11-20 11:37:14', '2019-11-20 11:37:14'),
(2055, 20, '5dd525bf01636', NULL, '2019-11-20 11:38:39', '2019-11-20 11:38:39'),
(2056, 20, '5dd526ccb9a85', NULL, '2019-11-20 11:43:08', '2019-11-20 11:43:08'),
(2057, 20, '5dd52864ab655', NULL, '2019-11-20 11:49:56', '2019-11-20 11:49:56'),
(2058, 20, '5dd534a07bb6f', NULL, '2019-11-20 12:42:08', '2019-11-20 12:42:08'),
(2059, 20, '5dd61aa356e1d', NULL, '2019-11-21 05:03:31', '2019-11-21 05:03:31'),
(2060, 20, '5dd64c5d96b80', NULL, '2019-11-21 08:35:41', '2019-11-21 08:35:41'),
(2061, 20, '5dd7f026c4bb9', NULL, '2019-11-22 02:26:46', '2019-11-22 02:26:46'),
(2062, 20, '5dd809933f23b', NULL, '2019-11-22 04:15:15', '2019-11-22 04:15:15'),
(2063, 20, '5dd8c1f87646a', NULL, '2019-11-23 05:22:00', '2019-11-23 05:22:00'),
(2064, 20, '5dd8da46e6ad9', NULL, '2019-11-23 07:05:42', '2019-11-23 07:05:42'),
(2065, 20, '5dd92d2981acc', NULL, '2019-11-23 12:59:21', '2019-11-23 12:59:21'),
(2066, 20, '5dd94138e54a0', NULL, '2019-11-23 02:24:56', '2019-11-23 02:24:56'),
(2067, 20, '5dd9417f0c055', NULL, '2019-11-23 02:26:07', '2019-11-23 02:26:07'),
(2068, 20, '5dd9439ecda9d', NULL, '2019-11-23 02:35:10', '2019-11-23 02:35:10'),
(2069, 20, '5dd943c864085', NULL, '2019-11-23 02:35:52', '2019-11-23 02:35:52'),
(2070, 20, '5dd969a0ecbc1', NULL, '2019-11-23 05:17:20', '2019-11-23 05:17:20'),
(2071, 20, '5dd96adf618f6', NULL, '2019-11-23 05:22:39', '2019-11-23 05:22:39'),
(2072, 20, '5dd96ae067b35', NULL, '2019-11-23 05:22:40', '2019-11-23 05:22:40'),
(2073, 20, '5dd96e90a6b39', NULL, '2019-11-23 05:38:24', '2019-11-23 05:38:24'),
(2074, 20, '5dd96e98b6412', NULL, '2019-11-23 05:38:32', '2019-11-23 05:38:32'),
(2075, 20, '5ddb61a2ebce7', NULL, '2019-11-25 05:07:46', '2019-11-25 05:07:46'),
(2076, 20, '5ddbd40c7dcbc', NULL, '2019-11-25 01:15:56', '2019-11-25 01:15:56'),
(2077, 20, '5ddcb2e830c6d', NULL, '2019-11-26 05:06:48', '2019-11-26 05:06:48'),
(2078, 20, '5ddcd77b7ff2a', NULL, '2019-11-26 07:42:51', '2019-11-26 07:42:51'),
(2079, 20, '5ddd7019a1783', NULL, '2019-11-26 06:34:01', '2019-11-26 06:34:01'),
(2080, 20, '5dde081232e90', NULL, '2019-11-27 05:22:26', '2019-11-27 05:22:26'),
(2081, 20, '5dde25b2a12e7', NULL, '2019-11-27 01:58:50', '2019-11-27 01:58:50'),
(2082, 20, '5dde4a3560d3d', NULL, '2019-11-27 04:34:37', '2019-11-27 04:34:37'),
(2083, 20, '5ddf5531d00a9', NULL, '2019-11-27 23:33:45', '2019-11-27 23:33:45'),
(2084, 20, '5ddf9cf4cc505', NULL, '2019-11-28 04:39:56', '2019-11-28 04:39:56'),
(2085, 20, '5ddfbf6dd1619', NULL, '2019-11-28 12:37:01', '2019-11-28 12:37:01'),
(2086, 20, '5ddfdcb9b22b7', NULL, '2019-11-28 02:42:01', '2019-11-28 02:42:01'),
(2087, 20, '5de0a57c199ae', NULL, '2019-11-29 04:58:36', '2019-11-29 04:58:36'),
(2088, 20, '5de11297eae93', NULL, '2019-11-29 12:44:07', '2019-11-29 12:44:07'),
(2089, 20, '5de1381eed666', NULL, '2019-11-29 03:24:14', '2019-11-29 03:24:14'),
(2090, 20, '5de13bb72319e', NULL, '2019-11-29 03:39:35', '2019-11-29 03:39:35'),
(2091, 52, '5de13c84d52fe', NULL, '2019-11-29 03:43:00', '2019-11-29 03:43:00'),
(2092, 48, '5de13d3f7bb92', NULL, '2019-11-29 03:46:07', '2019-11-29 03:46:07'),
(2093, 50, '5de13d73901b6', NULL, '2019-11-29 03:46:59', '2019-11-29 03:46:59'),
(2094, 55, '5de13d9f8eea6', NULL, '2019-11-29 03:47:43', '2019-11-29 03:47:43'),
(2095, 20, '5de27855b7c9b', NULL, '2019-11-30 02:10:29', '2019-11-30 02:10:29'),
(2096, 20, '5de2933015235', NULL, '2019-11-30 04:05:04', '2019-11-30 04:05:04'),
(2097, 20, '5de4e7eeee147', NULL, '2019-12-02 10:31:10', '2019-12-02 10:31:10'),
(2098, 20, '5de5fe438c96c', NULL, '2019-12-03 06:18:43', '2019-12-03 06:18:43'),
(2099, 20, '5de5fe6332071', NULL, '2019-12-03 06:19:15', '2019-12-03 06:19:15'),
(2100, 20, '5de60d8d8d460', NULL, '2019-12-03 07:23:57', '2019-12-03 07:23:57'),
(2101, 20, '5de61f8744cee', NULL, '2019-12-03 08:40:39', '2019-12-03 08:40:39'),
(2102, 65, '5de62a9a2e7a3', NULL, '2019-12-03 09:27:54', '2019-12-03 09:27:54'),
(2103, 20, '5de62b0e69a44', NULL, '2019-12-03 09:29:50', '2019-12-03 09:29:50'),
(2104, 20, '5de637ffb209d', NULL, '2019-12-03 10:25:03', '2019-12-03 10:25:03'),
(2105, 56, '5de63c7e87be0', NULL, '2019-12-03 10:44:14', '2019-12-03 10:44:14'),
(2106, 20, '5de63f2c52988', NULL, '2019-12-03 10:55:40', '2019-12-03 10:55:40'),
(2107, 20, '5de6999ad61ed', NULL, '2019-12-03 05:21:30', '2019-12-03 05:21:30'),
(2108, 20, '5de77757b0712', NULL, '2019-12-04 09:07:35', '2019-12-04 09:07:35'),
(2109, 20, '5de781502a115', NULL, '2019-12-04 09:50:08', '2019-12-04 09:50:08'),
(2110, 20, '5de7889f992f9', NULL, '2019-12-04 10:21:19', '2019-12-04 10:21:19'),
(2111, 20, '5de790e001266', NULL, '2019-12-04 10:56:32', '2019-12-04 10:56:32'),
(2112, 20, '5de795a203416', NULL, '2019-12-04 11:16:50', '2019-12-04 11:16:50'),
(2113, 20, '5de7a012a8d48', NULL, '2019-12-04 12:01:22', '2019-12-04 12:01:22'),
(2114, 20, '5de7f6ca23b1e', NULL, '2019-12-04 06:11:22', '2019-12-04 06:11:22'),
(2115, 20, '5de88feb79c2b', NULL, '2019-12-05 05:04:43', '2019-12-05 05:04:43'),
(2116, 20, '5de8c50f265b4', NULL, '2019-12-05 08:51:27', '2019-12-05 08:51:27'),
(2117, 20, '5de8cf2a86a89', NULL, '2019-12-05 09:34:34', '2019-12-05 09:34:34'),
(2118, 20, '5de8d0427a6be', NULL, '2019-12-05 09:39:14', '2019-12-05 09:39:14'),
(2119, 20, '5de8d4af25b1a', NULL, '2019-12-05 09:58:07', '2019-12-05 09:58:07'),
(2120, 20, '5de8d897503fd', NULL, '2019-12-05 10:14:47', '2019-12-05 10:14:47'),
(2121, 20, '5de8d8ba32e1e', NULL, '2019-12-05 10:15:22', '2019-12-05 10:15:22'),
(2122, 20, '5de8d9196e9f0', NULL, '2019-12-05 10:16:57', '2019-12-05 10:16:57'),
(2123, 20, '5de8e5c6e2ab2', NULL, '2019-12-05 11:11:02', '2019-12-05 11:11:02');

-- --------------------------------------------------------

--
-- Table structure for table `machine_equipments`
--

CREATE TABLE `machine_equipments` (
  `id` int(10) UNSIGNED NOT NULL,
  `deleted_at` timestamp NULL DEFAULT NULL,
  `created_at` timestamp NULL DEFAULT NULL,
  `updated_at` timestamp NULL DEFAULT NULL,
  `test_machine_eqpmnt` varchar(256) COLLATE utf8_unicode_ci NOT NULL DEFAULT '20'
) ENGINE=InnoDB DEFAULT CHARSET=utf8 COLLATE=utf8_unicode_ci;

-- --------------------------------------------------------

--
-- Table structure for table `managementreports`
--

CREATE TABLE `managementreports` (
  `id` int(10) UNSIGNED NOT NULL,
  `deleted_at` timestamp NULL DEFAULT NULL,
  `created_at` timestamp NULL DEFAULT NULL,
  `updated_at` timestamp NULL DEFAULT NULL,
  `management_report` varchar(50) COLLATE utf8_unicode_ci NOT NULL
) ENGINE=InnoDB DEFAULT CHARSET=utf8 COLLATE=utf8_unicode_ci;

-- --------------------------------------------------------

--
-- Table structure for table `media_photographies`
--

CREATE TABLE `media_photographies` (
  `id` int(10) UNSIGNED NOT NULL,
  `deleted_at` timestamp NULL DEFAULT NULL,
  `created_at` timestamp NULL DEFAULT NULL,
  `updated_at` timestamp NULL DEFAULT NULL,
  `test_media` varchar(256) COLLATE utf8_unicode_ci NOT NULL DEFAULT '20'
) ENGINE=InnoDB DEFAULT CHARSET=utf8 COLLATE=utf8_unicode_ci;

-- --------------------------------------------------------

--
-- Table structure for table `migrations`
--

CREATE TABLE `migrations` (
  `migration` varchar(255) COLLATE utf8_unicode_ci NOT NULL,
  `batch` int(11) NOT NULL
) ENGINE=InnoDB DEFAULT CHARSET=utf8 COLLATE=utf8_unicode_ci;

--
-- Dumping data for table `migrations`
--

INSERT INTO `migrations` (`migration`, `batch`) VALUES
('2014_05_26_050000_create_modules_table', 1),
('2014_05_26_055000_create_module_field_types_table', 1),
('2014_05_26_060000_create_module_fields_table', 1),
('2014_10_12_000000_create_users_table', 1),
('2014_10_12_100000_create_password_resets_table', 1),
('2014_12_01_000000_create_uploads_table', 1),
('2016_04_21_104516_create_company_profiles_table', 1),
('2016_04_22_105427_create_units_table', 1),
('2016_04_22_110547_create_department_masters_table', 1),
('2016_04_22_111156_create_sections_table', 1),
('2016_05_22_064006_create_departments_table', 1),
('2016_05_25_064446_create_roles_table', 1),
('2016_05_26_064007_create_employees_table', 1),
('2016_07_05_115343_create_role_user_table', 1),
('2016_07_06_140637_create_organizations_table', 1),
('2016_07_07_134058_create_backups_table', 1),
('2016_07_07_134058_create_menus_table', 1),
('2016_09_10_163337_create_permissions_table', 1),
('2016_09_10_163520_create_permission_role_table', 1),
('2016_09_22_105958_role_module_fields_table', 1),
('2016_09_22_110008_role_module_table', 1),
('2016_10_06_115413_create_la_configs_table', 1),
('2018_11_22_060051_create_tests_table', 1),
('2018_11_23_070056_create_categories_table', 1),
('2018_11_23_070313_create_statuses_table', 1),
('2018_11_23_070428_create_priorities_table', 1),
('2018_11_23_070801_create_business_initiatives_table', 1),
('2018_11_23_071432_create_events_table', 1),
('2018_11_23_092356_create_projects_table', 1),
('2018_11_23_101401_create_tasks_table', 1),
('2018_11_24_111501_create_functions_table', 1),
('2018_11_24_112737_create_function_modules_table', 1),
('2018_11_24_114144_create_business_plans_table', 1),
('2018_11_24_121524_create_add_kpis_table', 1),
('2018_11_24_133706_create_strategic_objectives_table', 1),
('2018_11_27_110826_create_login_access_tokens_table', 1),
('2018_12_05_093358_create_employers_table', 1);

-- --------------------------------------------------------

--
-- Table structure for table `modules`
--

CREATE TABLE `modules` (
  `id` int(10) UNSIGNED NOT NULL,
  `name` varchar(50) COLLATE utf8_unicode_ci NOT NULL,
  `label` varchar(100) COLLATE utf8_unicode_ci NOT NULL,
  `name_db` varchar(50) COLLATE utf8_unicode_ci NOT NULL,
  `view_col` varchar(50) COLLATE utf8_unicode_ci NOT NULL,
  `model` varchar(50) COLLATE utf8_unicode_ci NOT NULL,
  `controller` varchar(100) COLLATE utf8_unicode_ci NOT NULL,
  `fa_icon` varchar(30) COLLATE utf8_unicode_ci NOT NULL DEFAULT 'fa-cube',
  `is_gen` tinyint(1) NOT NULL,
  `created_at` timestamp NULL DEFAULT NULL,
  `updated_at` timestamp NULL DEFAULT NULL,
  `display_name` varchar(50) COLLATE utf8_unicode_ci DEFAULT NULL
) ENGINE=InnoDB DEFAULT CHARSET=utf8 COLLATE=utf8_unicode_ci;

--
-- Dumping data for table `modules`
--

INSERT INTO `modules` (`id`, `name`, `label`, `name_db`, `view_col`, `model`, `controller`, `fa_icon`, `is_gen`, `created_at`, `updated_at`, `display_name`) VALUES
(1, 'Users', 'Users', 'users', 'name', 'User', 'UsersController', 'fa-group', 1, '2018-12-05 04:22:23', '2018-12-05 04:23:56', 'Users'),
(2, 'Uploads', 'Uploads', 'uploads', 'name', 'Upload', 'UploadsController', 'fa-files-o', 1, '2018-12-05 04:22:25', '2018-12-05 04:23:56', 'Uploads'),
(3, 'Company_profiles', 'Company_profiles', 'company_profiles', 'company_name', 'Company_profile', 'Company_profilesController', 'fa-bar-chart', 1, '2018-12-05 04:22:26', '2018-12-05 04:23:56', 'Company Profiles'),
(4, 'Units', 'Units', 'units', 'unit_name', 'Unit', 'UnitsController', 'fa-cube', 1, '2018-12-05 04:22:27', '2018-12-05 04:23:56', 'Units'),
(5, 'Department_masters', 'Department_masters', 'department_masters', 'dept_name', 'Department_master', 'Department_mastersController', 'fa-bank', 1, '2018-12-05 04:22:28', '2018-12-05 04:23:56', 'Department_masters'),
(6, 'Sections', 'Sections', 'sections', 'section_name', 'Section', 'SectionsController', 'fa-user-secret', 1, '2018-12-05 04:22:29', '2018-12-05 04:23:56', 'Sections'),
(7, 'Departments', 'Departments', 'departments', 'name', 'Department', 'DepartmentsController', 'fa-tags', 1, '2018-12-05 04:22:30', '2018-12-05 04:23:56', 'Departments'),
(8, 'Roles', 'Roles', 'roles', 'name', 'Role', 'RolesController', 'fa-user-plus', 1, '2018-12-05 04:22:30', '2018-12-05 04:23:57', 'Roles'),
(9, 'Employees', 'Employees', 'employees', 'name', 'Employee', 'EmployeesController', 'fa-group', 1, '2018-12-05 04:22:33', '2018-12-05 04:23:57', 'Employees'),
(10, 'Organizations', 'Organizations', 'organizations', 'name', 'Organization', 'OrganizationsController', 'fa-university', 1, '2018-12-05 04:22:39', '2018-12-05 04:23:57', 'Organizations'),
(11, 'Backups', 'Backups', 'backups', 'name', 'Backup', 'BackupsController', 'fa-hdd-o', 1, '2018-12-05 04:22:41', '2018-12-05 04:23:57', 'Backups'),
(12, 'Permissions', 'Permissions', 'permissions', 'name', 'Permission', 'PermissionsController', 'fa-magic', 1, '2018-12-05 04:22:42', '2018-12-05 04:23:57', 'Permissions'),
(13, 'Tests', 'Tests', 'tests', 'test_name', 'Test', 'TestsController', 'fa-cube', 1, '2018-12-05 04:22:51', '2018-12-05 04:23:57', 'Tests'),
(14, 'Categories', 'Categories', 'categories', 'category_name', 'Category', 'CategoriesController', 'fa-cube', 1, '2018-12-05 04:22:52', '2018-12-05 04:23:57', 'Categories'),
(15, 'Statuses', 'Statuses', 'statuses', 'status_name', 'Status', 'StatusesController', 'fa-cube', 1, '2018-12-05 04:22:53', '2018-12-05 04:23:57', 'Statuses'),
(17, 'Business_initiatives', 'Business_initiatives', 'business_initiatives', 'business_initiative', 'Business_initiative', 'Business_initiativesController', 'fa-line-chart', 1, '2018-12-05 04:22:55', '2018-12-05 04:23:57', 'Business'),
(18, 'Events', 'Events', 'events', 'event_name', 'Event', 'EventsController', 'fa-futbol-o', 1, '2018-12-05 04:22:55', '2018-12-05 04:23:57', 'Events'),
(19, 'Projects', 'Projects', 'projects', 'project_name', 'Project', 'ProjectsController', 'fa-cube', 1, '2018-12-05 04:22:57', '2018-12-05 04:23:57', 'Project'),
(20, 'Tasks', 'Tasks', 'tasks', 'task_name', 'Task', 'TasksController', 'fa-cube', 1, '2018-12-05 04:23:08', '2018-12-05 04:23:57', 'Tasks'),
(21, 'Functions', 'Functions', 'functions', 'function_name', 'Function', 'FunctionsController', 'fa-cube', 1, '2018-12-05 04:23:15', '2018-12-05 04:23:58', 'Functions'),
(22, 'Function_modules', 'Function_modules', 'function_modules', 'function_name', 'Function_module', 'Function_modulesController', 'fa-cube', 1, '2018-12-05 04:23:16', '2018-12-05 04:23:58', 'Function_modules'),
(24, 'Add_kpis', 'Add_kpis', 'add_kpis', 'kpi_name', 'Add_kpi', 'Add_kpisController', 'fa-cube', 1, '2018-12-05 04:23:20', '2018-12-05 04:23:58', 'Key Performance Iindicator'),
(25, 'Strategic_objectives', 'Strategic_objectives', 'strategic_objectives', 'user_id', 'Strategic_objective', 'Strategic_objectivesController', 'fa-cube', 1, '2018-12-05 04:23:25', '2018-12-24 06:20:50', 'Get Started'),
(26, 'Login_access_tokens', 'Login_access_tokens', 'login_access_tokens', 'user_id', 'Login_access_token', 'Login_access_tokensController', 'fa-cube', 1, '2018-12-05 04:23:28', '2018-12-05 04:23:58', 'Login_access_tokens'),
(27, 'Employers', 'Employers', 'employers', 'name', 'Employer', 'EmployersController', 'fa-cube', 1, '2018-12-05 04:23:29', '2018-12-05 04:23:58', 'Employers'),
(28, 'Function_mods', 'Function_mods', 'function_mods', 'function_name', 'Function_mod', 'Function_modsController', 'fa-cube', 1, '2018-12-12 05:49:45', '2018-12-12 05:54:30', 'Function_mods'),
(29, 'Project_histories', 'Project_histories', 'project_histories', 'project_id', 'Project_history', 'Project_historiesController', 'fa-cube', 1, '2018-12-19 03:12:46', '2018-12-19 03:27:13', 'Project_histories'),
(30, 'Project_files', 'Project_files', 'project_files', 'project_id', 'Project_file', 'Project_filesController', 'fa-cube', 1, '2018-12-19 03:42:32', '2018-12-19 03:47:00', 'Project Files'),
(31, 'Task_assigns', 'Task_assigns', 'task_assigns', 'task_id', 'Task_assign', 'Task_assignsController', 'fa-cube', 1, '2018-12-20 01:12:09', '2018-12-20 01:14:16', 'Task_assigns'),
(32, 'Task_histories', 'Task_histories', 'task_histories', 'task_id', 'Task_history', 'Task_historiesController', 'fa-cube', 1, '2018-12-20 01:17:21', '2018-12-20 01:28:52', 'Task_histories'),
(33, 'Tasks_files', 'Tasks_files', 'tasks_files', 'task_id', 'Tasks_file', 'Tasks_filesController', 'fa-cloud-upload', 1, '2018-12-22 03:05:25', '2018-12-22 03:08:18', 'Tasks Files'),
(34, 'Business_plans', 'Business_plans', 'business_plans', 'message_of_ceo', 'Business_plan', 'Business_plansController', 'fa-cube', 1, '2019-01-16 06:03:23', '2019-01-16 06:05:30', 'Vission/Mission'),
(35, 'Kpi_targets', 'Kpi_targets', 'kpi_targets', 'kip_id', 'Kpi_target', 'Kpi_targetsController', 'fa-cube', 1, '2019-01-18 04:09:31', '2019-01-18 04:30:03', 'Kpi Targets'),
(36, 'Kpi_actuals', 'Kpi_actuals', 'kpi_actuals', 'kpi_id', 'Kpi_actual', 'Kpi_actualsController', 'fa-cube', 1, '2019-01-18 04:31:50', '2019-01-18 08:34:41', 'Kpi Actuals'),
(37, 'Initiatives', 'Initiatives', 'initiatives', 's_o_id', 'Initiative', 'InitiativesController', 'fa-cube', 1, '2019-01-23 05:09:09', '2019-01-23 05:38:06', 'Status - Initiative\n'),
(38, 'Action_plans', 'Action_plans', 'action_plans', 'definition', 'Action_plan', 'Action_plansController', 'fa-cube', 1, '2019-01-23 05:40:52', '2019-01-24 02:11:03', 'Status - Action Plan'),
(39, 'Action_plan_schedules', 'Action_plan_schedules', 'action_plan_schedules', 'action_plan_id', 'Action_plan_schedule', 'Action_plan_schedulesController', 'fa-cube', 1, '2019-01-24 01:38:23', '2019-01-24 02:10:03', 'Action Plan Schedules'),
(40, 'Action_plan_assigns', 'Action_plan_assigns', 'action_plan_assigns', 'action_plan_id', 'Action_plan_assign', 'Action_plan_assignsController', 'fa-cube', 1, '2019-01-25 01:21:39', '2019-01-25 01:28:21', 'Action_plan_assigns'),
(41, 'Business_plan_dashes', 'Business_plan_dashes', 'business_plan_dashes', 'permission', 'Business_plan_dash', 'Business_plan_dashesController', 'fa-cube', 1, '2019-03-11 06:26:52', '2019-03-11 06:27:33', 'Dashboard - Current Year'),
(42, 'Initiative_datas', 'Initiative_datas', 'initiative_datas', 'permission', 'Initiative_datum', 'Initiative_datasController', 'fa-cube', 1, '2019-03-11 06:28:23', '2019-03-11 06:28:51', 'Master Action Plans'),
(43, 'Kpi_dashes', 'Kpi_dashes', 'kpi_dashes', 'permission', 'Kpi_dash', 'Kpi_dashesController', 'fa-cube', 1, '2019-03-11 06:30:40', '2019-03-11 06:31:16', 'Dashboard KPI\n'),
(44, 'Kpi_datas', 'Kpi_datas', 'kpi_datas', 'permission', 'Kpi_datum', 'Kpi_datasController', 'fa-cube', 1, '2019-03-11 06:31:53', '2019-03-11 06:32:25', 'KPI Data'),
(45, 'Task_dashes', 'Task_dashes', 'task_dashes', 'permission', 'Task_dash', 'Task_dashesController', 'fa-cube', 1, '2019-03-11 06:33:36', '2019-03-11 06:33:55', 'Dashboard Task'),
(49, 'Business_menuses', 'Business_menuses', 'business_menuses', 'permission', 'Business_menu', 'Business_menusesController', 'fa-cube', 1, '2019-03-11 06:52:17', '2019-03-11 06:55:14', 'Business Plan'),
(50, 'Aaas', 'Aaas', 'aaas', '', 'Aaa', 'AaasController', 'fa-cube', 0, '2019-03-11 06:53:46', '2019-03-11 06:53:46', 'Aaas'),
(51, 'Task_trackers', 'Task_trackers', 'task_trackers', 'permission', 'Task_tracker', 'Task_trackersController', 'fa-cube', 1, '2019-03-11 06:56:07', '2019-03-11 06:56:30', 'Task Tracker'),
(52, 'Kpi_trackers', 'Kpi_trackers', 'kpi_trackers', 'permission', 'Kpi_tracker', 'Kpi_trackersController', 'fa-cube', 1, '2019-03-11 06:57:31', '2019-03-11 06:57:56', 'KPI Tracker'),
(53, 'Str_obj_statuses', 'Str_obj_statuses', 'str_obj_statuses', 'status_name', 'Str_obj_status', 'Str_obj_statusesController', 'fa-cube', 1, '2019-03-15 01:30:48', '2019-03-15 01:34:13', 'Str_obj_statuses'),
(54, 'U_o_ms', 'U_o_ms', 'u_o_ms', 'name', 'U_o_m', 'U_o_msController', 'fa-cube', 1, '2019-03-22 01:17:12', '2019-03-22 01:17:55', 'Unit of Measurement'),
(55, 'Strategic_obj_statuses', 'Strategic_obj_statuses', 'strategic_obj_statuses', 's_o_id', 'Strategic_obj_status', 'Strategic_obj_statusesController', 'fa-cube', 1, '2019-03-23 01:03:49', '2019-03-23 01:08:42', 'Strategic_obj_statuses'),
(56, 'Initiatives_statuses', 'Initiatives_statuses', 'initiatives_statuses', 'initiative_id', 'Initiatives_status', 'Initiatives_statusesController', 'fa-cube', 1, '2019-03-23 01:09:46', '2019-03-23 01:19:12', 'Initiatives_statuses'),
(57, 'Action_plan_statuses', 'Action_plan_statuses', 'action_plan_statuses', 'action_plan_id', 'Action_plan_status', 'Action_plan_statusesController', 'fa-cube', 1, '2019-03-23 01:21:15', '2019-03-23 01:24:29', 'Action_plan_statuses'),
(58, 'Str_obj_edit_comments', 'Str_obj_edit_comments', 'str_obj_edit_comments', 'user_id', 'Str_obj_edit_comment', 'Str_obj_edit_commentsController', 'fa-cube', 1, '2019-04-30 23:57:57', '2019-04-30 23:59:33', 'Str_obj_edit_comments'),
(59, 'Initiat_edit_comments', 'Initiat_edit_comments', 'initiat_edit_comments', 'user_id', 'Initiat_edit_comment', 'Initiat_edit_commentsController', 'fa-cube', 1, '2019-05-01 00:01:06', '2019-05-01 00:02:05', 'Initiat_edit_comments'),
(60, 'Actionp_edit_comments', 'Actionp_edit_comments', 'actionp_edit_comments', 'user_id', 'Actionp_edit_comment', 'Actionp_edit_commentsController', 'fa-cube', 1, '2019-05-01 00:03:24', '2019-05-01 00:04:19', 'Actionp_edit_comments'),
(61, 'Str_object_gards', 'Str_object_gards', 'str_object_gards', 'name', 'Str_object_gard', 'Str_object_gardsController', 'fa-cube', 1, '2019-05-07 01:31:05', '2019-05-07 01:31:38', 'Strategy Map'),
(62, 'Faqs', 'Faqs', 'faqs', 'question', 'Faq', 'FaqsController', 'fa-cube', 1, '2019-05-20 00:38:35', '2019-05-20 00:41:01', 'Faqs'),
(63, 'Lead_kpis', 'Lead_kpis', 'lead_kpis', 'menu', 'Lead_kpi', 'Lead_kpisController', 'fa-cube', 1, '2019-05-23 03:58:20', '2019-05-23 03:59:36', 'Lead KPI Status'),
(64, 'Business_priorities', 'Business_priorities', 'business_priorities', 'menu', 'Business_priority', 'Business_prioritiesController', 'fa-cube', 1, '2019-05-23 04:00:45', '2019-05-23 04:01:09', 'Priorities\n'),
(65, 'Swot_analyses', 'Swot_analyses', 'swot_analyses', 'menu', 'Swot_analysi', 'Swot_analysesController', 'fa-cube', 1, '2019-05-23 04:45:05', '2019-05-23 04:45:49', 'SWOT'),
(66, 'Business_objectives', 'Business_objectives', 'business_objectives', 'business_objective', 'Business_objective', 'Business_objectivesController', 'fa-cube', 1, '2019-05-23 04:51:30', '2019-05-23 04:53:04', 'Emerging Trend'),
(67, 'Strengths', 'Strengths', 'strengths', 'strength', 'Strength', 'StrengthsController', 'fa-cube', 1, '2019-05-23 04:56:10', '2019-05-23 04:57:24', 'Strengths'),
(68, 'Weaknesses', 'Weaknesses', 'weaknesses', 'weaknesses', 'Weakness', 'WeaknessesController', 'fa-cube', 1, '2019-05-23 05:02:22', '2019-05-23 05:03:18', 'Weaknesses'),
(69, 'Opportunities', 'Opportunities', 'opportunities', 'opportunities', 'Opportunity', 'OpportunitiesController', 'fa-cube', 1, '2019-05-23 05:05:34', '2019-05-23 05:06:19', 'Opportunities'),
(70, 'Threats', 'Threats', 'threats', 'threats', 'Threat', 'ThreatsController', 'fa-cube', 1, '2019-05-23 05:08:44', '2019-05-23 05:09:31', 'Threats'),
(71, 'Reflection_past_years', 'Reflection_past_years', 'reflection_past_years', 'menu', 'Reflection_past_year', 'Reflection_past_yearsController', 'fa-cube', 1, '2019-05-24 00:03:15', '2019-05-24 00:03:48', 'Reflection Past Years'),
(72, 'Company_performances', 'Company_performances', 'company_performances', 'menu', 'Company_performance', 'Company_performancesController', 'fa-cube', 1, '2019-05-24 00:11:02', '2019-05-24 00:12:22', 'Company Performances'),
(73, 'Set_business_plans', 'Set_business_plans', 'set_business_plans', 'menu', 'Set_business_plan', 'Set_business_plansController', 'fa-cube', 1, '2019-05-25 02:11:55', '2019-05-25 02:12:24', 'Set New Business Plans'),
(74, 'Performance_reports', 'Performance_reports', 'performance_reports', 'menu', 'Performance_report', 'Performance_reportsController', 'fa-cube', 1, '2019-05-25 02:17:55', '2019-05-25 02:18:49', 'Performance Report'),
(75, 'Hoshin_kanris', 'Hoshin_kanris', 'hoshin_kanris', 'action_plan_id', 'Hoshin_kanri', 'Hoshin_kanrisController', 'fa-cube', 1, '2019-06-04 01:09:15', '2019-06-04 03:04:03', 'Status - Hoshin Kanri'),
(79, 'Hk_dept_heads', 'Hk_dept_heads', 'hk_dept_heads', 'hoshin_kanri_id', 'Hk_dept_head', 'Hk_dept_headsController', 'fa-cube', 1, '2019-06-05 01:34:36', '2019-06-05 01:35:44', 'Hk_dept_heads'),
(80, 'Hk_section_heads', 'Hk_section_heads', 'hk_section_heads', 'hoshin_kanri_id', 'Hk_section_head', 'Hk_section_headsController', 'fa-cube', 1, '2019-06-05 01:44:22', '2019-06-05 01:48:16', 'Hk_section_heads'),
(81, 'Hk_supervisor_heads', 'Hk_supervisor_heads', 'hk_supervisor_heads', 'hoshin_kanri_id', 'Hk_supervisor_head', 'Hk_supervisor_headsController', 'fa-cube', 1, '2019-06-05 01:50:22', '2019-06-05 01:52:54', 'Hk_supervisor_heads'),
(82, 'Settings', 'Settings', 'settings', 'business_start_month', 'Setting', 'SettingsController', 'fa-cube', 1, '2019-06-22 01:17:33', '2019-06-22 01:20:35', 'Settings'),
(83, 'Kpi_performance_dashes', 'Kpi_performance_dashes', 'kpi_performance_dashes', 'name', 'Kpi_performance_dash', 'Kpi_performance_dashesController', 'fa-cube', 1, '2019-07-12 00:37:08', '2019-07-12 00:40:55', 'Kpi_performance_dashes'),
(84, 'Status_strategic_objs', 'Status_strategic_objs', 'status_strategic_objs', 'name', 'Status_strategic_obj', 'Status_strategic_objsController', 'fa-cube', 1, '2019-07-20 05:51:13', '2019-07-20 05:53:58', 'Status Strategic Objectives'),
(88, 'Photos', 'Photos', 'photos', 'image', 'Photo', 'PhotosController', 'fa-cube', 1, '2019-08-14 01:32:02', '2019-08-14 01:33:08', 'Photos'),
(89, 'QuartUpdatManufacturs', 'QuartUpdatManufacturs', 'quartupdatmanufacturs', 'highlight', 'QuartUpdatManufactur', 'QuartUpdatManufactursController', 'fa-cube', 1, '2019-08-14 01:48:15', '2019-08-14 02:21:41', 'Quarterly Report'),
(90, 'Management Reports', 'ManagementReports', 'managementreports', 'management_report', 'ManagementReport', 'ManagementReportsController', 'fa-cube', 1, '2019-09-07 07:55:11', '2019-09-07 07:58:43', 'Management Reports'),
(91, 'Priorities', 'Priorities', 'priorities', 'name', 'Prioritie', 'PrioritiesController', 'fa-cube', 1, '2019-09-20 02:17:04', '2019-09-20 02:18:10', 'Priority'),
(93, 'Dashboard_projects', 'Dashboard_projects', 'dashboard_projects', 'test', 'Dashboard_project', 'Dashboard_projectsController', 'fa-cube', 1, '2019-10-15 12:52:00', '2019-10-15 07:50:19', 'Dashboard Projects'),
(94, 'Administrations', 'Administrations', 'administrations', 'test', 'Administration', 'AdministrationsController', 'fa-cube', 1, '2019-10-15 08:58:40', '2019-10-15 09:03:32', 'Administrations'),
(95, 'Project_Trackers', 'Project_Trackers', 'project_trackers', 'permission', 'Project_Tracker', 'Project_TrackersController', 'fa-cube', 1, '2019-11-02 04:33:08', '2019-11-02 04:34:42', NULL),
(96, 'Governances', 'Governances', 'governances', 'test', 'Governance', 'GovernancesController', 'fa-cube', 1, '2019-11-07 03:48:36', '2019-11-07 03:49:07', 'Governance'),
(97, 'Presentations', 'Presentations', 'presentations', 'test', 'Presentation', 'PresentationsController', 'fa-cube', 1, '2019-11-07 03:51:19', '2019-11-07 03:51:39', NULL),
(98, 'Facility_details', 'Facility_details', 'facility_details', 'facility_test', 'Facility_detail', 'Facility_detailsController', 'fa-cube', 1, '2019-11-07 05:19:46', '2019-11-07 05:20:22', NULL),
(99, 'Photographs', 'Photographs', 'photographs', 'test_photograph', 'Photograph', 'PhotographsController', 'fa-cube', 1, '2019-11-07 05:22:03', '2019-11-07 05:22:36', NULL),
(101, 'Procedure_temps', 'Procedure_temps', 'procedure_temps', 'test_procedure', 'Procedure_temp', 'Procedure_tempsController', 'fa-cube', 1, '2019-11-07 05:26:58', '2019-11-07 05:27:21', NULL),
(102, 'Products_services', 'Products_services', 'products_services', 'test_products', 'Products_service', 'Products_servicesController', 'fa-cube', 1, '2019-11-07 05:28:18', '2019-11-07 05:28:54', NULL),
(104, 'Business_vitals', 'Business_vitals', 'business_vitals', 'business_vital_test', 'Business_vital', 'Business_vitalsController', 'fa-cube', 0, '2019-11-08 02:09:48', '2019-11-08 02:10:16', NULL),
(105, 'Locations', 'Locations', 'locations', 'test_location', 'Location', 'LocationsController', 'fa-cube', 0, '2019-11-08 03:37:55', '2019-11-08 03:38:17', NULL),
(106, 'Layouts', 'Layouts', 'layouts', 'test_layout', 'Layout', 'LayoutsController', 'fa-cube', 0, '2019-11-08 03:47:09', '2019-11-08 03:47:53', NULL),
(107, 'Machine_equipments', 'Machine_equipments', 'machine_equipments', 'test_machine_eqpmnt', 'Machine_equipment', 'Machine_equipmentsController', 'fa-cube', 0, '2019-11-08 03:51:09', '2019-11-08 03:51:57', NULL),
(108, 'Infrastructures', 'Infrastructures', 'infrastructures', 'test_infrastructure', 'Infrastructure', 'InfrastructuresController', 'fa-cube', 0, '2019-11-08 04:02:52', '2019-11-08 04:03:12', NULL),
(109, 'Media_photographies', 'Media_photographies', 'media_photographies', 'test_media', 'Media_photography', 'Media_photographiesController', 'fa-cube', 0, '2019-11-08 04:12:33', '2019-11-08 04:13:03', NULL),
(111, 'Events_photographies', 'Events_photographies', 'events_photographies', 'test_events_photo', 'Events_photography', 'Events_photographiesController', 'fa-cube', 0, '2019-11-08 04:17:41', '2019-11-08 04:18:16', NULL),
(112, 'Celebrations', 'Celebrations', 'celebrations', 'test_celebration', 'Celebration', 'CelebrationsController', 'fa-cube', 0, '2019-11-08 04:18:52', '2019-11-08 04:19:17', NULL),
(113, 'Procedure_hrs', 'Procedure_hrs', 'procedure_hrs', 'test_procedure_hr', 'Procedure_hr', 'Procedure_hrsController', 'fa-cube', 0, '2019-11-08 04:30:17', '2019-11-08 04:31:27', NULL),
(114, 'Procedure_operations', 'Procedure_operations', 'procedure_operations', 'test_operations', 'Procedure_operation', 'Procedure_operationsController', 'fa-cube', 0, '2019-11-08 04:32:41', '2019-11-08 04:33:00', NULL),
(115, 'Procedure_rds', 'Procedure_rds', 'procedure_rds', 'test_procedure', 'Procedure_rd', 'Procedure_rdsController', 'fa-cube', 0, '2019-11-08 04:34:02', '2019-11-08 04:34:33', NULL),
(116, 'Software_developments', 'Software_developments', 'software_developments', 'test_software', 'Software_development', 'Software_developmentsController', 'fa-cube', 0, '2019-11-08 04:57:44', '2019-11-08 04:58:10', NULL),
(117, 'Product_developments', 'Product_developments', 'product_developments', 'test_product', 'Product_development', 'Product_developmentsController', 'fa-cube', 0, '2019-11-08 04:59:26', '2019-11-08 04:59:52', NULL),
(118, 'Big_data_services', 'Big_data_services', 'big_data_services', 'test_big_data', 'Big_data_service', 'Big_data_servicesController', 'fa-cube', 0, '2019-11-08 05:00:45', '2019-11-08 05:01:24', NULL),
(119, 'Helps', 'Helps', 'helps', 'test_help', 'Help', 'HelpsController', 'fa-cube', 0, '2019-11-11 06:47:53', '2019-11-11 06:48:23', NULL),
(120, 'Demos', 'Demos', 'demos', 'test_demo', 'Demo', 'DemosController', 'fa-cube', 0, '2019-11-11 06:49:07', '2019-11-11 06:49:31', NULL),
(121, 'Prima_processes', 'Prima_processes', 'prima_processes', 'tets_prima', 'Prima_process', 'Prima_processesController', 'fa-cube', 0, '2019-11-11 06:50:33', '2019-11-11 06:51:04', NULL),
(122, 'Prima_pluse_navs', 'Prima_pluse_navs', 'prima_pluse_navs', 'test_prima', 'Prima_pluse_nav', 'Prima_pluse_navsController', 'fa-cube', 0, '2019-11-11 07:03:55', '2019-11-11 07:04:52', NULL),
(123, 'Company_settings', 'Company_settings', 'company_settings', 'review_date', 'Company_setting', 'Company_settingsController', 'fa-cube', 0, '2019-11-27 02:00:54', '2019-11-27 02:04:48', NULL);

-- --------------------------------------------------------

--
-- Table structure for table `module_fields`
--

CREATE TABLE `module_fields` (
  `id` int(10) UNSIGNED NOT NULL,
  `colname` varchar(30) COLLATE utf8_unicode_ci NOT NULL,
  `label` varchar(100) COLLATE utf8_unicode_ci NOT NULL,
  `module` int(10) UNSIGNED NOT NULL,
  `field_type` int(10) UNSIGNED NOT NULL,
  `unique` tinyint(1) NOT NULL DEFAULT '0',
  `defaultvalue` varchar(255) COLLATE utf8_unicode_ci NOT NULL,
  `minlength` int(10) UNSIGNED NOT NULL DEFAULT '0',
  `maxlength` int(10) UNSIGNED NOT NULL DEFAULT '0',
  `required` tinyint(1) NOT NULL DEFAULT '0',
  `popup_vals` text COLLATE utf8_unicode_ci NOT NULL,
  `sort` int(10) UNSIGNED NOT NULL DEFAULT '0',
  `created_at` timestamp NULL DEFAULT NULL,
  `updated_at` timestamp NULL DEFAULT NULL
) ENGINE=InnoDB DEFAULT CHARSET=utf8 COLLATE=utf8_unicode_ci;

--
-- Dumping data for table `module_fields`
--

INSERT INTO `module_fields` (`id`, `colname`, `label`, `module`, `field_type`, `unique`, `defaultvalue`, `minlength`, `maxlength`, `required`, `popup_vals`, `sort`, `created_at`, `updated_at`) VALUES
(1, 'name', 'Name', 1, 16, 0, '', 5, 250, 1, '', 0, '2018-12-05 04:22:23', '2018-12-05 04:22:23'),
(2, 'context_id', 'Context', 1, 13, 0, '0', 0, 0, 0, '', 0, '2018-12-05 04:22:23', '2018-12-05 04:22:23'),
(3, 'email', 'Email', 1, 8, 1, '', 0, 250, 0, '', 0, '2018-12-05 04:22:23', '2018-12-05 04:22:23'),
(4, 'password', 'Password', 1, 17, 0, '', 6, 250, 1, '', 0, '2018-12-05 04:22:23', '2018-12-05 04:22:23'),
(5, 'type', 'User Type', 1, 7, 0, 'Employee', 0, 0, 0, '["Employee","Client"]', 0, '2018-12-05 04:22:23', '2018-12-05 04:22:23'),
(6, 'name', 'Name', 2, 16, 0, '', 5, 250, 1, '', 0, '2018-12-05 04:22:25', '2018-12-05 04:22:25'),
(7, 'path', 'Path', 2, 19, 0, '', 0, 250, 0, '', 0, '2018-12-05 04:22:25', '2018-12-05 04:22:25'),
(8, 'extension', 'Extension', 2, 19, 0, '', 0, 20, 0, '', 0, '2018-12-05 04:22:25', '2018-12-05 04:22:25'),
(9, 'caption', 'Caption', 2, 19, 0, '', 0, 250, 0, '', 0, '2018-12-05 04:22:25', '2018-12-05 04:22:25'),
(10, 'user_id', 'Owner', 2, 7, 0, '1', 0, 0, 0, '@users', 0, '2018-12-05 04:22:25', '2018-12-05 04:22:25'),
(11, 'hash', 'Hash', 2, 19, 0, '', 0, 250, 0, '', 0, '2018-12-05 04:22:25', '2018-12-05 04:22:25'),
(12, 'public', 'Is Public', 2, 2, 0, '0', 0, 0, 0, '', 0, '2018-12-05 04:22:25', '2018-12-05 04:22:25'),
(13, 'company_name', 'Company Name', 3, 22, 0, '', 0, 256, 0, '', 0, '2018-12-05 04:22:26', '2018-12-05 04:22:26'),
(14, 'phone_no', 'Phone No', 3, 22, 0, '', 0, 13, 0, '', 0, '2018-12-05 04:22:26', '2018-12-05 04:22:26'),
(15, 'address', 'Address', 3, 21, 0, '', 0, 0, 0, '', 0, '2018-12-05 04:22:26', '2018-12-05 04:22:26'),
(16, 'logo', 'Logo', 3, 12, 0, '', 0, 0, 0, '', 0, '2018-12-05 04:22:26', '2018-12-05 04:22:26'),
(17, 'enable', 'Enable', 3, 7, 0, 'yes', 0, 0, 0, '["yes","no"]', 0, '2018-12-05 04:22:26', '2018-12-05 04:22:26'),
(18, 'unit_name', 'Unit Name', 4, 22, 0, '', 0, 256, 0, '', 0, '2018-12-05 04:22:27', '2018-12-05 04:22:27'),
(19, 'unit_address', 'Unit Address', 4, 21, 0, '', 0, 0, 0, '', 0, '2018-12-05 04:22:27', '2018-12-05 04:22:27'),
(20, 'company_id', 'Company Name', 4, 7, 0, '', 0, 0, 0, '@company_profiles', 0, '2018-12-05 04:22:27', '2018-12-05 04:22:27'),
(21, 'enable', 'Enable', 4, 7, 0, 'yes', 0, 0, 0, '["yes","no"]', 0, '2018-12-05 04:22:27', '2018-12-05 04:22:27'),
(22, 'dept_name', 'Department Name', 5, 22, 0, '', 0, 256, 0, '', 0, '2018-12-05 04:22:28', '2018-12-05 04:22:28'),
(23, 'user_id', 'User_id', 5, 22, 0, '', 0, 20, 0, '', 0, '2018-12-05 04:22:28', '2019-09-24 10:40:19'),
(24, 'email', 'Email', 5, 8, 0, '', 0, 25, 0, '', 0, '2018-12-05 04:22:28', '2019-09-24 09:47:24'),
(25, 'unit_id', 'Unit Name', 5, 7, 0, '', 0, 0, 0, '@units', 0, '2018-12-05 04:22:28', '2018-12-05 04:22:28'),
(26, 'enable', 'Enable', 5, 7, 0, 'yes', 0, 0, 0, '["yes","no"]', 0, '2018-12-05 04:22:28', '2018-12-05 04:22:28'),
(27, 'section_name', 'Section Name', 6, 22, 0, '', 0, 256, 0, '', 0, '2018-12-05 04:22:29', '2018-12-05 04:22:29'),
(28, 'dept_id', 'Dept Name', 6, 7, 0, '', 0, 0, 0, '@department_masters', 0, '2018-12-05 04:22:29', '2018-12-05 04:22:29'),
(29, 'enable', 'Enable', 6, 7, 0, 'yes', 0, 0, 0, '["yes","no"]', 0, '2018-12-05 04:22:29', '2018-12-05 04:22:29'),
(30, 'name', 'Name', 7, 16, 1, '', 1, 250, 1, '', 0, '2018-12-05 04:22:30', '2018-12-05 04:22:30'),
(31, 'tags', 'Tags', 7, 20, 0, '[]', 0, 0, 0, '', 0, '2018-12-05 04:22:30', '2018-12-05 04:22:30'),
(32, 'color', 'Color', 7, 19, 0, '', 0, 50, 1, '', 0, '2018-12-05 04:22:30', '2018-12-05 04:22:30'),
(33, 'name', 'Name', 8, 16, 1, '', 1, 250, 1, '', 0, '2018-12-05 04:22:30', '2018-12-05 04:22:30'),
(34, 'display_name', 'Display Name', 8, 19, 0, '', 0, 250, 1, '', 0, '2018-12-05 04:22:31', '2018-12-05 04:22:31'),
(35, 'description', 'Description', 8, 21, 0, '', 0, 1000, 0, '', 0, '2018-12-05 04:22:31', '2018-12-05 04:22:31'),
(36, 'parent', 'Parent Role', 8, 7, 0, '1', 0, 0, 0, '@roles', 0, '2018-12-05 04:22:31', '2018-12-05 04:22:31'),
(37, 'dept', 'Department', 8, 7, 0, '1', 0, 0, 0, '@departments', 0, '2018-12-05 04:22:31', '2018-12-05 04:22:31'),
(38, 'name', 'Name', 9, 16, 0, '', 5, 250, 1, '', 0, '2018-12-05 04:22:33', '2018-12-05 04:22:33'),
(39, 'designation', 'Designation', 9, 19, 0, '', 0, 50, 1, '', 0, '2018-12-05 04:22:33', '2018-12-05 04:22:33'),
(40, 'gender', 'Gender', 9, 18, 0, 'Male', 0, 0, 1, '["Male","Female"]', 0, '2018-12-05 04:22:34', '2018-12-05 04:22:34'),
(41, 'mobile', 'Mobile', 9, 14, 0, '', 10, 20, 1, '', 0, '2018-12-05 04:22:34', '2018-12-05 04:22:34'),
(42, 'mobile2', 'Alternative Mobile', 9, 14, 0, '', 10, 20, 0, '', 0, '2018-12-05 04:22:34', '2018-12-05 04:22:34'),
(43, 'email', 'Email', 9, 8, 1, '', 5, 250, 1, '', 0, '2018-12-05 04:22:34', '2018-12-05 04:22:34'),
(44, 'dept', 'Department', 9, 7, 0, '0', 0, 0, 1, '@departments', 0, '2018-12-05 04:22:34', '2018-12-05 04:22:34'),
(45, 'city', 'City', 9, 19, 0, '', 0, 50, 0, '', 0, '2018-12-05 04:22:34', '2018-12-05 04:22:34'),
(46, 'address', 'Address', 9, 1, 0, '', 0, 1000, 0, '', 0, '2018-12-05 04:22:34', '2018-12-05 04:22:34'),
(47, 'about', 'About', 9, 19, 0, '', 0, 0, 0, '', 0, '2018-12-05 04:22:34', '2018-12-05 04:22:34'),
(48, 'date_birth', 'Date of Birth', 9, 4, 0, '1990-01-01', 0, 0, 0, '', 0, '2018-12-05 04:22:34', '2018-12-05 04:22:34'),
(49, 'date_hire', 'Hiring Date', 9, 4, 0, 'date(\'Y-m-d\')', 0, 0, 0, '', 0, '2018-12-05 04:22:34', '2018-12-05 04:22:34'),
(50, 'date_left', 'Resignation Date', 9, 4, 0, '1990-01-01', 0, 0, 0, '', 0, '2018-12-05 04:22:34', '2018-12-05 04:22:34'),
(51, 'salary_cur', 'Current Salary', 9, 6, 0, '0.0', 0, 2, 0, '', 0, '2018-12-05 04:22:34', '2018-12-05 04:22:34'),
(52, 'name', 'Name', 10, 16, 1, '', 5, 250, 1, '', 0, '2018-12-05 04:22:39', '2018-12-05 04:22:39'),
(53, 'email', 'Email', 10, 8, 1, '', 0, 250, 0, '', 0, '2018-12-05 04:22:39', '2018-12-05 04:22:39'),
(54, 'phone', 'Phone', 10, 14, 0, '', 0, 20, 0, '', 0, '2018-12-05 04:22:39', '2018-12-05 04:22:39'),
(55, 'website', 'Website', 10, 23, 0, 'http://', 0, 250, 0, '', 0, '2018-12-05 04:22:39', '2018-12-05 04:22:39'),
(56, 'assigned_to', 'Assigned to', 10, 7, 0, '0', 0, 0, 0, '@employees', 0, '2018-12-05 04:22:39', '2018-12-05 04:22:39'),
(57, 'connect_since', 'Connected Since', 10, 4, 0, 'date(\'Y-m-d\')', 0, 0, 0, '', 0, '2018-12-05 04:22:39', '2018-12-05 04:22:39'),
(58, 'address', 'Address', 10, 1, 0, '', 0, 1000, 1, '', 0, '2018-12-05 04:22:40', '2018-12-05 04:22:40'),
(59, 'city', 'City', 10, 19, 0, '', 0, 250, 1, '', 0, '2018-12-05 04:22:40', '2018-12-05 04:22:40'),
(60, 'description', 'Description', 10, 21, 0, '', 0, 1000, 0, '', 0, '2018-12-05 04:22:40', '2018-12-05 04:22:40'),
(61, 'profile_image', 'Profile Image', 10, 12, 0, '', 0, 250, 0, '', 0, '2018-12-05 04:22:40', '2018-12-05 04:22:40'),
(62, 'profile', 'Company Profile', 10, 9, 0, '', 0, 250, 0, '', 0, '2018-12-05 04:22:40', '2018-12-05 04:22:40'),
(63, 'name', 'Name', 11, 16, 1, '', 0, 250, 1, '', 0, '2018-12-05 04:22:41', '2018-12-05 04:22:41'),
(64, 'file_name', 'File Name', 11, 19, 1, '', 0, 250, 1, '', 0, '2018-12-05 04:22:41', '2018-12-05 04:22:41'),
(65, 'backup_size', 'File Size', 11, 19, 0, '0', 0, 10, 1, '', 0, '2018-12-05 04:22:41', '2018-12-05 04:22:41'),
(66, 'name', 'Name', 12, 16, 1, '', 1, 250, 1, '', 0, '2018-12-05 04:22:42', '2018-12-05 04:22:42'),
(67, 'display_name', 'Display Name', 12, 19, 0, '', 0, 250, 1, '', 0, '2018-12-05 04:22:42', '2018-12-05 04:22:42'),
(68, 'description', 'Description', 12, 21, 0, '', 0, 1000, 0, '', 0, '2018-12-05 04:22:43', '2018-12-05 04:22:43'),
(69, 'test_name', 'Test Name', 13, 22, 0, '', 0, 256, 0, '', 0, '2018-12-05 04:22:51', '2018-12-05 04:22:51'),
(70, 'category_name', 'Category Name', 14, 22, 0, '', 0, 256, 1, '', 0, '2018-12-05 04:22:52', '2018-12-05 04:22:52'),
(71, 'status_name', 'Status Name', 15, 22, 0, '', 0, 256, 1, '', 0, '2018-12-05 04:22:53', '2018-12-05 04:22:53'),
(73, 'business_initiative', 'Business Initiative', 17, 22, 0, '', 0, 256, 0, '', 0, '2018-12-05 04:22:55', '2018-12-05 04:22:55'),
(74, 'event_name', 'Event Name', 18, 22, 0, '', 0, 256, 0, '', 0, '2018-12-05 04:22:55', '2018-12-05 04:22:55'),
(75, 'category_id', 'Select Category', 18, 7, 0, '', 0, 0, 0, '@categories', 0, '2018-12-05 04:22:55', '2018-12-05 04:22:55'),
(76, 'project_name', 'Project Name', 19, 22, 0, '', 0, 256, 0, '', 1, '2018-12-05 04:22:57', '2018-12-05 04:22:57'),
(77, 'unit_id', 'Select Unit', 19, 7, 0, '', 0, 0, 0, '@units', 2, '2018-12-05 04:22:57', '2018-12-05 04:22:57'),
(78, 'department_id', 'Select Department', 19, 7, 0, '', 0, 0, 0, '@department_masters', 3, '2018-12-05 04:22:58', '2018-12-05 04:22:58'),
(79, 'event_id', 'Select Event', 19, 7, 0, '', 0, 0, 0, '@events', 5, '2018-12-05 04:22:58', '2018-12-05 04:22:58'),
(80, 'category_id', 'Select Category', 19, 7, 0, '', 0, 0, 0, '@categories', 4, '2018-12-05 04:22:58', '2018-12-05 04:22:58'),
(81, 'start_date', 'Start Date', 19, 4, 0, '', 0, 0, 0, '', 6, '2018-12-05 04:22:58', '2018-12-05 04:22:58'),
(82, 'end_date', 'End Date', 19, 4, 0, '', 0, 0, 0, '', 7, '2018-12-05 04:22:58', '2018-12-05 04:22:58'),
(83, 'user_id', 'Owner', 19, 7, 0, '', 0, 0, 0, '@users', 8, '2018-12-05 04:22:58', '2018-12-15 04:01:48'),
(84, 'status_id', 'Select Status', 19, 7, 0, '', 0, 0, 0, '@statuses', 9, '2018-12-05 04:22:58', '2018-12-05 04:22:58'),
(85, 'business_init_id', 'Business Initiative', 19, 7, 0, '', 0, 0, 0, '@business_initiatives', 10, '2018-12-05 04:22:58', '2018-12-05 04:22:58'),
(86, 'enable', 'Enable', 19, 7, 0, 'yes', 0, 0, 0, '["yes","no"]', 11, '2018-12-05 04:22:58', '2018-12-05 04:22:58'),
(87, 'task_name', 'Task Name', 20, 22, 0, '', 0, 256, 1, '', 1, '2018-12-05 04:23:08', '2018-12-05 04:23:08'),
(88, 'event_id', 'Select Event', 20, 7, 0, '', 0, 0, 0, '@events', 2, '2018-12-05 04:23:08', '2018-12-05 04:23:08'),
(90, 'project_id', 'Select Project', 20, 7, 0, '', 0, 0, 0, '@projects', 4, '2018-12-05 04:23:08', '2018-12-05 04:23:08'),
(91, 'department_master_id', 'Select Department', 20, 7, 0, '', 0, 0, 0, '@department_masters', 6, '2018-12-05 04:23:08', '2018-12-05 04:23:08'),
(92, 'unit_id', 'Select Unit', 20, 7, 0, '', 0, 0, 0, '@units', 5, '2018-12-05 04:23:08', '2018-12-05 04:23:08'),
(93, 'user_id', 'Task Create', 20, 7, 0, '', 0, 0, 0, '@users', 7, '2018-12-05 04:23:08', '2018-12-19 02:40:15'),
(94, 'start_date', 'Start Date', 20, 4, 0, '', 0, 0, 0, '', 8, '2018-12-05 04:23:08', '2018-12-05 04:23:08'),
(95, 'end_date', 'End Date', 20, 4, 0, '', 0, 0, 0, '', 9, '2018-12-05 04:23:08', '2018-12-05 04:23:08'),
(96, 'completion_date', 'Completion Date', 20, 4, 0, '', 0, 0, 0, '', 10, '2018-12-05 04:23:08', '2018-12-05 04:23:08'),
(97, 'status_id', 'Select Status', 20, 7, 0, '', 0, 0, 0, '@statuses', 11, '2018-12-05 04:23:08', '2018-12-05 04:23:08'),
(98, 'enable', 'Enable', 20, 7, 0, 'yes', 0, 0, 0, '["yes","no"]', 12, '2018-12-05 04:23:08', '2018-12-05 04:23:08'),
(99, 'unit_id', 'Select Unit', 21, 7, 0, '', 0, 0, 0, '@units', 0, '2018-12-05 04:23:15', '2018-12-05 04:23:15'),
(100, 'function_name', 'Function Name', 21, 22, 0, '', 0, 256, 1, '', 0, '2018-12-05 04:23:15', '2018-12-05 04:23:15'),
(101, 'unit_id', 'Select Unit', 22, 7, 0, '', 0, 0, 0, '@units', 0, '2018-12-05 04:23:16', '2018-12-05 04:23:16'),
(102, 'function_name', 'Function Name', 22, 22, 0, '', 0, 256, 1, '', 0, '2018-12-05 04:23:16', '2018-12-05 04:23:16'),
(103, 'function_details', 'Function Details', 22, 11, 0, '', 0, 0, 0, '', 0, '2018-12-05 04:23:16', '2018-12-05 04:23:16'),
(104, 'function_owner', 'Function Owner', 22, 7, 0, '', 0, 0, 0, '@employers', 0, '2018-12-05 04:23:17', '2018-12-12 05:06:40'),
(107, 'kpi_name', 'KPI Name', 24, 22, 0, '', 0, 256, 1, '', 0, '2018-12-05 04:23:20', '2018-12-05 04:23:20'),
(108, 'unit_id', 'Select Unit', 24, 7, 0, '', 0, 0, 0, '@units', 0, '2018-12-05 04:23:20', '2018-12-05 04:23:20'),
(109, 'department_id', 'Select Department', 24, 7, 0, '', 0, 0, 0, '@department_masters', 0, '2018-12-05 04:23:20', '2019-01-22 00:32:07'),
(110, 'ideal_trend', 'Ideal Trend', 24, 7, 0, '', 0, 0, 0, '["positive","negative"]', 0, '2018-12-05 04:23:20', '2018-12-05 04:23:20'),
(111, 'kpi_type', 'KPI Type', 24, 22, 0, '', 0, 256, 1, '', 0, '2018-12-05 04:23:20', '2018-12-24 01:54:01'),
(112, 'unit_of_measurement', 'Unit Of Measurement', 24, 13, 0, '', 0, 11, 1, '', 0, '2018-12-05 04:23:20', '2019-06-01 00:00:32'),
(113, 'target_range_min', 'Target Range Min', 24, 13, 0, '', 0, 256, 0, '', 0, '2018-12-05 04:23:21', '2019-06-01 01:05:49'),
(114, 'target_range_max', 'Target Range Max', 24, 22, 0, '', 0, 256, 0, '', 0, '2018-12-05 04:23:21', '2018-12-05 04:23:21'),
(115, 'kpi_definition', 'KPI Definition', 24, 11, 0, '', 0, 0, 0, '', 0, '2018-12-05 04:23:21', '2018-12-05 04:23:21'),
(116, 'user_id', 'KPI Owner', 24, 7, 0, '', 0, 0, 0, '@users', 0, '2018-12-05 04:23:21', '2018-12-15 04:04:09'),
(117, 'description', 'Description', 25, 11, 0, '', 0, 0, 0, '', 9, '2018-12-05 04:23:25', '2018-12-05 04:23:25'),
(118, 'target', 'Target', 25, 22, 0, '', 0, 256, 0, '', 2, '2018-12-05 04:23:25', '2019-03-22 03:50:49'),
(119, 'start_date', 'Start Date', 25, 4, 0, '', 0, 256, 0, '', 3, '2018-12-05 04:23:25', '2019-03-22 03:45:08'),
(120, 'end_date', 'End Date', 25, 4, 0, '', 0, 256, 0, '', 4, '2018-12-05 04:23:25', '2019-03-22 03:46:01'),
(121, 'unit_id', 'Select Unit', 25, 7, 0, '', 0, 0, 0, '@units', 5, '2018-12-05 04:23:25', '2018-12-05 04:23:25'),
(122, 'department_id', 'Select Department', 25, 7, 0, '0', 0, 0, 0, '@department_masters', 6, '2018-12-05 04:23:25', '2019-01-24 02:49:41'),
(123, 'functions_id', 'Functions', 25, 7, 0, '', 0, 0, 0, '@function_mods', 7, '2018-12-05 04:23:25', '2018-12-24 06:11:58'),
(124, 'tracking_frequency', 'Tracking Frequency', 25, 7, 0, '', 0, 0, 0, '["weekly","monthly","quarterly","yearly"]', 8, '2018-12-05 04:23:25', '2018-12-05 04:23:25'),
(125, 'user_id', 'User_Id', 26, 13, 0, '', 0, 11, 1, '', 0, '2018-12-05 04:23:29', '2018-12-05 04:23:29'),
(126, 'access_token', 'Access Token', 26, 22, 1, '', 0, 250, 1, '', 0, '2018-12-05 04:23:29', '2018-12-05 04:23:29'),
(127, 'name', 'Name', 27, 22, 0, '', 0, 50, 0, '', 1, '2018-12-05 04:23:29', '2018-12-05 04:23:29'),
(128, 'designation', 'Designation', 27, 22, 0, '', 0, 50, 0, '', 2, '2018-12-05 04:23:29', '2018-12-05 04:23:29'),
(129, 'gender', 'Gender', 27, 7, 0, '', 0, 0, 0, '["Male","Female"]', 3, '2018-12-05 04:23:29', '2018-12-05 04:23:29'),
(130, 'mobile', 'Mobile', 27, 14, 0, '', 0, 10, 0, '', 4, '2018-12-05 04:23:29', '2018-12-05 04:23:29'),
(131, 'mobile2', 'Mobile2', 27, 14, 0, '', 0, 10, 0, '', 5, '2018-12-05 04:23:29', '2018-12-05 04:23:29'),
(132, 'email', 'Email', 27, 8, 0, '', 0, 100, 1, '', 6, '2018-12-05 04:23:29', '2018-12-05 04:23:29'),
(133, 'city', 'City', 27, 22, 0, '', 0, 50, 0, '', 7, '2018-12-05 04:23:29', '2018-12-05 04:23:29'),
(134, 'address', 'Address', 27, 21, 0, '', 0, 256, 0, '', 8, '2018-12-05 04:23:29', '2018-12-05 04:23:29'),
(135, 'date_birth', 'Date Of Birth', 27, 4, 0, '0', 0, 0, 0, '', 9, '2018-12-05 04:23:29', '2018-12-05 04:23:29'),
(136, 'date_hire', 'Date Of Hire', 27, 4, 0, '0', 0, 0, 0, '', 11, '2018-12-05 04:23:29', '2018-12-05 04:23:29'),
(137, 'dept_master_id', 'Select Department ', 27, 22, 0, '', 0, 100, 0, '', 12, '2018-12-05 04:23:29', '2019-04-03 00:48:06'),
(138, 'unit_id', 'Select Unit', 27, 22, 0, '', 0, 256, 0, '', 10, '2018-12-05 04:23:30', '2019-04-03 00:45:16'),
(139, 'section_id', 'Select Section', 27, 22, 0, '', 0, 256, 0, '', 13, '2018-12-05 04:23:30', '2019-04-03 00:42:56'),
(140, 'role_id', 'Select Role', 27, 7, 0, '', 0, 0, 0, '@roles', 14, '2018-12-05 04:23:30', '2018-12-05 04:23:30'),
(141, 'pan_card_no', 'Pan Card', 27, 22, 0, '', 0, 10, 0, '', 15, '2018-12-05 04:23:30', '2018-12-05 04:23:30'),
(142, 'user_id', 'User Name', 27, 7, 0, '', 0, 256, 0, '@users', 16, '2018-12-05 04:30:15', '2018-12-13 01:01:43'),
(143, 'assign_to', 'Task Assign To ', 20, 15, 0, '', 0, 0, 0, '@users', 13, '2018-12-12 04:54:52', '2018-12-25 04:13:45'),
(144, 'unit_id', 'Select Unit', 28, 7, 0, '', 0, 0, 0, '@units', 0, '2018-12-12 05:50:32', '2018-12-12 05:50:32'),
(145, 'function_name', 'Function Name', 28, 22, 0, '', 0, 256, 0, '', 0, '2018-12-12 05:51:04', '2018-12-12 05:51:04'),
(146, 'function_details', 'Function Details', 28, 21, 0, '', 0, 0, 0, '', 0, '2018-12-12 05:51:55', '2018-12-12 05:51:55'),
(147, 'function_owner', 'Function Owner', 28, 7, 0, '', 0, 0, 0, '@employers', 0, '2018-12-12 05:52:34', '2018-12-12 05:52:34'),
(148, 'reset_password_token', 'reset_password_token', 27, 22, 0, '', 0, 256, 0, '', 0, '2018-12-15 02:07:18', '2018-12-15 02:07:18'),
(149, 'task_owner_id', 'Task Owner', 20, 7, 0, '', 0, 0, 0, '@users', 0, '2018-12-19 02:32:03', '2018-12-19 02:32:42'),
(150, 'project_id', 'Project Name', 29, 7, 0, '', 0, 0, 0, '@projects', 0, '2018-12-19 03:13:34', '2018-12-19 03:13:34'),
(151, 'status_id', 'Status', 29, 7, 0, '', 0, 0, 0, '@statuses', 0, '2018-12-19 03:14:30', '2018-12-19 03:14:30'),
(152, 'logedin_user_id', 'User Name', 29, 7, 0, '', 0, 0, 0, '@users', 0, '2018-12-19 03:25:28', '2018-12-19 03:25:28'),
(153, 'remark', 'Remark', 29, 21, 0, '', 0, 0, 0, '', 0, '2018-12-19 03:27:04', '2018-12-19 03:27:04'),
(155, 'project_id', 'Project Name', 30, 7, 0, '', 0, 0, 0, '@projects', 0, '2018-12-19 03:43:14', '2018-12-19 03:43:14'),
(156, 'logedin_user_id', 'User Name', 30, 7, 0, '', 0, 0, 0, '@users', 0, '2018-12-19 03:43:54', '2018-12-19 03:44:48'),
(157, 'upload_id', 'Upload File', 30, 9, 0, '', 0, 256, 1, '', 0, '2018-12-19 03:46:32', '2018-12-19 03:49:09'),
(158, 'task_id', 'Task Name', 31, 7, 0, '', 0, 0, 1, '@tasks', 0, '2018-12-20 01:13:33', '2018-12-20 01:13:33'),
(159, 'user_id', 'User Name', 31, 7, 0, '', 0, 0, 0, '@users', 0, '2018-12-20 01:14:08', '2018-12-25 04:12:43'),
(160, 'task_id', 'Task Name', 32, 7, 0, '', 0, 0, 0, '@tasks', 0, '2018-12-20 01:25:56', '2018-12-20 01:25:56'),
(161, 'status_id', 'Status', 32, 7, 0, '', 0, 0, 0, '@statuses', 0, '2018-12-20 01:26:42', '2018-12-20 01:26:42'),
(162, 'logedin_user_id', 'User name', 32, 7, 0, '', 0, 0, 0, '@users', 0, '2018-12-20 01:27:52', '2018-12-20 01:27:52'),
(163, 'remark', 'Remark', 32, 21, 0, '', 0, 0, 0, '', 0, '2018-12-20 01:28:41', '2018-12-20 01:28:41'),
(164, 'task_id', 'Task Name', 33, 7, 0, '', 0, 0, 0, '@tasks', 0, '2018-12-22 03:06:12', '2018-12-22 03:06:12'),
(165, 'logedin_user_id', 'User Name', 33, 7, 0, '', 0, 0, 0, '@users', 0, '2018-12-22 03:06:48', '2018-12-22 03:06:48'),
(166, 'upload_id', 'Upload File', 33, 9, 0, '', 0, 0, 0, '', 0, '2018-12-22 03:08:05', '2018-12-22 03:08:05'),
(167, 'user_id', 'User Name', 25, 7, 0, '', 0, 0, 0, '@users', 1, '2018-12-24 06:13:18', '2018-12-24 06:13:18'),
(168, 'task_remark_id', 'Task Remark Id', 33, 7, 0, '', 0, 11, 0, '@task_histories', 0, '2019-01-02 01:12:33', '2019-01-02 01:13:44'),
(169, 'project_remark_id', 'Project Remark Id', 30, 7, 0, '0', 0, 0, 0, '@project_histories', 0, '2019-01-02 04:50:00', '2019-01-02 04:50:13'),
(171, 'reminder_frequency', 'Reminder Frequency ', 20, 7, 0, '', 0, 0, 1, '["Daily","Weekly","Monthly"]', 0, '2019-01-16 04:07:18', '2019-01-16 04:07:18'),
(172, 'message_of_ceo', 'Message Of Ceo', 34, 21, 0, '', 0, 0, 0, '', 0, '2019-01-16 06:04:23', '2019-01-16 06:04:23'),
(173, 'vision', 'Vision', 34, 21, 0, '', 0, 0, 0, '', 0, '2019-01-16 06:04:54', '2019-01-16 06:04:54'),
(174, 'mission', 'Mission', 34, 21, 0, '', 0, 0, 0, '', 0, '2019-01-16 06:05:20', '2019-01-16 06:05:20'),
(175, 'kpi_id', 'Kpi Name', 35, 7, 0, '', 0, 0, 1, '@add_kpis', 0, '2019-01-18 04:10:51', '2019-01-18 07:00:07'),
(176, 'jan', 'January', 35, 6, 0, '', 0, 11, 0, '', 0, '2019-01-18 04:12:14', '2019-06-22 00:47:18'),
(177, 'feb', 'February', 35, 6, 0, '', 0, 11, 0, '', 0, '2019-01-18 04:18:34', '2019-06-22 00:53:40'),
(178, 'mar', 'March', 35, 6, 0, '', 0, 11, 0, '', 0, '2019-01-18 04:20:52', '2019-06-22 00:53:54'),
(179, 'apr', 'April', 35, 6, 0, '', 0, 11, 0, '', 0, '2019-01-18 04:21:32', '2019-06-22 00:54:13'),
(180, 'may', 'May', 35, 6, 0, '', 0, 11, 0, '', 0, '2019-01-18 04:22:08', '2019-06-22 00:54:31'),
(181, 'june', 'June', 35, 6, 0, '', 0, 11, 0, '', 0, '2019-01-18 04:22:55', '2019-06-22 00:54:47'),
(182, 'july', 'July', 35, 6, 0, '', 0, 11, 0, '', 0, '2019-01-18 04:23:38', '2019-06-22 00:55:00'),
(183, 'aug', 'August', 35, 6, 0, '', 0, 11, 0, '', 0, '2019-01-18 04:24:21', '2019-06-22 00:55:31'),
(184, 'sept', 'September', 35, 6, 0, '', 0, 11, 0, '', 0, '2019-01-18 04:24:59', '2019-06-22 00:55:43'),
(185, 'oct', 'October', 35, 6, 0, '', 0, 11, 0, '', 0, '2019-01-18 04:25:43', '2019-06-22 00:55:55'),
(186, 'nov', 'November', 35, 6, 0, '', 0, 11, 0, '', 0, '2019-01-18 04:26:35', '2019-06-22 00:56:07'),
(187, 'dec', 'December', 35, 6, 0, '', 0, 11, 0, '', 0, '2019-01-18 04:29:50', '2019-06-22 00:56:20'),
(188, 'jan', 'January', 36, 6, 0, '', 0, 11, 0, '', 2, '2019-01-18 04:32:40', '2019-06-22 00:57:08'),
(189, 'feb', 'February', 36, 6, 0, '', 0, 11, 0, '', 3, '2019-01-18 04:33:21', '2019-06-22 00:57:17'),
(190, 'mar', 'March', 36, 6, 0, '', 0, 11, 0, '', 4, '2019-01-18 04:34:04', '2019-06-22 00:57:28'),
(191, 'apr', 'April', 36, 6, 0, '', 0, 11, 0, '', 5, '2019-01-18 04:34:52', '2019-06-22 00:57:37'),
(192, 'may', 'May', 36, 6, 0, '', 0, 11, 0, '', 6, '2019-01-18 04:35:26', '2019-06-22 00:57:48'),
(193, 'june', 'June', 36, 6, 0, '', 0, 11, 0, '', 7, '2019-01-18 04:36:12', '2019-06-22 00:57:59'),
(194, 'july', 'July', 36, 6, 0, '', 0, 11, 0, '', 8, '2019-01-18 04:36:46', '2019-06-22 00:58:15'),
(195, 'aug', 'August', 36, 6, 0, '', 0, 11, 0, '', 9, '2019-01-18 04:37:34', '2019-06-22 00:58:25'),
(196, 'sept', 'September', 36, 6, 0, '', 0, 11, 0, '', 10, '2019-01-18 04:39:18', '2019-06-22 00:58:41'),
(197, 'oct', 'October', 36, 6, 0, '', 0, 11, 0, '', 11, '2019-01-18 04:39:52', '2019-06-22 00:58:54'),
(198, 'nov', 'November', 36, 6, 0, '', 0, 11, 0, '', 12, '2019-01-18 04:40:28', '2019-06-22 00:59:04'),
(199, 'dec', 'December', 36, 6, 0, '', 0, 11, 0, '', 13, '2019-01-18 04:41:51', '2019-06-22 00:59:15'),
(200, 'target_year', 'Target Year', 35, 13, 0, '', 0, 11, 0, '', 0, '2019-01-18 05:07:14', '2019-01-19 05:17:51'),
(201, 'actual_year', 'Actual Year', 36, 13, 0, '', 0, 11, 0, '', 14, '2019-01-18 08:21:43', '2019-01-22 13:59:21'),
(202, 'kpi_id', 'Kpi Name', 36, 7, 0, '', 0, 0, 0, '@add_kpis', 1, '2019-01-18 08:34:12', '2019-01-18 08:34:12'),
(203, 'section_id', 'Section Name', 24, 7, 0, '', 0, 0, 0, '@sections', 0, '2019-01-22 00:11:25', '2019-01-22 00:11:25'),
(204, 's_o_id', 'S.O. Name', 37, 7, 0, '', 0, 0, 0, '@strategic_objectives', 0, '2019-01-23 05:30:52', '2019-01-23 05:30:52'),
(205, 'dept_id', 'Department Name', 37, 7, 0, '', 0, 0, 0, '@department_masters', 0, '2019-01-23 05:31:42', '2019-01-23 06:08:35'),
(206, 'section_id', 'Section Name', 37, 7, 0, '', 0, 0, 0, '@sections', 0, '2019-01-23 05:32:31', '2019-01-23 06:39:06'),
(207, 'definition', 'Definition', 37, 21, 0, '', 0, 0, 0, '', 0, '2019-01-23 05:33:42', '2019-01-23 05:33:42'),
(208, 'user_id', 'User Name', 37, 7, 0, '', 0, 0, 0, '@users', 0, '2019-01-23 05:37:05', '2019-01-23 05:37:05'),
(209, 'unit_id', 'Unit Name', 37, 7, 0, '', 0, 0, 0, '@units', 0, '2019-01-23 05:37:54', '2019-01-23 05:37:54'),
(211, 'definition', 'Definition', 38, 21, 0, '', 0, 0, 0, '', 0, '2019-01-23 05:44:54', '2019-01-23 05:44:54'),
(212, 'target', 'Target', 38, 22, 0, '', 0, 200, 0, '', 0, '2019-01-23 05:45:45', '2019-01-23 08:09:07'),
(213, 'start_date', 'Start Date', 38, 4, 0, '', 0, 0, 0, '', 0, '2019-01-23 05:53:07', '2019-01-23 05:53:07'),
(214, 'control_point', 'Control Point', 38, 7, 0, '', 0, 258, 0, '["Monthly","Quarterly","Half Yearly","Yearly"]', 0, '2019-01-23 05:54:43', '2019-01-23 07:31:23'),
(215, 'owner', 'Owner', 38, 7, 0, '', 0, 0, 0, '@users', 0, '2019-01-23 05:56:33', '2019-01-23 05:56:33'),
(216, 'co_owner', 'Co-Owner', 38, 15, 0, '', 0, 0, 0, '@users', 0, '2019-01-23 05:57:38', '2019-01-23 05:57:38'),
(217, 'status', 'Status', 38, 7, 0, '', 0, 0, 0, '@str_obj_statuses', 0, '2019-01-23 05:59:57', '2019-03-15 08:02:32'),
(218, 'unit_id', 'Unit Name', 38, 7, 0, '', 0, 0, 0, '@units', 0, '2019-01-23 06:02:48', '2019-01-23 06:02:48'),
(219, 'user_id', 'User Name', 38, 7, 0, '', 0, 0, 0, '@users', 0, '2019-01-23 06:03:29', '2019-01-23 06:03:29'),
(220, 'initiatives_id', 'Initiatives', 38, 7, 0, '', 0, 0, 0, '@initiatives', 0, '2019-01-23 08:11:57', '2019-01-23 08:11:57'),
(221, 'action_plan_id', 'Action Plan Name', 39, 7, 0, '', 0, 0, 0, '@action_plans', 0, '2019-01-24 01:55:25', '2019-01-24 01:55:25'),
(222, 'month_date', 'Month Date', 39, 4, 0, '', 0, 0, 0, '', 0, '2019-01-24 02:03:29', '2019-01-24 02:03:29'),
(223, 'owner_id', 'Owner Id', 39, 13, 0, '', 0, 11, 0, '', 0, '2019-01-24 02:04:40', '2019-01-24 02:04:40'),
(224, 'status', 'Status', 39, 22, 0, '', 0, 256, 0, '', 0, '2019-01-24 02:07:24', '2019-01-24 02:07:24'),
(225, 'action_plan_id', 'Action Plan Id', 40, 7, 0, '', 0, 0, 0, '@action_plans', 0, '2019-01-25 01:26:43', '2019-01-25 01:26:43'),
(226, 'co_owner_id', 'Co-Owner Id', 40, 7, 0, '', 0, 0, 0, '@users', 0, '2019-01-25 01:27:36', '2019-01-25 01:27:36'),
(227, 'status', 'Status', 37, 7, 0, '', 0, 256, 0, '@str_obj_statuses', 0, '2019-02-18 05:05:48', '2019-03-15 07:59:11'),
(228, 'status', 'Status', 25, 7, 0, '', 0, 256, 0, '@str_obj_statuses', 0, '2019-02-18 05:07:32', '2019-03-15 07:57:21'),
(229, 'dept_id', 'Department', 38, 7, 0, '', 0, 0, 0, '@department_masters', 0, '2019-03-04 06:16:13', '2019-03-04 06:16:13'),
(230, 'permission', 'Permission', 41, 13, 0, '', 0, 11, 0, '', 0, '2019-03-11 06:27:23', '2019-03-11 06:27:23'),
(231, 'permission', 'Permission', 42, 13, 0, '', 0, 11, 0, '', 0, '2019-03-11 06:28:45', '2019-03-11 06:28:45'),
(232, 'permission', 'Permission', 43, 13, 0, '', 0, 11, 0, '', 0, '2019-03-11 06:31:10', '2019-03-11 06:31:10'),
(233, 'permission', 'Permission', 44, 13, 0, '', 0, 11, 0, '', 0, '2019-03-11 06:32:19', '2019-03-11 06:32:19'),
(234, 'permission', 'Permission', 45, 1, 0, '', 0, 256, 0, '', 0, '2019-03-11 06:33:49', '2019-03-11 06:33:49'),
(238, 'permission', 'Permission', 49, 1, 0, '', 0, 256, 0, '', 0, '2019-03-11 06:55:06', '2019-03-11 06:55:06'),
(239, 'permission', 'Permission', 51, 13, 0, '', 0, 11, 0, '', 0, '2019-03-11 06:56:25', '2019-03-11 06:56:25'),
(240, 'permission', 'Permission', 52, 13, 0, '', 0, 11, 0, '', 0, '2019-03-11 06:57:50', '2019-03-11 06:57:50'),
(241, 'multi_unit_id', 'Multi Unit', 27, 15, 0, '', 0, 256, 1, '@units', 0, '2019-03-14 03:48:11', '2019-04-03 01:36:35'),
(242, 'multi_dept_id', 'Multi Dept', 27, 15, 0, '', 0, 256, 1, '@department_masters', 0, '2019-03-14 03:49:15', '2019-04-03 01:36:57'),
(243, 'status_name', 'Status Name', 53, 22, 0, '', 0, 256, 1, '', 0, '2019-03-15 01:31:41', '2019-03-15 01:31:41'),
(244, 'accuracy_percentage', 'Accuracy Percentage', 53, 13, 0, '', 0, 3, 1, '', 0, '2019-03-15 01:34:06', '2019-03-15 01:34:06'),
(245, 'name', 'Name', 54, 22, 0, '', 0, 256, 1, '', 0, '2019-03-22 01:17:46', '2019-03-22 01:17:46'),
(246, 'unit_of_measurement', 'UOM', 25, 7, 0, '', 0, 0, 0, '@u_o_ms', 0, '2019-03-22 01:20:53', '2019-03-22 01:20:53'),
(247, 'percentage', 'Percentage', 25, 22, 0, '', 0, 256, 0, '', 0, '2019-03-22 01:24:12', '2019-03-22 01:24:12'),
(248, 'percentage', 'Percentage', 37, 22, 0, '', 0, 256, 0, '', 0, '2019-03-22 01:27:56', '2019-03-22 01:27:56'),
(249, 'percentage', 'Percentage', 38, 22, 0, '', 0, 256, 0, '', 0, '2019-03-22 01:28:55', '2019-03-22 01:28:55'),
(250, 's_o_id', 'S O ID', 55, 7, 0, '', 0, 0, 0, '@strategic_objectives', 0, '2019-03-23 01:05:20', '2019-03-23 01:05:20'),
(251, 'status_id', 'Status Id', 55, 7, 0, '', 0, 0, 0, '@str_obj_statuses', 0, '2019-03-23 01:07:17', '2019-03-23 01:07:17'),
(252, 'percentage', 'Percentage', 55, 22, 0, '', 0, 10, 0, '', 0, '2019-03-23 01:08:32', '2019-03-23 01:08:32'),
(253, 'initiative_id', 'Initiative Id', 56, 7, 0, '', 0, 0, 0, '@initiatives', 0, '2019-03-23 01:10:48', '2019-03-23 01:10:48'),
(254, 'status_id', 'Status Id', 56, 7, 0, '', 0, 0, 0, '@str_obj_statuses', 0, '2019-03-23 01:12:31', '2019-03-23 01:12:31'),
(255, 'percentage', 'Percentage', 56, 22, 0, '', 0, 10, 0, '', 0, '2019-03-23 01:19:05', '2019-03-23 01:19:05'),
(256, 'action_plan_id', 'Action Plan Id', 57, 7, 0, '', 0, 0, 0, '@action_plans', 0, '2019-03-23 01:22:24', '2019-03-23 01:22:24'),
(257, 'status_id', 'Status Id', 57, 7, 0, '', 0, 0, 0, '@str_obj_statuses', 0, '2019-03-23 01:23:51', '2019-03-23 01:23:51'),
(258, 'percentage', 'Percentage', 57, 22, 0, '', 0, 10, 0, '', 0, '2019-03-23 01:24:23', '2019-03-23 01:24:23'),
(259, 'end_date', 'End Date', 38, 4, 0, '', 0, 0, 0, '', 0, '2019-03-23 07:34:37', '2019-03-23 07:34:37'),
(260, 'comment', 'Comment', 39, 21, 0, '', 0, 0, 0, '', 0, '2019-03-23 07:36:59', '2019-03-23 07:36:59'),
(261, 'implement_data', 'Implement Data', 39, 4, 0, '', 0, 0, 0, '', 0, '2019-03-23 07:38:10', '2019-03-23 07:38:41'),
(262, 'start_date', 'Start Date', 37, 4, 0, '', 0, 0, 0, '', 0, '2019-03-26 00:34:26', '2019-03-26 00:34:26'),
(263, 'end_date', 'End Date', 37, 4, 0, '', 0, 0, 0, '', 0, '2019-03-26 00:34:50', '2019-03-26 00:34:50'),
(264, 'recovery_plan', 'Recovery Plan', 39, 21, 0, '', 0, 0, 0, '', 0, '2019-03-26 01:04:37', '2019-03-26 01:04:37'),
(265, 'responsibility', 'Responsibility', 39, 13, 0, '', 0, 11, 0, '', 0, '2019-03-26 01:07:28', '2019-03-26 01:07:28'),
(266, 'multi_section_id', 'Select Sections', 27, 15, 0, '', 0, 256, 0, '@sections', 0, '2019-04-03 00:53:40', '2019-04-03 01:36:05'),
(267, 'sr_no', 'Sr.No', 37, 22, 1, '', 0, 20, 1, '', 0, '2019-04-25 00:56:15', '2019-04-25 00:57:05'),
(268, 'sr_no', 'Sr.No', 38, 22, 1, '', 0, 20, 1, '', 0, '2019-04-25 01:00:25', '2019-04-25 01:00:25'),
(269, 'user_id', 'User Name', 58, 7, 0, '', 0, 0, 0, '@users', 0, '2019-04-30 23:58:43', '2019-04-30 23:59:23'),
(270, 'comment', 'Comment', 58, 21, 0, '', 0, 0, 0, '', 0, '2019-04-30 23:59:15', '2019-04-30 23:59:15'),
(271, 'user_id', 'User Name', 59, 7, 0, '', 0, 0, 0, '@users', 0, '2019-05-01 00:01:37', '2019-05-01 00:01:37'),
(272, 'comment', 'Comment', 59, 21, 0, '', 0, 0, 0, '', 0, '2019-05-01 00:01:59', '2019-05-01 00:01:59'),
(273, 'user_id', 'User Name', 60, 7, 0, '', 0, 0, 0, '@users', 0, '2019-05-01 00:03:52', '2019-05-01 00:03:52'),
(274, 'comment', 'Comment', 60, 21, 0, '', 0, 0, 0, '', 0, '2019-05-01 00:04:12', '2019-05-01 00:04:12'),
(275, 'str_obj_id', 'Str obj id', 58, 7, 0, '', 0, 0, 0, '@strategic_objectives', 0, '2019-05-01 00:12:09', '2019-05-01 00:12:09'),
(276, 'initiatives_id', 'Initiatives Id', 59, 7, 0, '', 0, 0, 0, '@initiatives', 0, '2019-05-01 00:13:30', '2019-05-01 00:13:30'),
(277, 'action_plan_id', 'Action Plan Id', 60, 7, 0, '', 0, 0, 0, '@action_plans', 0, '2019-05-01 00:14:34', '2019-05-01 00:14:34'),
(278, 'name', 'name', 61, 22, 0, '', 0, 256, 0, '', 0, '2019-05-07 01:31:21', '2019-05-07 01:31:21'),
(279, 'previous_status', 'Previous Status', 25, 13, 0, '', 0, 11, 0, '', 0, '2019-05-09 06:25:39', '2019-05-09 06:25:39'),
(280, 'previous_status', 'Previous Status', 37, 13, 0, '', 0, 11, 0, '', 0, '2019-05-09 06:26:36', '2019-05-09 06:26:36'),
(281, 'previous_status', 'Previous Status', 38, 13, 0, '', 0, 11, 0, '', 0, '2019-05-09 06:32:49', '2019-05-09 06:32:49'),
(282, 'enable', 'Enable', 14, 7, 0, 'yes', 0, 0, 0, '["yes","no"]', 0, '2019-05-10 00:35:41', '2019-05-10 00:35:41'),
(283, 'enable', 'Enable', 17, 7, 0, 'yes', 0, 0, 0, '["yes","no"]', 0, '2019-05-10 00:36:56', '2019-05-10 00:36:56'),
(284, 'question', 'Question', 62, 21, 0, '', 0, 0, 0, '', 0, '2019-05-20 00:40:06', '2019-05-20 00:40:06'),
(285, 'answer', 'Answer', 62, 21, 0, '', 0, 0, 0, '', 0, '2019-05-20 00:40:46', '2019-05-20 00:40:46'),
(287, 'lead_kpi', 'Lead Kpi', 24, 2, 0, '0', 0, 1, 0, '', 0, '2019-05-20 04:47:20', '2019-05-20 04:53:07'),
(288, 'menu', 'menu', 63, 22, 0, '', 0, 15, 0, '', 0, '2019-05-23 03:59:21', '2019-05-23 03:59:21'),
(289, 'business_priority', 'Business Priority', 64, 22, 0, '', 0, 256, 0, '', 0, '2019-05-23 04:01:01', '2019-06-26 00:21:23'),
(290, 'menu', 'menu', 65, 22, 0, '', 0, 15, 0, '', 0, '2019-05-23 04:45:40', '2019-05-23 04:45:40'),
(291, 'keywords', 'Keywords', 64, 21, 0, '', 0, 0, 0, '', 0, '2019-05-23 04:49:54', '2019-05-23 04:49:54'),
(292, 'business_objective', 'Business Objective', 66, 21, 0, '', 0, 0, 0, '', 0, '2019-05-23 04:52:18', '2019-05-23 04:52:18'),
(293, 'keywords', 'Keywords', 66, 21, 0, '', 0, 0, 0, '', 0, '2019-05-23 04:52:55', '2019-05-23 04:52:55'),
(294, 'strength', 'Strength', 67, 21, 0, '', 0, 0, 0, '', 0, '2019-05-23 04:56:52', '2019-05-23 04:56:52'),
(295, 'keywords', 'Keywords', 67, 21, 0, '', 0, 0, 0, '', 0, '2019-05-23 04:57:16', '2019-05-23 04:57:16'),
(296, 'weaknesses', 'Weaknesses', 68, 21, 0, '', 0, 0, 0, '', 0, '2019-05-23 05:02:46', '2019-05-23 05:02:46'),
(297, 'keywords', 'Keywords', 68, 21, 0, '', 0, 0, 0, '', 0, '2019-05-23 05:03:07', '2019-05-23 05:03:07'),
(298, 'opportunities', 'Opportunities', 69, 21, 0, '', 0, 0, 0, '', 0, '2019-05-23 05:05:51', '2019-05-23 05:05:51'),
(299, 'keywords', 'Keywords', 69, 21, 0, '', 0, 0, 0, '', 0, '2019-05-23 05:06:11', '2019-05-23 05:06:11'),
(300, 'threats', 'Threats', 70, 21, 0, '', 0, 0, 0, '', 0, '2019-05-23 05:09:03', '2019-05-23 05:09:03'),
(301, 'keywords', 'Keywords', 70, 21, 0, '', 0, 0, 0, '', 0, '2019-05-23 05:09:21', '2019-05-23 05:09:21'),
(302, 'menu', 'menu', 71, 22, 0, '', 0, 15, 0, '', 0, '2019-05-24 00:03:36', '2019-05-24 00:03:36'),
(303, 'menu', 'menu', 72, 22, 0, '', 0, 15, 0, '', 0, '2019-05-24 00:12:05', '2019-05-24 00:12:05'),
(304, 'menu', 'menu', 73, 22, 0, '', 0, 15, 0, '', 0, '2019-05-25 02:12:15', '2019-05-25 02:12:15'),
(305, 'menu', 'menu', 74, 22, 0, '', 0, 15, 0, '', 0, '2019-05-25 02:18:39', '2019-05-25 02:18:39'),
(308, 'dept_id', 'Department name', 75, 7, 0, '', 0, 0, 1, '@department_masters', 0, '2019-06-04 01:10:11', '2019-06-04 01:10:11'),
(309, 'str_obj_id', 'Strategic Objective', 75, 7, 0, '', 0, 0, 1, '@strategic_objectives', 0, '2019-06-04 01:11:37', '2019-06-04 01:11:37'),
(310, 'initiatives_id', 'Initiatives', 75, 7, 0, '', 0, 0, 1, '@initiatives', 0, '2019-06-04 01:12:50', '2019-06-04 01:12:50'),
(311, 'action_plan_id', 'Action Plan', 75, 7, 0, '', 0, 0, 1, '@action_plans', 0, '2019-06-04 01:13:23', '2019-06-04 01:13:23'),
(312, 'kpi_id', 'KPI', 75, 13, 1, '', 0, 11, 0, '', 0, '2019-06-04 01:14:36', '2019-06-04 03:14:44'),
(313, 'area_manager', 'Area Manager', 75, 7, 0, '', 0, 0, 1, '@users', 0, '2019-06-04 01:50:20', '2019-06-04 01:50:20'),
(314, 'area_manager_value', 'Area Manager Value', 75, 13, 0, '', 0, 11, 0, '', 0, '2019-06-04 01:51:22', '2019-06-04 01:51:22'),
(315, 'area_manager_percent', 'Area Manager %', 75, 13, 0, '100', 0, 11, 0, '', 0, '2019-06-04 01:53:30', '2019-06-04 01:53:50'),
(316, 'dept_head', 'Department Head', 75, 7, 0, '', 0, 0, 0, '@users', 0, '2019-06-04 01:55:20', '2019-06-04 01:55:20'),
(317, 'dept_head_value', 'Dept Head Value', 75, 13, 0, '', 0, 11, 0, '', 0, '2019-06-04 01:56:18', '2019-06-04 01:56:18'),
(318, 'dept_head_percent', 'Dept Head Percent', 75, 13, 0, '', 0, 11, 0, '', 0, '2019-06-04 01:57:23', '2019-06-04 01:57:23'),
(319, 'section_head', 'Section Head', 75, 13, 0, '', 0, 11, 0, '', 0, '2019-06-04 02:00:49', '2019-06-04 02:00:49'),
(320, 'section_head_value', 'Section Head Value', 75, 13, 0, '', 0, 11, 0, '', 0, '2019-06-04 02:06:43', '2019-06-04 02:06:43'),
(321, 'section_head_percent', 'Section Head Percent', 75, 13, 0, '', 0, 11, 0, '', 0, '2019-06-04 02:08:09', '2019-06-04 02:08:09'),
(322, 'supervisor_head', 'Supervisor Head', 75, 13, 0, '', 0, 11, 0, '', 0, '2019-06-04 02:10:47', '2019-06-04 02:10:47'),
(323, 'superv_head_value', 'Super Head Value', 75, 13, 0, '', 0, 11, 0, '', 0, '2019-06-04 02:12:57', '2019-06-04 03:03:36'),
(324, 'superv_head_percent', 'Super Head Percent', 75, 13, 0, '', 0, 11, 0, '', 0, '2019-06-04 02:14:14', '2019-06-04 02:14:14'),
(340, 'hoshin_kanri_id', 'Hoshin Kanri', 79, 13, 0, '', 0, 11, 0, '', 0, '2019-06-05 01:35:37', '2019-06-05 01:35:37'),
(341, 'allocation_id', 'Allocation User', 79, 7, 0, '', 0, 0, 0, '@users', 0, '2019-06-05 01:38:22', '2019-06-05 01:38:22'),
(342, 'assign_user', 'Assign User', 79, 7, 0, '', 0, 0, 0, '@users', 0, '2019-06-05 01:38:53', '2019-06-05 01:38:53'),
(343, 'value', 'Value', 79, 13, 0, '', 0, 11, 0, '', 0, '2019-06-05 01:43:21', '2019-06-05 01:43:21'),
(344, 'percent', 'Percentage', 79, 13, 0, '100', 0, 11, 0, '', 0, '2019-06-05 01:43:40', '2019-06-05 01:49:58'),
(345, 'hoshin_kanri_id', 'Hoshin Kanri', 80, 13, 0, '', 0, 11, 0, '', 0, '2019-06-05 01:44:56', '2019-06-05 01:44:56'),
(346, 'allocation_id', 'Allocation User', 80, 7, 0, '', 0, 0, 0, '@users', 0, '2019-06-05 01:45:26', '2019-06-05 01:45:26'),
(347, 'assign_user', 'Assign User', 80, 7, 0, '', 0, 0, 0, '@users', 0, '2019-06-05 01:46:18', '2019-06-05 01:46:18'),
(348, 'value', 'Value', 80, 13, 0, '', 0, 11, 0, '', 0, '2019-06-05 01:47:19', '2019-06-05 01:47:19'),
(349, 'percent', 'Percentage', 80, 13, 0, '100', 0, 11, 0, '', 0, '2019-06-05 01:47:50', '2019-06-05 01:48:09'),
(350, 'hoshin_kanri_id', 'Hoshin Kanri', 81, 13, 0, '', 0, 11, 0, '', 0, '2019-06-05 01:50:42', '2019-06-05 01:50:42'),
(351, 'allocation_id', 'Allocation User', 81, 7, 0, '', 0, 0, 0, '@users', 0, '2019-06-05 01:51:33', '2019-06-05 01:51:33'),
(352, 'assign_user', 'Assign User', 81, 7, 0, '', 0, 0, 0, '@users', 0, '2019-06-05 01:52:01', '2019-06-05 01:52:01'),
(353, 'value', 'Value', 81, 13, 0, '', 0, 11, 0, '', 0, '2019-06-05 01:52:24', '2019-06-05 01:52:24'),
(354, 'percent', 'Percentage', 81, 13, 0, '', 0, 11, 0, '', 0, '2019-06-05 01:52:46', '2019-06-05 01:52:46'),
(355, 'frequency', 'Frequency', 24, 7, 0, 'Monthly', 0, 0, 0, '["Monthly","Quarterly","Half Yearly","Yearly"]', 0, '2019-06-19 03:47:36', '2019-06-19 03:47:36'),
(356, 'kpi_performance', 'Kpi Performance', 24, 14, 0, '0', 0, 20, 0, '', 0, '2019-06-19 03:51:04', '2019-06-19 03:51:04'),
(357, 's_o_id', 'S/O ID', 24, 14, 0, '0', 0, 20, 0, '', 0, '2019-06-19 05:24:25', '2019-06-19 05:25:59'),
(358, 'initiatives_id', 'Initiatives Id', 24, 14, 0, '0', 0, 20, 0, '', 0, '2019-06-19 05:25:35', '2019-06-19 05:25:35'),
(359, 'business_start_month', 'Business start month', 82, 12, 0, '1', 0, 0, 0, '', 0, '2019-06-22 01:20:26', '2019-06-22 01:21:58'),
(360, 'target_condition', 'Target Condition', 35, 7, 0, '', 0, 0, 0, '["sum_up_all","average","terminal_value"]', 0, '2019-06-22 02:18:46', '2019-06-22 02:18:46'),
(361, 'name', 'Name', 83, 22, 1, '', 0, 256, 1, '', 0, '2019-07-12 00:38:11', '2019-07-12 00:38:18'),
(362, 'performance_dash', 'Performance Dash', 24, 7, 1, '0', 0, 20, 0, '@kpi_performance_dashes', 0, '2019-07-12 00:52:02', '2019-07-12 01:38:42'),
(363, 'ytd', 'YTD', 35, 6, 0, '0', 0, 11, 0, '', 0, '2019-07-12 01:56:34', '2019-07-12 01:56:34'),
(364, 'ytd', 'YTD', 36, 6, 0, '0', 0, 11, 0, '', 0, '2019-07-12 01:57:36', '2019-07-12 01:57:36'),
(365, 'target_condition', 'target_condition', 24, 7, 0, 'terminal_value', 0, 0, 0, '["sum_up_all","average","terminal_value"]', 0, '2019-07-12 03:46:24', '2019-07-12 03:46:24'),
(366, 'slug', 'Slug', 83, 7, 0, '', 0, 0, 0, '["Customer","Company","Employee"]', 0, '2019-07-17 01:20:37', '2019-07-17 01:20:37'),
(367, 'name', 'name', 84, 22, 0, '', 0, 256, 0, '', 0, '2019-07-20 05:52:42', '2019-07-20 05:52:42'),
(368, 'unit_id', 'Unit Name', 75, 7, 0, '0', 0, 0, 0, '@units', 0, '2019-07-29 01:13:53', '2019-07-29 01:13:53'),
(373, 'image', 'Image', 88, 12, 0, '', 0, 0, 0, '', 0, '2019-08-14 01:33:02', '2019-08-14 01:33:02'),
(374, 'highlight', 'Highlight', 89, 22, 0, '', 0, 256, 0, '', 0, '2019-08-14 02:18:35', '2019-08-14 06:34:18'),
(375, 'majorgaps', 'MajorGaps', 89, 22, 0, '', 0, 256, 0, '', 0, '2019-08-14 02:19:37', '2019-08-14 06:34:05'),
(376, 'challenges', 'Challenges', 89, 22, 0, '', 0, 256, 0, '', 0, '2019-08-14 02:20:27', '2019-08-14 06:33:47'),
(377, 'priorities', 'Priorities', 89, 22, 0, '', 0, 256, 0, '', 0, '2019-08-14 02:21:02', '2019-08-14 06:32:37'),
(378, 'photo', 'Photo', 89, 12, 0, '', 0, 0, 0, '', 0, '2019-08-14 02:21:25', '2019-08-19 02:05:22'),
(379, 'year', 'Year', 89, 22, 0, '', 0, 10, 0, '', 0, '2019-08-19 03:22:25', '2019-08-19 03:22:25'),
(380, 'quarterly', 'Quarterly', 89, 22, 0, '', 0, 10, 0, '', 0, '2019-08-19 03:23:40', '2019-08-28 00:21:15'),
(381, 'dept_id', 'Department', 89, 22, 0, '', 0, 100, 0, '', 0, '2019-08-19 03:24:26', '2019-08-28 00:22:16'),
(382, 'unit_id', 'Unit', 89, 22, 0, '', 0, 20, 0, '', 0, '2019-08-28 00:22:04', '2019-08-28 00:22:04'),
(383, 'company_id', 'Company Id', 27, 22, 0, '', 0, 50, 0, '', 0, '2019-08-30 12:52:49', '2019-08-30 12:53:51'),
(384, 'company_id', 'Company Id', 1, 22, 0, '', 0, 50, 0, '', 0, '2019-08-30 12:54:59', '2019-08-30 12:54:59'),
(385, 'company_id', 'Company Id', 14, 22, 0, '', 0, 50, 0, '', 0, '2019-09-02 06:09:02', '2019-09-02 06:09:02'),
(386, 'company_id', 'Company Id', 17, 22, 0, '', 0, 50, 0, '', 0, '2019-09-02 06:26:07', '2019-09-02 06:26:07'),
(387, 'company_id', 'Company Id', 54, 22, 0, '', 0, 50, 0, '', 0, '2019-09-02 06:35:45', '2019-09-02 06:35:45'),
(388, 'company_id', 'Company Id', 62, 22, 0, '', 0, 50, 0, '', 0, '2019-09-02 06:42:24', '2019-09-02 06:42:24'),
(389, 'company_id', 'Company Id', 34, 22, 0, '', 0, 50, 0, '', 0, '2019-09-02 07:28:41', '2019-09-02 07:28:41'),
(390, 'management_report', 'Management_Report ', 90, 22, 0, '', 0, 50, 0, '', 0, '2019-09-07 07:58:36', '2019-09-07 07:58:36'),
(391, 'remark', 'Remark', 89, 22, 0, '', 0, 100, 0, '', 0, '2019-09-09 04:49:28', '2019-09-09 04:49:28'),
(392, 'values', 'Values', 34, 21, 0, '', 0, 0, 0, '', 0, '2019-09-13 05:47:10', '2019-09-13 05:48:00'),
(393, 'name', 'Name', 91, 22, 0, '', 0, 20, 0, '', 0, '2019-09-20 02:17:37', '2019-09-20 02:17:37'),
(394, 'priority_id', 'Select Priority', 20, 7, 0, '', 0, 0, 0, '@priorities', 0, '2019-09-20 03:29:27', '2019-09-20 03:29:27'),
(395, 'test', 'Test', 93, 22, 0, '', 5, 10, 0, '', 0, '2019-10-15 12:53:08', '2019-10-15 12:53:08'),
(396, 'test', 'Test', 94, 22, 0, '', 5, 10, 0, '', 0, '2019-10-15 09:01:35', '2019-10-15 09:01:35'),
(397, 'permission', 'permission', 95, 22, 0, '20', 0, 256, 0, '', 0, '2019-11-02 04:34:32', '2019-11-02 04:34:32'),
(398, 'governances_test', 'governances_test', 96, 1, 0, '20', 0, 256, 0, '', 0, '2019-11-07 03:49:02', '2019-11-07 05:17:59'),
(399, 'test_presentation', 'test_presentation', 97, 1, 0, '20', 0, 256, 0, '', 0, '2019-11-07 03:51:33', '2019-11-07 03:53:13'),
(400, 'facility_test', 'facility_test', 98, 1, 0, '20', 0, 256, 0, '', 0, '2019-11-07 05:20:17', '2019-11-07 05:20:17'),
(401, 'test_photograph', 'test_photograph', 99, 1, 0, '20', 0, 256, 0, '', 0, '2019-11-07 05:22:24', '2019-11-07 05:22:24'),
(403, 'test_procedure', 'test_procedure', 101, 1, 0, '20', 0, 256, 0, '', 0, '2019-11-07 05:27:13', '2019-11-07 05:27:13'),
(404, 'test_products', 'test_products', 102, 1, 0, '20', 0, 256, 0, '', 0, '2019-11-07 05:28:46', '2019-11-07 05:28:46'),
(407, 'business_vital_test', 'business_vital_test', 104, 1, 0, '20', 0, 256, 0, '', 0, '2019-11-08 02:10:11', '2019-11-08 02:10:11'),
(408, 'test_location', 'test_location', 105, 1, 0, '20', 0, 256, 0, '', 0, '2019-11-08 03:38:13', '2019-11-08 03:38:13'),
(409, 'test_layout', 'test_layout', 106, 1, 0, '20', 0, 256, 0, '', 0, '2019-11-08 03:47:48', '2019-11-08 03:47:48'),
(410, 'test_machine_eqpmnt', 'test_machine_eqpmnt', 107, 1, 0, '20', 0, 256, 0, '', 0, '2019-11-08 03:51:53', '2019-11-08 03:51:53'),
(411, 'test_infrastructure', 'test_infrastructure', 108, 1, 0, '20', 0, 256, 0, '', 0, '2019-11-08 04:03:08', '2019-11-08 04:03:08'),
(412, 'test_media', 'test_media', 109, 1, 0, '20', 0, 256, 0, '', 0, '2019-11-08 04:12:58', '2019-11-08 04:12:58'),
(414, 'test_events_photo', 'test_events_photo', 111, 1, 0, '20', 0, 256, 0, '', 0, '2019-11-08 04:18:12', '2019-11-08 04:18:12'),
(415, 'test_celebration', 'test_celebration', 112, 1, 0, '20', 0, 256, 0, '', 0, '2019-11-08 04:19:09', '2019-11-08 04:19:09'),
(416, 'test_procedure_hr', 'test_procedure_hr', 113, 1, 0, '20', 0, 256, 0, '', 0, '2019-11-08 04:31:01', '2019-11-08 04:31:01'),
(417, 'test_operations', 'test_operations', 114, 1, 0, '20', 0, 256, 0, '', 0, '2019-11-08 04:32:56', '2019-11-08 04:32:56'),
(418, 'test_procedure', 'test_procedure', 115, 1, 0, '20', 0, 256, 0, '', 0, '2019-11-08 04:34:29', '2019-11-08 04:34:29'),
(419, 'test_software', 'test_software', 116, 1, 0, '20', 0, 256, 0, '', 0, '2019-11-08 04:58:07', '2019-11-08 04:58:07'),
(420, 'test_product', 'test_product', 117, 1, 0, '20', 0, 256, 0, '', 0, '2019-11-08 04:59:49', '2019-11-08 04:59:49'),
(421, 'test_big_data', 'test_big_data', 118, 1, 0, '20', 0, 256, 0, '', 0, '2019-11-08 05:01:15', '2019-11-08 05:01:15'),
(422, 'test_help', 'test_help', 119, 1, 0, '20', 0, 256, 0, '', 0, '2019-11-11 06:48:16', '2019-11-11 06:48:16'),
(423, 'test_demo', 'test_demo', 120, 1, 0, '20', 0, 256, 0, '', 0, '2019-11-11 06:49:26', '2019-11-11 06:49:26'),
(424, 'tets_prima', 'tets_prima', 121, 1, 0, '20', 0, 256, 0, '', 0, '2019-11-11 06:51:00', '2019-11-11 06:51:00'),
(425, 'test_prima', 'test_prima', 122, 1, 0, '20', 0, 256, 0, '', 0, '2019-11-11 07:04:18', '2019-11-11 07:04:18'),
(426, 'reminder_date', 'reminder_date', 38, 22, 0, '', 0, 20, 0, '', 0, '2019-11-23 14:18:39', '2019-11-27 06:39:15'),
(427, 'review_month_date', 'review_month_date', 39, 4, 0, '', 0, 0, 0, '', 0, '2019-11-27 01:46:35', '2019-11-27 01:46:35'),
(428, 'Company_id', 'Company_id', 123, 22, 0, '', 0, 20, 0, '', 0, '2019-11-27 02:01:50', '2019-11-27 02:02:07'),
(429, 'reminder_date', 'reminder_date', 123, 4, 0, '', 0, 0, 0, '', 0, '2019-11-27 02:03:09', '2019-11-27 04:38:52');

-- --------------------------------------------------------

--
-- Table structure for table `module_field_types`
--

CREATE TABLE `module_field_types` (
  `id` int(10) UNSIGNED NOT NULL,
  `name` varchar(30) COLLATE utf8_unicode_ci NOT NULL,
  `created_at` timestamp NULL DEFAULT NULL,
  `updated_at` timestamp NULL DEFAULT NULL
) ENGINE=InnoDB DEFAULT CHARSET=utf8 COLLATE=utf8_unicode_ci;

--
-- Dumping data for table `module_field_types`
--

INSERT INTO `module_field_types` (`id`, `name`, `created_at`, `updated_at`) VALUES
(1, 'Address', '2018-12-05 04:22:20', '2018-12-05 04:22:20'),
(2, 'Checkbox', '2018-12-05 04:22:20', '2018-12-05 04:22:20'),
(3, 'Currency', '2018-12-05 04:22:20', '2018-12-05 04:22:20'),
(4, 'Date', '2018-12-05 04:22:20', '2018-12-05 04:22:20'),
(5, 'Datetime', '2018-12-05 04:22:20', '2018-12-05 04:22:20'),
(6, 'Decimal', '2018-12-05 04:22:20', '2018-12-05 04:22:20'),
(7, 'Dropdown', '2018-12-05 04:22:20', '2018-12-05 04:22:20'),
(8, 'Email', '2018-12-05 04:22:20', '2018-12-05 04:22:20'),
(9, 'File', '2018-12-05 04:22:20', '2018-12-05 04:22:20'),
(10, 'Float', '2018-12-05 04:22:20', '2018-12-05 04:22:20'),
(11, 'HTML', '2018-12-05 04:22:20', '2018-12-05 04:22:20'),
(12, 'Image', '2018-12-05 04:22:20', '2018-12-05 04:22:20'),
(13, 'Integer', '2018-12-05 04:22:20', '2018-12-05 04:22:20'),
(14, 'Mobile', '2018-12-05 04:22:20', '2018-12-05 04:22:20'),
(15, 'Multiselect', '2018-12-05 04:22:20', '2018-12-05 04:22:20'),
(16, 'Name', '2018-12-05 04:22:20', '2018-12-05 04:22:20'),
(17, 'Password', '2018-12-05 04:22:20', '2018-12-05 04:22:20'),
(18, 'Radio', '2018-12-05 04:22:20', '2018-12-05 04:22:20'),
(19, 'String', '2018-12-05 04:22:20', '2018-12-05 04:22:20'),
(20, 'Taginput', '2018-12-05 04:22:21', '2018-12-05 04:22:21'),
(21, 'Textarea', '2018-12-05 04:22:21', '2018-12-05 04:22:21'),
(22, 'TextField', '2018-12-05 04:22:21', '2018-12-05 04:22:21'),
(23, 'URL', '2018-12-05 04:22:21', '2018-12-05 04:22:21'),
(24, 'Files', '2018-12-05 04:22:21', '2018-12-05 04:22:21');

-- --------------------------------------------------------

--
-- Table structure for table `opportunities`
--

CREATE TABLE `opportunities` (
  `id` int(10) UNSIGNED NOT NULL,
  `deleted_at` timestamp NULL DEFAULT NULL,
  `created_at` timestamp NULL DEFAULT NULL,
  `updated_at` timestamp NULL DEFAULT NULL,
  `opportunities` text COLLATE utf8_unicode_ci NOT NULL,
  `keywords` text COLLATE utf8_unicode_ci NOT NULL
) ENGINE=InnoDB DEFAULT CHARSET=utf8 COLLATE=utf8_unicode_ci;

--
-- Dumping data for table `opportunities`
--

INSERT INTO `opportunities` (`id`, `deleted_at`, `created_at`, `updated_at`, `opportunities`, `keywords`) VALUES
(1, '2019-05-24 02:45:30', '2019-05-23 08:32:11', '2019-05-23 08:38:29', 'test update', 'test keywords update'),
(2, '2019-05-24 09:36:16', '2019-05-24 09:35:57', '2019-05-24 09:36:10', 'qqqqq', 'qqqqqq'),
(3, '2019-05-24 02:45:24', '2019-05-24 09:49:25', '2019-05-24 09:49:25', 'aaaaa', 'aaaaaaaaaaaa'),
(4, '2019-05-24 09:52:14', '2019-05-24 09:51:26', '2019-05-24 09:51:58', 'BBBBB', 'EEEEEE'),
(5, NULL, '2019-05-24 14:44:24', '2019-05-24 14:44:24', 'Govt Business reforms with declaring incentive', 'Govt incentive'),
(6, NULL, '2019-05-24 14:44:39', '2019-05-24 14:44:39', 'GST Implementation', 'GST'),
(7, NULL, '2019-05-24 14:45:16', '2019-05-24 14:45:16', 'Investments in infrastructure', 'Investment in Infrastructure');

-- --------------------------------------------------------

--
-- Table structure for table `organizations`
--

CREATE TABLE `organizations` (
  `id` int(10) UNSIGNED NOT NULL,
  `name` varchar(250) COLLATE utf8_unicode_ci NOT NULL DEFAULT '',
  `email` varchar(250) COLLATE utf8_unicode_ci NOT NULL,
  `phone` varchar(20) COLLATE utf8_unicode_ci NOT NULL,
  `website` varchar(250) COLLATE utf8_unicode_ci NOT NULL DEFAULT 'http://',
  `assigned_to` int(10) UNSIGNED NOT NULL DEFAULT '1',
  `connect_since` date NOT NULL,
  `address` varchar(1000) COLLATE utf8_unicode_ci NOT NULL DEFAULT '',
  `city` varchar(250) COLLATE utf8_unicode_ci NOT NULL DEFAULT '',
  `description` varchar(1000) COLLATE utf8_unicode_ci NOT NULL,
  `profile_image` int(11) NOT NULL,
  `profile` int(11) NOT NULL,
  `deleted_at` timestamp NULL DEFAULT NULL,
  `created_at` timestamp NULL DEFAULT NULL,
  `updated_at` timestamp NULL DEFAULT NULL
) ENGINE=InnoDB DEFAULT CHARSET=utf8 COLLATE=utf8_unicode_ci;

-- --------------------------------------------------------

--
-- Table structure for table `password_resets`
--

CREATE TABLE `password_resets` (
  `email` varchar(255) COLLATE utf8_unicode_ci NOT NULL,
  `token` varchar(255) COLLATE utf8_unicode_ci NOT NULL,
  `created_at` timestamp NULL DEFAULT NULL
) ENGINE=InnoDB DEFAULT CHARSET=utf8 COLLATE=utf8_unicode_ci;

-- --------------------------------------------------------

--
-- Table structure for table `performance_reports`
--

CREATE TABLE `performance_reports` (
  `id` int(10) UNSIGNED NOT NULL,
  `deleted_at` timestamp NULL DEFAULT NULL,
  `created_at` timestamp NULL DEFAULT NULL,
  `updated_at` timestamp NULL DEFAULT NULL,
  `menu` varchar(15) COLLATE utf8_unicode_ci NOT NULL
) ENGINE=InnoDB DEFAULT CHARSET=utf8 COLLATE=utf8_unicode_ci;

-- --------------------------------------------------------

--
-- Table structure for table `permissions`
--

CREATE TABLE `permissions` (
  `id` int(10) UNSIGNED NOT NULL,
  `name` varchar(250) COLLATE utf8_unicode_ci NOT NULL DEFAULT '',
  `display_name` varchar(250) COLLATE utf8_unicode_ci NOT NULL DEFAULT '',
  `description` varchar(1000) COLLATE utf8_unicode_ci NOT NULL,
  `deleted_at` timestamp NULL DEFAULT NULL,
  `created_at` timestamp NULL DEFAULT NULL,
  `updated_at` timestamp NULL DEFAULT NULL
) ENGINE=InnoDB DEFAULT CHARSET=utf8 COLLATE=utf8_unicode_ci;

--
-- Dumping data for table `permissions`
--

INSERT INTO `permissions` (`id`, `name`, `display_name`, `description`, `deleted_at`, `created_at`, `updated_at`) VALUES
(1, 'ADMIN_PANEL', 'Admin Panel', 'Admin Panel Permission', NULL, '2018-12-05 04:23:55', '2018-12-05 04:23:55');

-- --------------------------------------------------------

--
-- Table structure for table `permission_role`
--

CREATE TABLE `permission_role` (
  `permission_id` int(10) UNSIGNED NOT NULL,
  `role_id` int(10) UNSIGNED NOT NULL
) ENGINE=InnoDB DEFAULT CHARSET=utf8 COLLATE=utf8_unicode_ci;

--
-- Dumping data for table `permission_role`
--

INSERT INTO `permission_role` (`permission_id`, `role_id`) VALUES
(1, 1),
(1, 2),
(1, 3),
(1, 4),
(1, 5),
(1, 6),
(1, 7);

-- --------------------------------------------------------

--
-- Table structure for table `photographs`
--

CREATE TABLE `photographs` (
  `id` int(10) UNSIGNED NOT NULL,
  `deleted_at` timestamp NULL DEFAULT NULL,
  `created_at` timestamp NULL DEFAULT NULL,
  `updated_at` timestamp NULL DEFAULT NULL,
  `test_photograph` varchar(256) COLLATE utf8_unicode_ci NOT NULL DEFAULT '20'
) ENGINE=InnoDB DEFAULT CHARSET=utf8 COLLATE=utf8_unicode_ci;

-- --------------------------------------------------------

--
-- Table structure for table `photos`
--

CREATE TABLE `photos` (
  `id` int(10) UNSIGNED NOT NULL,
  `deleted_at` timestamp NULL DEFAULT NULL,
  `created_at` timestamp NULL DEFAULT NULL,
  `updated_at` timestamp NULL DEFAULT NULL,
  `image` int(11) NOT NULL
) ENGINE=InnoDB DEFAULT CHARSET=utf8 COLLATE=utf8_unicode_ci;

-- --------------------------------------------------------

--
-- Table structure for table `presentations`
--

CREATE TABLE `presentations` (
  `id` int(10) UNSIGNED NOT NULL,
  `deleted_at` timestamp NULL DEFAULT NULL,
  `created_at` timestamp NULL DEFAULT NULL,
  `updated_at` timestamp NULL DEFAULT NULL,
  `test_presentation` varchar(256) COLLATE utf8_unicode_ci NOT NULL DEFAULT '20'
) ENGINE=InnoDB DEFAULT CHARSET=utf8 COLLATE=utf8_unicode_ci;

-- --------------------------------------------------------

--
-- Table structure for table `prima_pluse_navs`
--

CREATE TABLE `prima_pluse_navs` (
  `id` int(10) UNSIGNED NOT NULL,
  `deleted_at` timestamp NULL DEFAULT NULL,
  `created_at` timestamp NULL DEFAULT NULL,
  `updated_at` timestamp NULL DEFAULT NULL,
  `test_prima` varchar(256) COLLATE utf8_unicode_ci NOT NULL DEFAULT '20'
) ENGINE=InnoDB DEFAULT CHARSET=utf8 COLLATE=utf8_unicode_ci;

-- --------------------------------------------------------

--
-- Table structure for table `prima_processes`
--

CREATE TABLE `prima_processes` (
  `id` int(10) UNSIGNED NOT NULL,
  `deleted_at` timestamp NULL DEFAULT NULL,
  `created_at` timestamp NULL DEFAULT NULL,
  `updated_at` timestamp NULL DEFAULT NULL,
  `tets_prima` varchar(256) COLLATE utf8_unicode_ci NOT NULL DEFAULT '20'
) ENGINE=InnoDB DEFAULT CHARSET=utf8 COLLATE=utf8_unicode_ci;

-- --------------------------------------------------------

--
-- Table structure for table `priorities`
--

CREATE TABLE `priorities` (
  `id` int(10) UNSIGNED NOT NULL,
  `deleted_at` timestamp NULL DEFAULT NULL,
  `created_at` timestamp NULL DEFAULT NULL,
  `updated_at` timestamp NULL DEFAULT NULL,
  `name` varchar(20) COLLATE utf8_unicode_ci NOT NULL
) ENGINE=InnoDB DEFAULT CHARSET=utf8 COLLATE=utf8_unicode_ci;

--
-- Dumping data for table `priorities`
--

INSERT INTO `priorities` (`id`, `deleted_at`, `created_at`, `updated_at`, `name`) VALUES
(1, NULL, '2018-12-12 08:12:53', '2018-12-12 08:12:53', 'Low'),
(2, NULL, '2018-12-12 08:13:14', '2019-09-20 03:43:29', 'Medium'),
(3, NULL, '2018-12-12 08:14:07', '2019-09-20 03:43:40', 'High'),
(7, '2019-09-21 04:26:23', '2019-09-20 03:46:17', '2019-09-20 03:49:29', 'tedddddst'),
(8, '2019-09-21 04:26:29', '2019-09-21 04:21:11', '2019-09-21 04:22:43', 'teddd'),
(9, NULL, '2019-10-16 12:56:25', '2019-10-16 12:57:32', 'test');

-- --------------------------------------------------------

--
-- Table structure for table `procedure_hrs`
--

CREATE TABLE `procedure_hrs` (
  `id` int(10) UNSIGNED NOT NULL,
  `deleted_at` timestamp NULL DEFAULT NULL,
  `created_at` timestamp NULL DEFAULT NULL,
  `updated_at` timestamp NULL DEFAULT NULL,
  `test_procedure_hr` varchar(256) COLLATE utf8_unicode_ci NOT NULL DEFAULT '20'
) ENGINE=InnoDB DEFAULT CHARSET=utf8 COLLATE=utf8_unicode_ci;

-- --------------------------------------------------------

--
-- Table structure for table `procedure_operations`
--

CREATE TABLE `procedure_operations` (
  `id` int(10) UNSIGNED NOT NULL,
  `deleted_at` timestamp NULL DEFAULT NULL,
  `created_at` timestamp NULL DEFAULT NULL,
  `updated_at` timestamp NULL DEFAULT NULL,
  `test_operations` varchar(256) COLLATE utf8_unicode_ci NOT NULL DEFAULT '20'
) ENGINE=InnoDB DEFAULT CHARSET=utf8 COLLATE=utf8_unicode_ci;

-- --------------------------------------------------------

--
-- Table structure for table `procedure_rds`
--

CREATE TABLE `procedure_rds` (
  `id` int(10) UNSIGNED NOT NULL,
  `deleted_at` timestamp NULL DEFAULT NULL,
  `created_at` timestamp NULL DEFAULT NULL,
  `updated_at` timestamp NULL DEFAULT NULL,
  `test_procedure` varchar(256) COLLATE utf8_unicode_ci NOT NULL DEFAULT '20'
) ENGINE=InnoDB DEFAULT CHARSET=utf8 COLLATE=utf8_unicode_ci;

-- --------------------------------------------------------

--
-- Table structure for table `procedure_temps`
--

CREATE TABLE `procedure_temps` (
  `id` int(10) UNSIGNED NOT NULL,
  `deleted_at` timestamp NULL DEFAULT NULL,
  `created_at` timestamp NULL DEFAULT NULL,
  `updated_at` timestamp NULL DEFAULT NULL,
  `test_procedure` varchar(256) COLLATE utf8_unicode_ci NOT NULL DEFAULT '20'
) ENGINE=InnoDB DEFAULT CHARSET=utf8 COLLATE=utf8_unicode_ci;

-- --------------------------------------------------------

--
-- Table structure for table `products_services`
--

CREATE TABLE `products_services` (
  `id` int(10) UNSIGNED NOT NULL,
  `deleted_at` timestamp NULL DEFAULT NULL,
  `created_at` timestamp NULL DEFAULT NULL,
  `updated_at` timestamp NULL DEFAULT NULL,
  `test_products` varchar(256) COLLATE utf8_unicode_ci NOT NULL DEFAULT '20'
) ENGINE=InnoDB DEFAULT CHARSET=utf8 COLLATE=utf8_unicode_ci;

-- --------------------------------------------------------

--
-- Table structure for table `product_developments`
--

CREATE TABLE `product_developments` (
  `id` int(10) UNSIGNED NOT NULL,
  `deleted_at` timestamp NULL DEFAULT NULL,
  `created_at` timestamp NULL DEFAULT NULL,
  `updated_at` timestamp NULL DEFAULT NULL,
  `test_product` varchar(256) COLLATE utf8_unicode_ci NOT NULL DEFAULT '20'
) ENGINE=InnoDB DEFAULT CHARSET=utf8 COLLATE=utf8_unicode_ci;

-- --------------------------------------------------------

--
-- Table structure for table `projects`
--

CREATE TABLE `projects` (
  `id` int(10) UNSIGNED NOT NULL,
  `project_name` varchar(256) COLLATE utf8_unicode_ci NOT NULL,
  `unit_id` int(10) UNSIGNED NOT NULL DEFAULT '1',
  `department_id` int(10) UNSIGNED NOT NULL DEFAULT '1',
  `event_id` int(10) UNSIGNED NOT NULL DEFAULT '1',
  `category_id` int(10) UNSIGNED NOT NULL DEFAULT '1',
  `start_date` date NOT NULL,
  `end_date` date NOT NULL,
  `user_id` int(10) UNSIGNED NOT NULL DEFAULT '1',
  `status_id` int(10) UNSIGNED NOT NULL DEFAULT '1',
  `business_init_id` int(10) UNSIGNED NOT NULL DEFAULT '1',
  `enable` varchar(255) COLLATE utf8_unicode_ci NOT NULL DEFAULT 'yes',
  `deleted_at` timestamp NULL DEFAULT NULL,
  `created_at` timestamp NULL DEFAULT NULL,
  `updated_at` timestamp NULL DEFAULT NULL
) ENGINE=InnoDB DEFAULT CHARSET=utf8 COLLATE=utf8_unicode_ci;

--
-- Dumping data for table `projects`
--

INSERT INTO `projects` (`id`, `project_name`, `unit_id`, `department_id`, `event_id`, `category_id`, `start_date`, `end_date`, `user_id`, `status_id`, `business_init_id`, `enable`, `deleted_at`, `created_at`, `updated_at`) VALUES
(1, 'Jobseeker', 3, 3, 2, 1, '2018-12-15', '2018-12-20', 2, 1, 1, 'yes', '2018-12-14 00:34:43', '2018-12-14 00:13:09', '2018-12-14 00:34:43'),
(2, 'xyz', 3, 4, 2, 1, '2018-12-21', '2019-01-23', 2, 1, 1, 'yes', '2019-05-04 07:23:16', '2018-12-14 00:35:54', '2019-05-04 07:23:16'),
(3, 'projec3', 3, 2, 3, 1, '2018-12-10', '2018-12-20', 15, 2, 1, 'yes', '2019-05-04 07:23:14', '2018-12-17 01:22:28', '2019-05-04 07:23:14'),
(4, 'project11', 2, 3, 2, 1, '1970-01-01', '1970-01-01', 15, 3, 1, 'yes', '2019-02-16 01:18:49', '2018-12-22 03:11:47', '2018-12-22 03:11:47'),
(5, 'test', 2, 2, 2, 2, '2018-12-27', '2018-12-28', 15, 1, 2, 'yes', '2019-05-04 07:23:12', '2018-12-26 12:32:46', '2019-05-04 07:23:12'),
(6, 'wfsdfr', 2, 1, 1, 2, '2018-12-30', '2018-12-31', 15, 1, 1, 'yes', '2019-05-04 07:23:11', '2018-12-26 12:36:21', '2019-05-04 07:23:11'),
(7, 'aaaaaaaa', 1, 2, 2, 2, '2018-12-29', '2018-12-30', 15, 1, 1, 'yes', '2019-05-04 07:23:09', '2018-12-26 13:06:54', '2019-05-04 07:23:09'),
(8, 'hhh', 2, 2, 1, 2, '2018-12-28', '2018-12-29', 17, 2, 1, 'yes', '2019-05-04 07:23:08', '2018-12-27 14:04:25', '2019-05-04 07:23:08'),
(9, 'HHHH', 1, 2, 1, 1, '2018-12-29', '2018-12-30', 15, 1, 1, 'yes', '2019-01-02 05:33:31', '2018-12-28 13:47:53', '2019-01-02 05:33:31'),
(10, 'HHHH', 2, 2, 2, 2, '2018-12-30', '2018-12-31', 15, 2, 1, 'no', '2019-01-02 05:33:28', '2018-12-28 13:48:17', '2019-01-02 05:33:28'),
(11, 'My First Project', 2, 1, 1, 1, '2019-02-08', '2019-02-28', 23, 1, 1, 'yes', '2019-05-04 07:23:06', '2019-02-13 12:14:31', '2019-05-04 07:23:06'),
(12, 'My Second Project', 2, 2, 1, 2, '2019-02-14', '2019-03-29', 23, 1, 1, 'yes', '2019-05-04 07:23:05', '2019-02-13 12:15:20', '2019-05-04 07:23:05'),
(13, 'my project', 3, 2, 1, 2, '2019-02-16', '2019-02-21', 20, 2, 1, 'yes', '2019-04-26 06:57:23', '2019-02-15 14:24:10', '2019-02-15 14:24:10'),
(14, 'XAzxz', 3, 2, 1, 1, '2019-02-20', '2019-02-21', 20, 5, 2, 'yes', '2019-05-04 07:15:38', '2019-02-16 12:04:35', '2019-04-26 07:50:26'),
(15, 'dsasadsadsadsa', 3, 2, 1, 1, '2019-02-15', '2019-02-28', 20, 1, 2, 'yes', '2019-05-04 07:15:33', '2019-02-16 12:46:07', '2019-02-27 08:58:18'),
(16, 'my project', 3, 3, 1, 1, '2019-02-28', '2019-03-28', 20, 4, 1, 'yes', '2019-05-04 07:15:28', '2019-02-16 12:48:35', '2019-02-27 08:54:51'),
(17, 'dddd', 2, 2, 1, 1, '2019-02-25', '2019-02-25', 20, 1, 1, 'yes', '2019-02-25 01:20:36', '2019-02-25 13:08:11', '2019-02-25 13:08:11'),
(18, 'dddd', 2, 2, 1, 1, '2019-02-25', '2019-02-25', 20, 4, 1, 'yes', '2019-05-04 07:23:03', '2019-02-25 13:08:19', '2019-05-04 07:23:03'),
(19, 'gggg', 2, 2, 1, 2, '2019-02-25', '2019-02-26', 20, 1, 2, 'yes', '2019-02-25 01:20:29', '2019-02-25 13:08:37', '2019-02-25 13:08:37'),
(20, 'project', 3, 2, 1, 1, '2019-02-26', '2019-02-27', 15, 1, 1, 'yes', '2019-05-04 07:23:02', '2019-02-26 06:58:11', '2019-05-04 07:23:02'),
(21, 'hhhh', 1, 2, 1, 1, '2019-04-26', '2019-04-27', 20, 4, 1, 'yes', '2019-05-04 07:23:00', '2019-04-26 07:22:46', '2019-05-04 07:23:00'),
(22, 'Finance Module', 3, 29, 1, 1, '2019-05-07', '2019-11-30', 20, 5, 2, 'yes', NULL, '2019-05-07 15:32:24', '2019-05-07 15:32:24'),
(23, 'Implement the IS&S requirements', 3, 28, 1, 1, '2019-05-08', '2020-02-04', 20, 1, 1, 'yes', NULL, '2019-05-08 05:19:51', '2019-05-08 05:19:51'),
(24, 'Complete Capital Facility Projects on-tim', 3, 26, 1, 2, '2019-05-08', '2020-01-01', 20, 4, 2, 'yes', NULL, '2019-05-08 05:20:34', '2019-05-08 05:20:34'),
(25, 'As applicable on Global programs', 3, 27, 1, 3, '2019-05-08', '2020-10-13', 20, 1, 3, 'yes', NULL, '2019-05-08 05:24:20', '2019-05-08 05:24:20'),
(26, 'Identify candidates from functional areas', 3, 20, 1, 2, '2019-05-08', '2020-12-08', 20, 1, 1, 'yes', NULL, '2019-05-08 05:26:18', '2019-05-08 05:26:18'),
(27, 'Identify SME areas for all functions', 3, 23, 1, 2, '2019-05-08', '2019-12-27', 20, 3, 2, 'yes', NULL, '2019-05-08 05:28:55', '2019-05-08 05:28:55'),
(28, 'Recruit and retain talent', 3, 19, 1, 1, '2019-05-08', '2020-10-21', 20, 2, 2, 'yes', NULL, '2019-05-08 05:37:08', '2019-07-12 10:15:49'),
(29, 'test', 2, 24, 1, 2, '2019-12-04', '2019-12-05', 20, 1, 1, 'yes', NULL, '2019-12-04 11:26:09', '2019-12-04 11:26:09'),
(30, 'test2', 2, 22, 1, 2, '2019-12-04', '2019-12-05', 20, 1, 6, 'yes', NULL, '2019-12-04 11:26:51', '2019-12-04 11:26:51'),
(31, 'test3', 2, 22, 1, 5, '2019-12-04', '2019-12-05', 20, 1, 2, 'yes', NULL, '2019-12-04 11:27:22', '2019-12-04 11:27:22');

-- --------------------------------------------------------

--
-- Table structure for table `project_files`
--

CREATE TABLE `project_files` (
  `id` int(10) UNSIGNED NOT NULL,
  `deleted_at` timestamp NULL DEFAULT NULL,
  `created_at` timestamp NULL DEFAULT NULL,
  `updated_at` timestamp NULL DEFAULT NULL,
  `project_id` int(10) UNSIGNED NOT NULL DEFAULT '1',
  `logedin_user_id` int(10) UNSIGNED NOT NULL DEFAULT '1',
  `upload_id` int(11) NOT NULL DEFAULT '0',
  `project_remark_id` int(10) UNSIGNED NOT NULL DEFAULT '1'
) ENGINE=InnoDB DEFAULT CHARSET=utf8 COLLATE=utf8_unicode_ci;

--
-- Dumping data for table `project_files`
--

INSERT INTO `project_files` (`id`, `deleted_at`, `created_at`, `updated_at`, `project_id`, `logedin_user_id`, `upload_id`, `project_remark_id`) VALUES
(1, NULL, '2018-12-22 04:31:33', '2018-12-22 04:31:33', 2, 15, 4, 1),
(2, NULL, '2018-12-22 04:33:15', '2018-12-22 04:33:15', 3, 15, 5, 1),
(3, NULL, '2018-12-27 09:47:46', '2018-12-27 09:47:46', 4, 1, 9, 1),
(8, NULL, '2018-12-27 10:03:41', '2018-12-27 10:03:41', 4, 15, 14, 1),
(9, NULL, '2018-12-27 10:03:44', '2018-12-27 10:03:44', 4, 15, 15, 1),
(10, NULL, '2018-12-27 10:08:12', '2018-12-27 10:08:12', 4, 1, 18, 1),
(11, NULL, '2018-12-27 10:09:18', '2018-12-27 10:09:18', 4, 1, 19, 1),
(12, NULL, '2018-12-27 10:11:12', '2018-12-27 10:11:12', 4, 1, 20, 1),
(13, NULL, '2018-12-27 10:12:38', '2018-12-27 10:12:38', 4, 1, 21, 1),
(14, NULL, '2018-12-27 10:13:57', '2018-12-27 10:13:57', 4, 15, 22, 1),
(15, NULL, '2018-12-27 10:14:52', '2018-12-27 10:14:52', 4, 1, 23, 1),
(16, NULL, '2018-12-27 10:16:13', '2018-12-27 10:16:13', 4, 1, 24, 1),
(17, NULL, '2018-12-27 10:17:49', '2018-12-27 10:17:49', 4, 1, 25, 1),
(18, NULL, '2018-12-27 10:18:12', '2018-12-27 10:18:12', 4, 15, 26, 1),
(19, NULL, '2018-12-27 10:18:28', '2018-12-27 10:18:28', 4, 1, 27, 1),
(20, NULL, '2018-12-27 10:19:28', '2018-12-27 10:19:28', 4, 1, 28, 1),
(21, NULL, '2018-12-27 10:24:03', '2018-12-27 10:24:03', 4, 1, 29, 1),
(22, NULL, '2018-12-27 10:39:29', '2018-12-27 10:39:29', 4, 15, 30, 1),
(23, NULL, '2018-12-27 13:31:48', '2018-12-27 13:31:48', 4, 15, 40, 1),
(24, NULL, '2018-12-27 13:33:56', '2018-12-27 13:33:56', 4, 15, 41, 1),
(25, NULL, '2018-12-27 13:36:51', '2018-12-27 13:36:51', 4, 15, 42, 1),
(26, '2018-12-27 01:52:25', '2018-12-27 13:49:00', '2018-12-27 13:49:00', 7, 15, 43, 1),
(27, NULL, '2018-12-27 13:51:39', '2018-12-27 13:51:39', 7, 15, 44, 1),
(28, NULL, '2018-12-27 13:55:33', '2018-12-27 13:55:33', 7, 15, 45, 1),
(29, NULL, '2018-12-27 14:17:40', '2018-12-27 14:17:40', 7, 17, 46, 1),
(30, NULL, '2018-12-29 05:08:06', '2018-12-29 05:08:06', 10, 15, 48, 1),
(31, NULL, '2019-01-02 06:19:03', '2019-01-02 06:19:03', 7, 15, 62, 24),
(32, NULL, '2019-01-02 06:23:02', '2019-01-02 06:23:02', 7, 15, 63, 24),
(33, NULL, '2019-01-02 06:48:09', '2019-01-02 06:48:09', 7, 15, 65, 22),
(34, NULL, '2019-02-17 02:47:46', '2019-02-17 02:47:46', 16, 20, 66, 50),
(35, NULL, '2019-02-17 02:48:15', '2019-02-17 02:48:15', 15, 20, 67, 51),
(36, NULL, '2019-02-25 13:39:39', '2019-02-25 13:39:39', 18, 20, 75, 57),
(37, NULL, '2019-09-25 09:20:00', '2019-09-25 09:20:00', 28, 20, 210, 82);

-- --------------------------------------------------------

--
-- Table structure for table `project_histories`
--

CREATE TABLE `project_histories` (
  `id` int(10) UNSIGNED NOT NULL,
  `deleted_at` timestamp NULL DEFAULT NULL,
  `created_at` timestamp NULL DEFAULT NULL,
  `updated_at` timestamp NULL DEFAULT NULL,
  `project_id` int(10) UNSIGNED NOT NULL DEFAULT '1',
  `status_id` int(10) UNSIGNED NOT NULL DEFAULT '1',
  `logedin_user_id` int(10) UNSIGNED NOT NULL DEFAULT '1',
  `remark` text COLLATE utf8_unicode_ci NOT NULL
) ENGINE=InnoDB DEFAULT CHARSET=utf8 COLLATE=utf8_unicode_ci;

--
-- Dumping data for table `project_histories`
--

INSERT INTO `project_histories` (`id`, `deleted_at`, `created_at`, `updated_at`, `project_id`, `status_id`, `logedin_user_id`, `remark`) VALUES
(1, NULL, '2018-12-19 03:35:39', '2018-12-19 03:37:24', 3, 1, 1, 'testing'),
(2, NULL, '2018-12-22 04:31:33', '2018-12-22 04:53:37', 3, 2, 15, '12dfsd'),
(3, NULL, '2018-12-22 04:33:15', '2018-12-22 04:33:15', 4, 1, 15, 'project remark'),
(4, NULL, '2018-12-22 04:50:03', '2018-12-22 04:50:03', 4, 1, 15, '12dfsd'),
(5, NULL, '2018-12-27 09:25:33', '2018-12-27 09:25:33', 4, 3, 15, 'hhhhhhhhhhhhhh'),
(6, NULL, '2018-12-27 09:30:29', '2018-12-27 09:30:29', 4, 2, 15, 'hhhhh'),
(7, NULL, '2018-12-27 09:31:59', '2018-12-27 09:31:59', 4, 3, 15, 'hhhhhhhhhhhhhh'),
(8, NULL, '2018-12-27 09:36:18', '2018-12-27 09:36:18', 4, 3, 15, 'sSs'),
(9, NULL, '2018-12-27 09:41:30', '2018-12-27 09:41:30', 4, 3, 15, 'hhhhhhhhhhhhhh'),
(10, NULL, '2018-12-27 09:42:59', '2018-12-27 09:42:59', 4, 4, 15, 'hhhhhhhhhhhhhh'),
(11, NULL, '2018-12-27 09:56:15', '2018-12-27 09:56:15', 4, 2, 15, 'hhhhhhhhhhhhhh'),
(12, NULL, '2018-12-27 09:58:41', '2018-12-27 09:58:41', 4, 2, 15, 'hhhhhhhhhhhhhh'),
(13, NULL, '2018-12-27 09:59:27', '2018-12-27 09:59:27', 4, 2, 15, 'hhhhhhhhhhhhhh'),
(14, NULL, '2018-12-27 10:01:25', '2018-12-27 10:01:25', 4, 1, 15, 'project remark'),
(15, NULL, '2018-12-27 10:03:41', '2018-12-27 10:03:41', 4, 3, 15, 'hhhhhhhhhhhhhh'),
(16, NULL, '2018-12-27 10:03:44', '2018-12-27 10:08:12', 4, 2, 15, 'project remark'),
(17, NULL, '2018-12-27 10:13:57', '2018-12-27 10:13:57', 4, 2, 15, 'rrrrrrrrrr'),
(18, NULL, '2018-12-27 10:18:12', '2018-12-27 10:18:12', 4, 3, 15, 'hhhhhhhhhhhhhh'),
(19, NULL, '2018-12-27 13:36:51', '2018-12-27 13:36:51', 4, 3, 15, 'AS'),
(20, NULL, '2018-12-27 13:49:00', '2018-12-27 13:49:00', 7, 3, 15, 'project remark'),
(21, NULL, '2018-12-27 13:55:33', '2018-12-27 13:55:33', 7, 2, 15, 'gggggg'),
(22, NULL, '2018-12-27 14:17:40', '2019-01-02 06:48:09', 7, 4, 17, 'today'),
(23, '2019-05-04 07:24:22', '2018-12-29 05:08:06', '2019-05-04 07:24:22', 10, 4, 15, 'hhhhhhhhhhhhhh'),
(24, NULL, '2019-01-02 06:19:03', '2019-01-02 06:23:02', 7, 4, 15, 'today'),
(25, NULL, '2019-01-05 04:42:49', '2019-01-05 04:42:49', 3, 3, 15, ''),
(26, '2019-05-04 07:24:25', '2019-01-05 04:43:20', '2019-05-04 07:24:25', 3, 3, 15, ''),
(27, '2019-05-04 07:24:23', '2019-01-05 04:44:23', '2019-05-04 07:24:23', 3, 3, 15, ''),
(28, NULL, '2019-02-15 14:32:37', '2019-02-15 14:32:37', 13, 2, 20, 'hhhhh'),
(29, NULL, '2019-02-16 12:04:19', '2019-02-16 12:04:19', 13, 2, 20, ''),
(30, NULL, '2019-02-16 12:08:23', '2019-02-16 12:08:23', 14, 1, 20, ''),
(31, '2019-05-04 07:24:31', '2019-02-16 12:25:40', '2019-05-04 07:24:31', 14, 3, 20, ''),
(32, '2019-05-04 07:24:29', '2019-02-16 12:39:33', '2019-05-04 07:24:29', 14, 3, 20, ''),
(33, '2019-05-04 07:24:18', '2019-02-16 12:41:52', '2019-05-04 07:24:18', 14, 3, 20, ''),
(34, '2019-04-26 06:57:10', '2019-02-16 12:48:47', '2019-02-16 12:48:47', 16, 1, 20, ''),
(35, '2019-05-04 07:24:17', '2019-02-16 13:32:15', '2019-05-04 07:24:17', 16, 4, 20, ''),
(36, '2019-05-04 07:24:16', '2019-02-16 02:13:32', '2019-05-04 07:24:16', 16, 2, 20, ''),
(37, '2019-05-04 07:24:15', '2019-02-16 02:13:36', '2019-05-04 07:24:15', 16, 3, 20, ''),
(38, '2019-05-04 07:24:13', '2019-02-16 02:13:38', '2019-05-04 07:24:13', 16, 4, 20, ''),
(39, '2019-05-04 07:24:07', '2019-02-16 02:13:39', '2019-05-04 07:24:07', 16, 1, 20, ''),
(40, '2019-05-04 07:24:06', '2019-02-16 02:13:40', '2019-05-04 07:24:06', 16, 2, 20, ''),
(41, '2019-05-04 07:24:05', '2019-02-16 02:13:42', '2019-05-04 07:24:05', 16, 1, 20, ''),
(42, '2019-05-04 07:24:03', '2019-02-16 02:13:42', '2019-05-04 07:24:03', 16, 2, 20, ''),
(43, '2019-05-04 07:24:02', '2019-02-16 02:13:43', '2019-05-04 07:24:02', 16, 1, 20, ''),
(44, '2019-05-04 07:24:01', '2019-02-16 02:13:44', '2019-05-04 07:24:01', 16, 2, 20, ''),
(45, '2019-05-04 07:24:00', '2019-02-16 02:13:45', '2019-05-04 07:24:00', 16, 4, 20, ''),
(46, '2019-05-04 07:23:58', '2019-02-16 02:13:46', '2019-05-04 07:23:58', 16, 5, 20, ''),
(47, '2019-05-04 07:23:57', '2019-02-16 02:13:48', '2019-05-04 07:23:57', 16, 2, 20, ''),
(48, '2019-02-17 02:37:48', '2019-02-16 02:13:49', '2019-02-16 02:13:49', 16, 1, 20, ''),
(49, '2019-05-04 07:23:56', '2019-02-17 01:49:15', '2019-05-04 07:23:56', 3, 4, 15, ''),
(50, '2019-05-04 07:23:55', '2019-02-17 02:47:46', '2019-05-04 07:23:55', 16, 2, 20, ''),
(51, '2019-05-04 07:23:53', '2019-02-17 02:48:15', '2019-05-04 07:23:53', 15, 1, 20, ''),
(52, '2019-05-04 07:23:52', '2019-02-25 11:01:27', '2019-05-04 07:23:52', 16, 3, 20, ''),
(53, '2019-05-04 07:23:51', '2019-02-25 01:13:16', '2019-05-04 07:23:51', 19, 1, 20, ''),
(54, '2019-05-04 07:23:50', '2019-02-25 01:13:30', '2019-05-04 07:23:50', 19, 1, 20, ''),
(55, '2019-05-04 07:23:48', '2019-02-25 13:25:38', '2019-05-04 07:23:48', 18, 2, 20, ''),
(56, '2019-05-04 07:23:47', '2019-02-25 13:25:46', '2019-05-04 07:23:47', 18, 3, 20, ''),
(57, '2019-02-25 01:39:43', '2019-02-25 13:39:39', '2019-02-25 13:39:39', 18, 2, 20, 'ASaSA'),
(58, '2019-02-25 01:42:38', '2019-02-25 01:40:16', '2019-02-25 01:40:16', 18, 4, 20, ''),
(59, '2019-05-04 07:23:46', '2019-02-26 06:33:47', '2019-05-04 07:23:46', 3, 4, 15, ''),
(60, '2019-05-04 07:23:44', '2019-02-26 06:34:09', '2019-05-04 07:23:44', 3, 2, 15, 'hhhh'),
(61, '2019-05-04 07:23:43', '2019-02-26 07:24:43', '2019-05-04 07:23:43', 20, 1, 15, 'hhhh'),
(62, '2019-05-04 07:23:42', '2019-02-27 06:32:18', '2019-05-04 07:23:42', 16, 4, 20, ''),
(63, '2019-05-04 07:23:40', '2019-02-27 08:54:09', '2019-05-04 07:23:41', 16, 4, 20, ''),
(64, '2019-05-04 07:23:39', '2019-02-27 08:54:17', '2019-05-04 07:23:39', 16, 4, 20, ''),
(65, '2019-05-04 07:23:38', '2019-02-27 08:54:27', '2019-05-04 07:23:38', 16, 4, 20, ''),
(66, '2019-05-04 07:23:36', '2019-02-27 08:54:51', '2019-05-04 07:23:36', 16, 4, 20, ''),
(67, '2019-05-04 07:23:35', '2019-02-27 08:58:18', '2019-05-04 07:23:35', 15, 1, 20, ''),
(68, '2019-05-04 07:23:33', '2019-04-26 07:06:25', '2019-05-04 07:23:33', 14, 3, 20, ''),
(69, '2019-05-04 07:23:31', '2019-04-26 07:33:44', '2019-05-04 07:23:31', 21, 4, 20, ''),
(70, '2019-05-04 07:23:30', '2019-04-26 07:50:26', '2019-05-04 07:23:30', 14, 5, 20, ''),
(71, '2019-05-04 07:23:29', '2019-04-27 09:29:38', '2019-05-04 07:23:29', 16, 4, 20, ''),
(72, '2019-05-04 07:23:27', '2019-04-29 05:35:29', '2019-05-04 07:23:27', 16, 4, 20, ''),
(73, '2019-05-04 07:23:25', '2019-04-29 05:36:12', '2019-05-04 07:23:25', 16, 4, 20, ''),
(74, NULL, '2019-05-08 06:46:53', '2019-05-08 06:46:53', 28, 2, 20, 'hhiii'),
(75, NULL, '2019-05-08 06:47:03', '2019-05-08 06:47:03', 27, 3, 20, 'hhhhiii'),
(76, NULL, '2019-05-08 06:47:09', '2019-05-08 06:47:09', 25, 1, 20, ''),
(77, NULL, '2019-05-08 06:47:16', '2019-05-08 06:47:16', 24, 4, 20, 'hhhii'),
(78, NULL, '2019-05-08 06:48:13', '2019-05-08 06:48:13', 22, 5, 20, 'hhiii'),
(79, NULL, '2019-06-11 11:09:23', '2019-06-11 11:09:23', 28, 3, 20, ''),
(80, NULL, '2019-06-26 10:25:14', '2019-06-26 10:25:14', 22, 5, 20, ''),
(81, NULL, '2019-06-26 10:44:08', '2019-06-26 10:44:08', 28, 3, 20, ''),
(82, NULL, '2019-07-12 10:15:49', '2019-07-12 10:15:49', 28, 2, 20, ''),
(83, NULL, '2019-09-20 07:45:29', '2019-09-20 07:45:29', 7, 1, 20, ''),
(84, NULL, '2019-09-21 05:32:34', '2019-09-21 05:32:34', 7, 1, 20, ''),
(85, NULL, '2019-10-30 06:28:21', '2019-10-30 06:28:21', 28, 2, 20, '');

-- --------------------------------------------------------

--
-- Table structure for table `project_trackers`
--

CREATE TABLE `project_trackers` (
  `id` int(10) UNSIGNED NOT NULL,
  `deleted_at` timestamp NULL DEFAULT NULL,
  `created_at` timestamp NULL DEFAULT NULL,
  `updated_at` timestamp NULL DEFAULT NULL,
  `permission` varchar(256) COLLATE utf8_unicode_ci NOT NULL DEFAULT '20'
) ENGINE=InnoDB DEFAULT CHARSET=utf8 COLLATE=utf8_unicode_ci;

-- --------------------------------------------------------

--
-- Table structure for table `quartupdatmanufacturs`
--

CREATE TABLE `quartupdatmanufacturs` (
  `id` int(10) UNSIGNED NOT NULL,
  `deleted_at` timestamp NULL DEFAULT NULL,
  `created_at` timestamp NULL DEFAULT NULL,
  `updated_at` timestamp NULL DEFAULT NULL,
  `highlight` varchar(256) COLLATE utf8_unicode_ci NOT NULL,
  `majorgaps` varchar(256) COLLATE utf8_unicode_ci NOT NULL,
  `challenges` varchar(256) COLLATE utf8_unicode_ci NOT NULL,
  `priorities` varchar(256) COLLATE utf8_unicode_ci NOT NULL,
  `photo` tinytext COLLATE utf8_unicode_ci,
  `year` varchar(10) COLLATE utf8_unicode_ci NOT NULL,
  `quarterly` varchar(10) COLLATE utf8_unicode_ci NOT NULL,
  `dept_id` int(11) NOT NULL,
  `unit_id` varchar(20) COLLATE utf8_unicode_ci NOT NULL,
  `remark` varchar(100) COLLATE utf8_unicode_ci NOT NULL
) ENGINE=InnoDB DEFAULT CHARSET=utf8 COLLATE=utf8_unicode_ci;

--
-- Dumping data for table `quartupdatmanufacturs`
--

INSERT INTO `quartupdatmanufacturs` (`id`, `deleted_at`, `created_at`, `updated_at`, `highlight`, `majorgaps`, `challenges`, `priorities`, `photo`, `year`, `quarterly`, `dept_id`, `unit_id`, `remark`) VALUES
(99, '2019-09-03 06:19:58', '2019-08-28 01:57:54', '2019-08-28 01:57:54', 'rajendra', '', '', '', '145, 146', '2019', 'q1', 19, '3', ''),
(100, NULL, '2019-08-28 03:32:15', '2019-11-05 11:17:31', '<span>Highlights</span>', '<span>Improvement Opportunities</span>', '<span>Challenges</span>', '<span>Priorities</span>', '217', '2018', 'q1', 19, '3', 'test'),
(101, NULL, '2019-08-28 04:24:28', '2019-11-18 12:54:00', 'qq', 'qqq', 'qq', 'aa', '255, 256', '2021', 'Q2', 27, '3', 'test'),
(102, NULL, '2019-08-28 12:03:42', '2019-11-05 06:16:30', '<ul><li><span>Highlight A</span></li><li><span>Highlight B</span></li><li><span>Highlight C</span></li></ul>', '<ul><li>Opportunities 1</li><li>Opportunities 2</li></ul>', '<span>Challenges</span><br><ul><li><span>Challenges</span></li><li><span>Challenges</span></li></ul>', '<ul><li>Priorities</li><li>Priorities</li></ul>', '227, 228, 229, 230', '2019', 'Q1', 19, '3', 'Test Report'),
(103, NULL, '2019-08-28 12:04:49', '2019-10-23 22:02:09', '<ul><li>Highlight 1</li><li>Highlight 2</li><li>Highlight 3</li></ul>', '<ul><li>Opportunities 1</li><li>Opportunities 2</li><li>Opportunities 3</li></ul>', '<ul><li>Challenges 1</li><li>Challenges 2</li><li>Challenges 3</li></ul>', '<ul><li>Priorities</li><li>Priorities</li><li>Priorities</li></ul>', '223', '2019', 'Q1', 28, '3', 'test'),
(104, NULL, '2019-08-28 12:06:17', '2019-11-16 13:29:23', '<ul><li>ABCDE</li><li>ABCDE</li><li>ABCDE</li></ul>', '<ul><li>Improvement</li><li>Improvement</li></ul>', '<ul><li>Challenges</li><li>Challenges</li><li>Challenges</li></ul>', '<ul><li><span>Priorities</span></li><li><span>Priorities</span></li></ul>', '241, 242, 243', '2021', 'Q3', 27, '3', 'test remark'),
(110, NULL, '2019-09-07 07:01:56', '2019-10-23 22:04:21', '<ul><li>Highlights</li><li>Highlights</li><li>Highlights</li></ul>', '<ul><li>Opportunities</li><li>Opportunities</li><li>Opportunities</li></ul>', '<ul><li><span>Challenges</span></li><li>Challenges</li><li>Challenges</li></ul>', '<ul><li>Priorities</li><li>Priorities</li></ul>', '224', '2019', 'Q4', 19, '3', 'test - ABCDE'),
(111, NULL, '2019-09-09 05:04:26', '2019-10-23 22:06:38', '<div><ul><li>Highlights</li><li>Highlights</li><li>Highlights</li></ul></div>', '<ul><li>Opportunities</li><li>Opportunities</li><li>Opportunities</li></ul>', '<ul><li>Challenges</li><li>Challenges</li></ul>', '<ul><li>Next</li><li>Next</li><li>Next</li></ul>', '225', '2019', 'Q1', 19, '3', 'rajendra remark'),
(112, NULL, '2019-10-19 09:01:42', '2019-10-19 09:01:42', '<ul><li>Highlight 1&#160;</li><li>Highlight 2</li><li>Highlight 3</li></ul>', '<ol><li>Improvement Opportunity 1</li><li>Improvement Opportunity 2</li></ol>', '<ul><li>Challenge 1</li><li>Challenge 2</li></ul>', '1. Priority next<div>2. Next Priority<br><div><br></div></div>', NULL, '2020', 'Q2', 26, '3', 'Update'),
(113, NULL, '2019-10-19 13:12:25', '2019-10-19 13:12:25', '<ul><li>Highlight 1</li><li>Highlight 2</li><li>Highlight 3</li></ul>', '<ul><li>Improvement Opportunity 1</li><li>Improvement Opportunity 2</li><li>Improvement Opportunity 3</li></ul>', '<ul><li>Challenges 1</li><li>Challenges 2</li></ul>', '<div><ol><li>Priorities</li><li>Priorities</li><li>Priorities</li></ol></div>', '221', '2020', 'Q1', 26, '3', 'ABC'),
(120, '2019-11-05 01:33:11', '2019-11-05 10:04:43', '2019-11-05 13:29:14', '<span>aaaaaa</span>', '<span>aaaaaa</span>', '<span>aaaaaa</span>', 'aaaaaa', '240', '2022', 'Q1', 28, '3', 'c'),
(121, '2019-11-18 07:29:20', '2019-11-18 07:26:53', '2019-11-18 07:26:53', 'SS', 'SS', 'SS', 'SS', 'Array', '2022', 'Q4', 19, '3', 'ASS'),
(122, '2019-11-18 07:29:16', '2019-11-18 07:27:37', '2019-11-18 07:27:37', 'SS', 'SS', 'SS', 'SS', 'Array', '2022', 'Q4', 27, '3', 'ASS'),
(123, '2019-11-18 07:29:12', '2019-11-18 07:28:18', '2019-11-18 07:28:18', 'SS', 'SS', 'SS', 'SS', NULL, '2022', 'Q1', 27, '3', 'ASS');

-- --------------------------------------------------------

--
-- Table structure for table `reflection_past_years`
--

CREATE TABLE `reflection_past_years` (
  `id` int(10) UNSIGNED NOT NULL,
  `deleted_at` timestamp NULL DEFAULT NULL,
  `created_at` timestamp NULL DEFAULT NULL,
  `updated_at` timestamp NULL DEFAULT NULL,
  `menu` varchar(15) COLLATE utf8_unicode_ci NOT NULL
) ENGINE=InnoDB DEFAULT CHARSET=utf8 COLLATE=utf8_unicode_ci;

-- --------------------------------------------------------

--
-- Table structure for table `roles`
--

CREATE TABLE `roles` (
  `id` int(10) UNSIGNED NOT NULL,
  `name` varchar(250) COLLATE utf8_unicode_ci NOT NULL DEFAULT '',
  `display_name` varchar(250) COLLATE utf8_unicode_ci NOT NULL DEFAULT '',
  `description` varchar(1000) COLLATE utf8_unicode_ci NOT NULL,
  `parent` int(10) UNSIGNED NOT NULL DEFAULT '1',
  `dept` int(10) UNSIGNED NOT NULL DEFAULT '1',
  `deleted_at` timestamp NULL DEFAULT NULL,
  `created_at` timestamp NULL DEFAULT NULL,
  `updated_at` timestamp NULL DEFAULT NULL
) ENGINE=InnoDB DEFAULT CHARSET=utf8 COLLATE=utf8_unicode_ci;

--
-- Dumping data for table `roles`
--

INSERT INTO `roles` (`id`, `name`, `display_name`, `description`, `parent`, `dept`, `deleted_at`, `created_at`, `updated_at`) VALUES
(1, 'SUPER_ADMIN', 'Super Admin', 'Full Access Role', 1, 1, NULL, '2018-12-05 04:23:48', '2018-12-05 04:23:48'),
(2, 'ADMIN', 'Company Admin', 'ADMIN', 1, 1, NULL, '2018-12-12 01:08:25', '2019-09-23 03:39:25'),
(3, 'MANAGER', 'Top Management (L1)', 'MANAGER', 1, 1, NULL, '2018-12-12 01:09:17', '2019-09-23 03:39:07'),
(4, 'DEPARTMENT_HEAD', 'Department Admin (L2)', 'DEPARTMENT_HEAD', 1, 1, NULL, '2018-12-12 01:10:13', '2019-09-23 03:40:23'),
(5, 'MANAGEMENT_TEAM', 'Management Admin (L3)', 'Senior Management personal', 1, 1, NULL, '2019-03-20 18:12:10', '2019-09-23 03:40:58'),
(6, 'SECTION_HEAD', 'Section Admin (L4)', 'SECTION_HEAD', 1, 1, NULL, '2019-09-20 04:58:52', '2019-09-23 03:41:09'),
(7, 'USER', 'User', 'USER', 1, 1, NULL, '2019-09-20 05:01:22', '2019-09-23 03:37:35');

-- --------------------------------------------------------

--
-- Table structure for table `role_module`
--

CREATE TABLE `role_module` (
  `id` int(10) UNSIGNED NOT NULL,
  `role_id` int(10) UNSIGNED NOT NULL,
  `module_id` int(10) UNSIGNED NOT NULL,
  `acc_view` tinyint(1) NOT NULL,
  `acc_create` tinyint(1) NOT NULL,
  `acc_edit` tinyint(1) NOT NULL,
  `acc_delete` tinyint(1) NOT NULL,
  `created_at` timestamp NULL DEFAULT NULL,
  `updated_at` timestamp NULL DEFAULT NULL
) ENGINE=InnoDB DEFAULT CHARSET=utf8 COLLATE=utf8_unicode_ci;

--
-- Dumping data for table `role_module`
--

INSERT INTO `role_module` (`id`, `role_id`, `module_id`, `acc_view`, `acc_create`, `acc_edit`, `acc_delete`, `created_at`, `updated_at`) VALUES
(1, 1, 1, 1, 1, 1, 1, '2018-12-05 04:23:48', '2018-12-05 04:23:48'),
(2, 1, 2, 1, 1, 1, 1, '2018-12-05 04:23:48', '2018-12-05 04:23:48'),
(3, 1, 3, 1, 1, 1, 1, '2018-12-05 04:23:49', '0000-00-00 00:00:00'),
(4, 1, 4, 1, 1, 1, 1, '2018-12-05 04:23:49', '0000-00-00 00:00:00'),
(5, 1, 5, 1, 1, 1, 1, '2018-12-05 04:23:49', '0000-00-00 00:00:00'),
(6, 1, 6, 1, 1, 1, 1, '2018-12-05 04:23:49', '0000-00-00 00:00:00'),
(7, 1, 7, 1, 1, 1, 1, '2018-12-05 04:23:50', '2018-12-05 04:23:50'),
(8, 1, 8, 1, 1, 1, 1, '2018-12-05 04:23:50', '2018-12-05 04:23:50'),
(9, 1, 9, 1, 1, 1, 1, '2018-12-05 04:23:50', '2018-12-05 04:23:50'),
(10, 1, 10, 1, 1, 1, 1, '2018-12-05 04:23:51', '2018-12-05 04:23:51'),
(11, 1, 11, 1, 1, 1, 1, '2018-12-05 04:23:51', '2018-12-05 04:23:51'),
(12, 1, 12, 1, 1, 1, 1, '2018-12-05 04:23:51', '2018-12-05 04:23:51'),
(13, 1, 13, 1, 1, 1, 1, '2018-12-05 04:23:52', '2018-12-05 04:23:52'),
(14, 1, 14, 1, 1, 1, 1, '2018-12-05 04:23:52', '2018-12-05 04:23:52'),
(15, 1, 15, 1, 1, 1, 1, '2018-12-05 04:23:52', '2018-12-05 04:23:52'),
(17, 1, 17, 1, 1, 1, 1, '2018-12-05 04:23:52', '0000-00-00 00:00:00'),
(18, 1, 18, 1, 1, 1, 1, '2018-12-05 04:23:52', '2018-12-05 04:23:52'),
(19, 1, 19, 1, 1, 1, 1, '2018-12-05 04:23:52', '0000-00-00 00:00:00'),
(20, 1, 20, 1, 1, 1, 1, '2018-12-05 04:23:53', '0000-00-00 00:00:00'),
(21, 1, 21, 1, 1, 1, 1, '2018-12-05 04:23:53', '2018-12-05 04:23:53'),
(22, 1, 22, 1, 1, 1, 1, '2018-12-05 04:23:53', '2018-12-05 04:23:53'),
(24, 1, 24, 1, 1, 1, 1, '2018-12-05 04:23:54', '0000-00-00 00:00:00'),
(25, 1, 25, 1, 1, 1, 1, '2018-12-05 04:23:54', '0000-00-00 00:00:00'),
(26, 1, 26, 1, 1, 1, 1, '2018-12-05 04:23:55', '2018-12-05 04:23:55'),
(27, 1, 27, 1, 1, 1, 1, '2018-12-05 04:23:55', '2018-12-05 04:23:55'),
(28, 2, 1, 1, 1, 1, 1, '2018-12-12 01:08:26', '2018-12-12 01:08:26'),
(29, 2, 2, 1, 1, 1, 1, '2018-12-12 01:08:26', '2018-12-12 01:08:26'),
(30, 2, 3, 1, 1, 1, 1, '2018-12-12 01:08:26', '0000-00-00 00:00:00'),
(31, 2, 4, 1, 1, 1, 1, '2018-12-12 01:08:27', '0000-00-00 00:00:00'),
(32, 2, 5, 1, 1, 1, 1, '2018-12-12 01:08:27', '0000-00-00 00:00:00'),
(33, 2, 6, 1, 1, 1, 1, '2018-12-12 01:08:27', '0000-00-00 00:00:00'),
(34, 2, 7, 1, 1, 1, 1, '2018-12-12 01:08:27', '2018-12-12 01:08:27'),
(35, 2, 8, 1, 1, 1, 1, '2018-12-12 01:08:28', '2018-12-12 01:08:28'),
(36, 2, 9, 1, 1, 1, 1, '2018-12-12 01:08:28', '2018-12-12 01:08:28'),
(37, 2, 10, 1, 1, 1, 1, '2018-12-12 01:08:29', '2018-12-12 01:08:29'),
(38, 2, 11, 1, 1, 1, 1, '2018-12-12 01:08:29', '2018-12-12 01:08:29'),
(39, 2, 12, 1, 1, 1, 1, '2018-12-12 01:08:29', '2018-12-12 01:08:29'),
(40, 2, 13, 1, 1, 1, 1, '2018-12-12 01:08:29', '2018-12-12 01:08:29'),
(41, 2, 14, 1, 1, 1, 1, '2018-12-12 01:08:29', '2018-12-12 01:08:29'),
(42, 2, 15, 1, 1, 1, 1, '2018-12-12 01:08:30', '0000-00-00 00:00:00'),
(44, 2, 17, 1, 1, 1, 1, '2018-12-12 01:08:30', '0000-00-00 00:00:00'),
(45, 2, 18, 1, 1, 1, 1, '2018-12-12 01:08:30', '2018-12-12 01:08:30'),
(46, 2, 19, 1, 1, 1, 1, '2018-12-12 01:08:30', '0000-00-00 00:00:00'),
(47, 2, 20, 1, 1, 1, 1, '2018-12-12 01:08:30', '0000-00-00 00:00:00'),
(48, 2, 21, 1, 1, 1, 1, '2018-12-12 01:08:31', '2018-12-12 01:08:31'),
(49, 2, 22, 1, 1, 1, 1, '2018-12-12 01:08:31', '2018-12-12 01:08:31'),
(51, 2, 24, 1, 1, 1, 1, '2018-12-12 01:08:31', '0000-00-00 00:00:00'),
(52, 2, 25, 1, 1, 1, 1, '2018-12-12 01:08:32', '0000-00-00 00:00:00'),
(53, 2, 26, 1, 1, 1, 1, '2018-12-12 01:08:32', '2018-12-12 01:08:32'),
(54, 2, 27, 1, 1, 1, 1, '2018-12-12 01:08:32', '0000-00-00 00:00:00'),
(55, 3, 1, 1, 0, 0, 0, '2018-12-12 01:09:17', '2018-12-12 01:09:17'),
(56, 3, 2, 1, 0, 0, 0, '2018-12-12 01:09:17', '2018-12-12 01:09:17'),
(57, 3, 3, 1, 0, 0, 0, '2018-12-12 01:09:18', '0000-00-00 00:00:00'),
(58, 3, 4, 1, 0, 0, 0, '2018-12-12 01:09:18', '0000-00-00 00:00:00'),
(59, 3, 5, 1, 0, 0, 0, '2018-12-12 01:09:18', '0000-00-00 00:00:00'),
(60, 3, 6, 1, 0, 0, 0, '2018-12-12 01:09:18', '0000-00-00 00:00:00'),
(61, 3, 7, 1, 0, 0, 0, '2018-12-12 01:09:19', '2018-12-12 01:09:19'),
(62, 3, 8, 1, 0, 0, 0, '2018-12-12 01:09:19', '2018-12-12 01:09:19'),
(63, 3, 9, 1, 0, 0, 0, '2018-12-12 01:09:19', '2018-12-12 01:09:19'),
(64, 3, 10, 1, 0, 0, 0, '2018-12-12 01:09:20', '2018-12-12 01:09:20'),
(65, 3, 11, 1, 0, 0, 0, '2018-12-12 01:09:20', '2018-12-12 01:09:20'),
(66, 3, 12, 1, 0, 0, 0, '2018-12-12 01:09:20', '2018-12-12 01:09:20'),
(67, 3, 13, 1, 0, 0, 0, '2018-12-12 01:09:21', '2018-12-12 01:09:21'),
(68, 3, 14, 1, 0, 0, 0, '2018-12-12 01:09:21', '2018-12-12 01:09:21'),
(69, 3, 15, 1, 1, 1, 1, '2018-12-12 01:09:21', '0000-00-00 00:00:00'),
(71, 3, 17, 1, 1, 1, 1, '2018-12-12 01:09:21', '0000-00-00 00:00:00'),
(72, 3, 18, 1, 0, 0, 0, '2018-12-12 01:09:21', '2018-12-12 01:09:21'),
(73, 3, 19, 1, 1, 1, 1, '2018-12-12 01:09:21', '0000-00-00 00:00:00'),
(74, 3, 20, 1, 1, 1, 1, '2018-12-12 01:09:22', '0000-00-00 00:00:00'),
(75, 3, 21, 1, 0, 0, 0, '2018-12-12 01:09:22', '2018-12-12 01:09:22'),
(76, 3, 22, 1, 0, 0, 0, '2018-12-12 01:09:22', '2018-12-12 01:09:22'),
(78, 3, 24, 1, 1, 1, 1, '2018-12-12 01:09:23', '0000-00-00 00:00:00'),
(79, 3, 25, 1, 1, 1, 1, '2018-12-12 01:09:23', '0000-00-00 00:00:00'),
(80, 3, 26, 1, 0, 0, 0, '2018-12-12 01:09:24', '2018-12-12 01:09:24'),
(81, 3, 27, 1, 1, 1, 1, '2018-12-12 01:09:24', '0000-00-00 00:00:00'),
(82, 4, 1, 1, 0, 0, 0, '2018-12-12 01:10:14', '2018-12-12 01:10:14'),
(83, 4, 2, 1, 0, 0, 0, '2018-12-12 01:10:14', '2018-12-12 01:10:14'),
(84, 4, 3, 1, 0, 0, 0, '2018-12-12 01:10:14', '0000-00-00 00:00:00'),
(85, 4, 4, 1, 0, 0, 0, '2018-12-12 01:10:14', '0000-00-00 00:00:00'),
(86, 4, 5, 1, 1, 1, 1, '2018-12-12 01:10:15', '0000-00-00 00:00:00'),
(87, 4, 6, 1, 0, 0, 0, '2018-12-12 01:10:15', '0000-00-00 00:00:00'),
(88, 4, 7, 1, 0, 0, 0, '2018-12-12 01:10:15', '2018-12-12 01:10:15'),
(89, 4, 8, 1, 0, 0, 0, '2018-12-12 01:10:15', '2018-12-12 01:10:15'),
(90, 4, 9, 1, 0, 0, 0, '2018-12-12 01:10:15', '2018-12-12 01:10:15'),
(91, 4, 10, 1, 0, 0, 0, '2018-12-12 01:10:16', '2018-12-12 01:10:16'),
(92, 4, 11, 1, 0, 0, 0, '2018-12-12 01:10:16', '2018-12-12 01:10:16'),
(93, 4, 12, 1, 0, 0, 0, '2018-12-12 01:10:17', '2018-12-12 01:10:17'),
(94, 4, 13, 1, 0, 0, 0, '2018-12-12 01:10:17', '2018-12-12 01:10:17'),
(95, 4, 14, 1, 0, 0, 0, '2018-12-12 01:10:17', '2018-12-12 01:10:17'),
(96, 4, 15, 1, 0, 0, 0, '2018-12-12 01:10:17', '0000-00-00 00:00:00'),
(98, 4, 17, 1, 1, 1, 1, '2018-12-12 01:10:17', '0000-00-00 00:00:00'),
(99, 4, 18, 1, 0, 0, 0, '2018-12-12 01:10:17', '2018-12-12 01:10:17'),
(100, 4, 19, 1, 1, 1, 1, '2018-12-12 01:10:17', '0000-00-00 00:00:00'),
(101, 4, 20, 1, 1, 1, 1, '2018-12-12 01:10:18', '0000-00-00 00:00:00'),
(102, 4, 21, 1, 0, 0, 0, '2018-12-12 01:10:18', '2018-12-12 01:10:18'),
(103, 4, 22, 1, 0, 0, 0, '2018-12-12 01:10:18', '2018-12-12 01:10:18'),
(105, 4, 24, 1, 1, 1, 1, '2018-12-12 01:10:19', '0000-00-00 00:00:00'),
(106, 4, 25, 1, 0, 0, 0, '2018-12-12 01:10:19', '0000-00-00 00:00:00'),
(107, 4, 26, 1, 0, 0, 0, '2018-12-12 01:10:20', '2018-12-12 01:10:20'),
(108, 4, 27, 1, 0, 0, 0, '2018-12-12 01:10:20', '0000-00-00 00:00:00'),
(109, 1, 28, 1, 1, 1, 1, '2018-12-12 05:54:30', '2018-12-12 05:54:30'),
(110, 1, 29, 1, 1, 1, 1, '2018-12-19 03:27:13', '2018-12-19 03:27:13'),
(111, 1, 30, 1, 1, 1, 1, '2018-12-19 03:47:00', '2018-12-19 03:47:00'),
(112, 1, 31, 1, 1, 1, 1, '2018-12-20 01:14:16', '2018-12-20 01:14:16'),
(113, 1, 32, 1, 1, 1, 1, '2018-12-20 01:28:53', '0000-00-00 00:00:00'),
(114, 1, 33, 1, 1, 1, 1, '2018-12-22 03:08:18', '0000-00-00 00:00:00'),
(115, 1, 34, 1, 0, 1, 0, '2019-01-16 06:05:30', '0000-00-00 00:00:00'),
(116, 2, 34, 1, 1, 1, 1, '2019-01-16 06:07:07', '0000-00-00 00:00:00'),
(117, 3, 34, 1, 1, 1, 1, '2019-01-16 06:07:07', '0000-00-00 00:00:00'),
(118, 4, 34, 1, 0, 0, 0, '2019-01-16 06:07:07', '0000-00-00 00:00:00'),
(119, 1, 35, 1, 1, 1, 1, '2019-01-18 04:30:03', '0000-00-00 00:00:00'),
(120, 1, 36, 1, 1, 1, 1, '2019-01-18 04:42:13', '0000-00-00 00:00:00'),
(121, 2, 35, 1, 1, 1, 1, '2019-01-18 08:17:34', '0000-00-00 00:00:00'),
(122, 3, 35, 1, 1, 1, 1, '2019-01-18 08:17:34', '0000-00-00 00:00:00'),
(123, 4, 35, 1, 1, 1, 1, '2019-01-18 08:17:34', '0000-00-00 00:00:00'),
(124, 2, 36, 1, 1, 1, 1, '2019-01-18 08:32:45', '0000-00-00 00:00:00'),
(125, 3, 36, 1, 1, 1, 1, '2019-01-18 08:32:45', '0000-00-00 00:00:00'),
(126, 4, 36, 1, 0, 0, 0, '2019-01-18 08:32:45', '0000-00-00 00:00:00'),
(127, 1, 37, 1, 1, 1, 1, '2019-01-23 05:38:06', '0000-00-00 00:00:00'),
(128, 1, 38, 1, 1, 1, 1, '2019-01-23 06:00:07', '0000-00-00 00:00:00'),
(129, 1, 39, 1, 1, 1, 1, '2019-01-24 02:10:03', '0000-00-00 00:00:00'),
(130, 2, 38, 1, 1, 1, 1, '2019-01-24 04:48:02', '0000-00-00 00:00:00'),
(131, 3, 38, 1, 1, 1, 1, '2019-01-24 04:48:02', '0000-00-00 00:00:00'),
(132, 4, 38, 1, 1, 1, 1, '2019-01-24 04:48:02', '0000-00-00 00:00:00'),
(133, 1, 40, 1, 1, 1, 1, '2019-01-25 01:28:21', '2019-01-25 01:28:21'),
(134, 2, 28, 1, 1, 1, 1, '2019-03-06 04:39:39', '2019-03-06 04:39:39'),
(135, 3, 28, 0, 0, 0, 0, '2019-03-06 04:39:39', '2019-03-06 04:39:39'),
(136, 4, 28, 0, 0, 0, 0, '2019-03-06 04:39:39', '2019-03-06 04:39:39'),
(137, 2, 39, 1, 1, 1, 1, '2019-03-06 05:34:05', '0000-00-00 00:00:00'),
(138, 3, 39, 1, 1, 1, 1, '2019-03-06 05:34:05', '0000-00-00 00:00:00'),
(139, 4, 39, 1, 1, 1, 1, '2019-03-06 05:34:05', '0000-00-00 00:00:00'),
(140, 2, 37, 1, 1, 1, 1, '2019-03-06 05:34:51', '0000-00-00 00:00:00'),
(141, 3, 37, 1, 1, 1, 1, '2019-03-06 05:34:51', '0000-00-00 00:00:00'),
(142, 4, 37, 1, 1, 1, 1, '2019-03-06 05:34:51', '0000-00-00 00:00:00'),
(143, 2, 32, 1, 1, 1, 1, '2019-03-06 05:36:04', '0000-00-00 00:00:00'),
(144, 3, 32, 1, 1, 1, 1, '2019-03-06 05:36:04', '0000-00-00 00:00:00'),
(145, 4, 32, 1, 0, 0, 0, '2019-03-06 05:36:04', '0000-00-00 00:00:00'),
(146, 2, 33, 1, 1, 1, 1, '2019-03-06 05:36:20', '0000-00-00 00:00:00'),
(147, 3, 33, 1, 1, 1, 1, '2019-03-06 05:36:20', '0000-00-00 00:00:00'),
(148, 4, 33, 1, 0, 0, 0, '2019-03-06 05:36:20', '0000-00-00 00:00:00'),
(149, 2, 30, 1, 1, 1, 1, '2019-03-06 05:36:57', '0000-00-00 00:00:00'),
(150, 3, 30, 1, 1, 1, 1, '2019-03-06 05:36:57', '0000-00-00 00:00:00'),
(151, 4, 30, 1, 0, 0, 0, '2019-03-06 05:36:57', '0000-00-00 00:00:00'),
(152, 2, 29, 1, 1, 1, 1, '2019-03-06 05:37:49', '0000-00-00 00:00:00'),
(153, 3, 29, 1, 1, 1, 1, '2019-03-06 05:37:49', '0000-00-00 00:00:00'),
(154, 4, 29, 1, 0, 0, 0, '2019-03-06 05:37:49', '0000-00-00 00:00:00'),
(155, 1, 41, 1, 1, 1, 1, '2019-03-11 06:27:33', '0000-00-00 00:00:00'),
(156, 1, 42, 1, 1, 1, 1, '2019-03-11 06:28:51', '0000-00-00 00:00:00'),
(157, 2, 42, 1, 1, 1, 1, '2019-03-11 06:28:57', '0000-00-00 00:00:00'),
(158, 3, 42, 0, 1, 1, 1, '2019-03-11 06:28:57', '0000-00-00 00:00:00'),
(159, 4, 42, 1, 1, 1, 1, '2019-03-11 06:28:57', '0000-00-00 00:00:00'),
(160, 2, 41, 1, 1, 1, 1, '2019-03-11 06:29:19', '0000-00-00 00:00:00'),
(161, 3, 41, 1, 1, 1, 1, '2019-03-11 06:29:19', '0000-00-00 00:00:00'),
(162, 4, 41, 1, 1, 1, 1, '2019-03-11 06:29:19', '0000-00-00 00:00:00'),
(163, 1, 43, 1, 1, 1, 1, '2019-03-11 06:31:16', '0000-00-00 00:00:00'),
(164, 2, 43, 1, 1, 1, 1, '2019-03-11 06:31:22', '0000-00-00 00:00:00'),
(165, 3, 43, 1, 1, 1, 1, '2019-03-11 06:31:22', '0000-00-00 00:00:00'),
(166, 4, 43, 1, 0, 0, 0, '2019-03-11 06:31:22', '0000-00-00 00:00:00'),
(167, 1, 44, 1, 1, 1, 1, '2019-03-11 06:32:25', '0000-00-00 00:00:00'),
(168, 2, 44, 1, 1, 1, 1, '2019-03-11 06:32:35', '0000-00-00 00:00:00'),
(169, 3, 44, 1, 1, 1, 1, '2019-03-11 06:32:35', '0000-00-00 00:00:00'),
(170, 4, 44, 1, 1, 1, 1, '2019-03-11 06:32:35', '0000-00-00 00:00:00'),
(171, 1, 45, 1, 1, 1, 1, '2019-03-11 06:33:55', '0000-00-00 00:00:00'),
(172, 2, 45, 1, 1, 1, 1, '2019-03-11 06:34:03', '0000-00-00 00:00:00'),
(173, 3, 45, 1, 1, 1, 1, '2019-03-11 06:34:03', '0000-00-00 00:00:00'),
(174, 4, 45, 1, 1, 1, 1, '2019-03-11 06:34:03', '0000-00-00 00:00:00'),
(175, 1, 49, 1, 1, 1, 1, '2019-03-11 06:55:14', '0000-00-00 00:00:00'),
(176, 1, 51, 1, 1, 1, 1, '2019-03-11 06:56:30', '0000-00-00 00:00:00'),
(177, 1, 52, 1, 1, 1, 1, '2019-03-11 06:57:56', '0000-00-00 00:00:00'),
(178, 2, 52, 1, 1, 1, 1, '2019-03-11 06:58:03', '0000-00-00 00:00:00'),
(179, 3, 52, 1, 1, 1, 1, '2019-03-11 06:58:03', '0000-00-00 00:00:00'),
(180, 4, 52, 1, 1, 1, 1, '2019-03-11 06:58:03', '0000-00-00 00:00:00'),
(181, 2, 51, 1, 1, 1, 1, '2019-03-11 06:58:19', '0000-00-00 00:00:00'),
(182, 3, 51, 1, 1, 1, 1, '2019-03-11 06:58:19', '0000-00-00 00:00:00'),
(183, 4, 51, 1, 1, 1, 1, '2019-03-11 06:58:19', '0000-00-00 00:00:00'),
(184, 2, 49, 1, 1, 1, 1, '2019-03-11 06:58:41', '0000-00-00 00:00:00'),
(185, 3, 49, 1, 1, 1, 1, '2019-03-11 06:58:41', '0000-00-00 00:00:00'),
(186, 4, 49, 1, 1, 1, 1, '2019-03-11 06:58:41', '0000-00-00 00:00:00'),
(187, 1, 53, 1, 1, 1, 1, '2019-03-15 01:34:13', '2019-03-15 01:34:13'),
(188, 5, 1, 1, 0, 0, 0, '2019-03-20 18:12:10', '2019-03-20 18:12:10'),
(189, 5, 2, 1, 0, 0, 0, '2019-03-20 18:12:10', '2019-03-20 18:12:10'),
(190, 5, 3, 1, 0, 0, 0, '2019-03-20 18:12:10', '0000-00-00 00:00:00'),
(191, 5, 4, 1, 0, 0, 0, '2019-03-20 18:12:10', '0000-00-00 00:00:00'),
(192, 5, 5, 1, 1, 1, 1, '2019-03-20 18:12:10', '0000-00-00 00:00:00'),
(193, 5, 6, 1, 0, 0, 0, '2019-03-20 18:12:10', '0000-00-00 00:00:00'),
(194, 5, 7, 1, 0, 0, 0, '2019-03-20 18:12:10', '2019-03-20 18:12:10'),
(195, 5, 8, 1, 0, 0, 0, '2019-03-20 18:12:10', '2019-03-20 18:12:10'),
(196, 5, 9, 1, 0, 0, 0, '2019-03-20 18:12:10', '2019-03-20 18:12:10'),
(197, 5, 10, 1, 0, 0, 0, '2019-03-20 18:12:11', '2019-03-20 18:12:11'),
(198, 5, 11, 1, 0, 0, 0, '2019-03-20 18:12:11', '2019-03-20 18:12:11'),
(199, 5, 12, 1, 0, 0, 0, '2019-03-20 18:12:11', '2019-03-20 18:12:11'),
(200, 5, 13, 1, 0, 0, 0, '2019-03-20 18:12:11', '2019-03-20 18:12:11'),
(201, 5, 14, 1, 0, 0, 0, '2019-03-20 18:12:11', '2019-03-20 18:12:11'),
(202, 5, 15, 1, 0, 0, 0, '2019-03-20 18:12:11', '0000-00-00 00:00:00'),
(204, 5, 17, 1, 0, 0, 0, '2019-03-20 18:12:11', '0000-00-00 00:00:00'),
(205, 5, 18, 1, 0, 0, 0, '2019-03-20 18:12:11', '2019-03-20 18:12:11'),
(206, 5, 19, 1, 0, 0, 0, '2019-03-20 18:12:11', '0000-00-00 00:00:00'),
(207, 5, 20, 1, 0, 0, 0, '2019-03-20 18:12:11', '0000-00-00 00:00:00'),
(208, 5, 21, 1, 0, 0, 0, '2019-03-20 18:12:11', '2019-03-20 18:12:11'),
(209, 5, 22, 1, 0, 0, 0, '2019-03-20 18:12:11', '2019-03-20 18:12:11'),
(210, 5, 24, 1, 1, 1, 1, '2019-03-20 18:12:11', '0000-00-00 00:00:00'),
(211, 5, 25, 1, 0, 0, 0, '2019-03-20 18:12:11', '0000-00-00 00:00:00'),
(212, 5, 26, 1, 0, 0, 0, '2019-03-20 18:12:11', '2019-03-20 18:12:11'),
(213, 5, 27, 1, 0, 0, 0, '2019-03-20 18:12:11', '0000-00-00 00:00:00'),
(214, 5, 28, 1, 0, 0, 0, '2019-03-20 18:12:11', '2019-03-20 18:12:11'),
(215, 5, 29, 1, 0, 0, 0, '2019-03-20 18:12:11', '0000-00-00 00:00:00'),
(216, 5, 30, 1, 0, 0, 0, '2019-03-20 18:12:11', '0000-00-00 00:00:00'),
(217, 5, 31, 1, 0, 0, 0, '2019-03-20 18:12:11', '2019-03-20 18:12:11'),
(218, 5, 32, 1, 0, 0, 0, '2019-03-20 18:12:11', '0000-00-00 00:00:00'),
(219, 5, 33, 1, 0, 0, 0, '2019-03-20 18:12:11', '0000-00-00 00:00:00'),
(220, 5, 34, 1, 1, 1, 0, '2019-03-20 18:12:11', '0000-00-00 00:00:00'),
(221, 5, 35, 1, 1, 1, 1, '2019-03-20 18:12:11', '0000-00-00 00:00:00'),
(222, 5, 36, 1, 1, 1, 1, '2019-03-20 18:12:11', '0000-00-00 00:00:00'),
(223, 5, 37, 1, 0, 0, 0, '2019-03-20 18:12:11', '0000-00-00 00:00:00'),
(224, 5, 38, 1, 1, 1, 1, '2019-03-20 18:12:11', '0000-00-00 00:00:00'),
(225, 5, 39, 1, 0, 0, 0, '2019-03-20 18:12:11', '0000-00-00 00:00:00'),
(226, 5, 40, 1, 0, 0, 0, '2019-03-20 18:12:11', '2019-03-20 18:12:11'),
(227, 5, 41, 1, 0, 0, 0, '2019-03-20 18:12:11', '0000-00-00 00:00:00'),
(228, 5, 42, 1, 1, 1, 1, '2019-03-20 18:12:11', '0000-00-00 00:00:00'),
(229, 5, 43, 1, 0, 0, 0, '2019-03-20 18:12:11', '0000-00-00 00:00:00'),
(230, 5, 44, 1, 1, 1, 1, '2019-03-20 18:12:11', '0000-00-00 00:00:00'),
(231, 5, 45, 1, 0, 0, 0, '2019-03-20 18:12:11', '0000-00-00 00:00:00'),
(232, 5, 49, 1, 0, 0, 0, '2019-03-20 18:12:11', '0000-00-00 00:00:00'),
(233, 5, 50, 1, 0, 0, 0, '2019-03-20 18:12:11', '2019-03-20 18:12:11'),
(234, 5, 51, 1, 0, 0, 0, '2019-03-20 18:12:11', '0000-00-00 00:00:00'),
(235, 5, 52, 1, 0, 0, 0, '2019-03-20 18:12:11', '0000-00-00 00:00:00'),
(236, 5, 53, 1, 0, 0, 0, '2019-03-20 18:12:11', '2019-03-20 18:12:11'),
(237, 1, 54, 1, 1, 1, 1, '2019-03-22 01:17:56', '2019-03-22 01:17:56'),
(238, 1, 55, 1, 1, 1, 1, '2019-03-23 01:08:42', '2019-03-23 01:08:42'),
(239, 1, 56, 1, 1, 1, 1, '2019-03-23 01:19:12', '2019-03-23 01:19:12'),
(240, 1, 57, 1, 1, 1, 1, '2019-03-23 01:24:29', '2019-03-23 01:24:29'),
(241, 1, 58, 1, 1, 1, 1, '2019-04-30 23:59:33', '2019-04-30 23:59:33'),
(242, 1, 59, 1, 1, 1, 1, '2019-05-01 00:02:06', '2019-05-01 00:02:06'),
(243, 1, 60, 1, 1, 1, 1, '2019-05-01 00:04:19', '2019-05-01 00:04:19'),
(244, 1, 61, 1, 1, 1, 1, '2019-05-07 01:31:38', '0000-00-00 00:00:00'),
(245, 2, 61, 1, 1, 1, 1, '2019-05-07 08:58:47', '0000-00-00 00:00:00'),
(246, 3, 61, 1, 0, 0, 0, '2019-05-07 08:58:47', '0000-00-00 00:00:00'),
(247, 4, 61, 1, 0, 0, 0, '2019-05-07 08:58:47', '0000-00-00 00:00:00'),
(248, 5, 61, 0, 0, 0, 0, '2019-05-07 08:58:47', '0000-00-00 00:00:00'),
(249, 1, 62, 1, 1, 1, 1, '2019-05-20 00:41:01', '2019-05-20 00:41:01'),
(250, 2, 62, 1, 1, 1, 1, '2019-05-20 00:42:28', '0000-00-00 00:00:00'),
(251, 3, 62, 1, 1, 1, 1, '2019-05-20 00:42:28', '0000-00-00 00:00:00'),
(252, 4, 62, 1, 0, 0, 0, '2019-05-20 00:42:28', '0000-00-00 00:00:00'),
(253, 5, 62, 1, 0, 0, 0, '2019-05-20 00:42:28', '0000-00-00 00:00:00'),
(254, 1, 63, 1, 1, 1, 1, '2019-05-23 03:59:36', '0000-00-00 00:00:00'),
(255, 2, 63, 1, 1, 1, 1, '2019-05-23 04:00:03', '0000-00-00 00:00:00'),
(256, 3, 63, 1, 1, 1, 1, '2019-05-23 04:00:03', '0000-00-00 00:00:00'),
(257, 4, 63, 1, 1, 1, 1, '2019-05-23 04:00:03', '0000-00-00 00:00:00'),
(258, 5, 63, 1, 0, 0, 0, '2019-05-23 04:00:03', '0000-00-00 00:00:00'),
(259, 1, 64, 1, 1, 1, 1, '2019-05-23 04:01:09', '2019-05-23 04:01:09'),
(260, 2, 64, 1, 1, 1, 1, '2019-05-23 04:01:46', '0000-00-00 00:00:00'),
(261, 3, 64, 1, 1, 1, 1, '2019-05-23 04:01:46', '0000-00-00 00:00:00'),
(262, 4, 64, 1, 0, 0, 0, '2019-05-23 04:01:46', '0000-00-00 00:00:00'),
(263, 5, 64, 1, 0, 0, 0, '2019-05-23 04:01:46', '0000-00-00 00:00:00'),
(264, 1, 65, 1, 1, 1, 1, '2019-05-23 04:45:49', '2019-05-23 04:45:49'),
(265, 1, 66, 1, 1, 1, 1, '2019-05-23 04:53:04', '2019-05-23 04:53:04'),
(266, 1, 67, 1, 1, 1, 1, '2019-05-23 04:57:24', '2019-05-23 04:57:24'),
(267, 2, 67, 1, 1, 1, 1, '2019-05-23 04:57:51', '0000-00-00 00:00:00'),
(268, 3, 67, 1, 1, 1, 1, '2019-05-23 04:57:51', '0000-00-00 00:00:00'),
(269, 4, 67, 1, 0, 0, 0, '2019-05-23 04:57:51', '0000-00-00 00:00:00'),
(270, 5, 67, 1, 0, 0, 0, '2019-05-23 04:57:51', '0000-00-00 00:00:00'),
(271, 2, 65, 1, 1, 1, 1, '2019-05-23 04:59:32', '0000-00-00 00:00:00'),
(272, 3, 65, 1, 1, 1, 1, '2019-05-23 04:59:32', '0000-00-00 00:00:00'),
(273, 4, 65, 1, 0, 0, 0, '2019-05-23 04:59:32', '0000-00-00 00:00:00'),
(274, 5, 65, 1, 0, 0, 0, '2019-05-23 04:59:32', '0000-00-00 00:00:00'),
(275, 2, 66, 1, 1, 1, 1, '2019-05-23 05:00:07', '0000-00-00 00:00:00'),
(276, 3, 66, 1, 1, 1, 1, '2019-05-23 05:00:07', '0000-00-00 00:00:00'),
(277, 4, 66, 1, 0, 0, 0, '2019-05-23 05:00:07', '0000-00-00 00:00:00'),
(278, 5, 66, 1, 0, 0, 0, '2019-05-23 05:00:07', '0000-00-00 00:00:00'),
(279, 1, 68, 1, 1, 1, 1, '2019-05-23 05:03:18', '2019-05-23 05:03:18'),
(280, 2, 68, 1, 1, 1, 1, '2019-05-23 05:03:41', '0000-00-00 00:00:00'),
(281, 3, 68, 1, 1, 1, 1, '2019-05-23 05:03:41', '0000-00-00 00:00:00'),
(282, 4, 68, 1, 0, 0, 0, '2019-05-23 05:03:41', '0000-00-00 00:00:00'),
(283, 5, 68, 1, 0, 0, 0, '2019-05-23 05:03:41', '0000-00-00 00:00:00'),
(284, 1, 69, 1, 1, 1, 1, '2019-05-23 05:06:19', '2019-05-23 05:06:19'),
(285, 2, 69, 1, 1, 1, 1, '2019-05-23 05:06:42', '0000-00-00 00:00:00'),
(286, 3, 69, 1, 1, 1, 1, '2019-05-23 05:06:42', '0000-00-00 00:00:00'),
(287, 4, 69, 1, 0, 0, 0, '2019-05-23 05:06:42', '0000-00-00 00:00:00'),
(288, 5, 69, 1, 0, 0, 0, '2019-05-23 05:06:42', '0000-00-00 00:00:00'),
(289, 1, 70, 1, 1, 1, 1, '2019-05-23 05:09:31', '2019-05-23 05:09:31'),
(290, 2, 70, 1, 1, 1, 1, '2019-05-23 05:09:57', '0000-00-00 00:00:00'),
(291, 3, 70, 1, 1, 1, 1, '2019-05-23 05:09:57', '0000-00-00 00:00:00'),
(292, 4, 70, 1, 0, 0, 0, '2019-05-23 05:09:57', '0000-00-00 00:00:00'),
(293, 5, 70, 1, 0, 0, 0, '2019-05-23 05:09:57', '0000-00-00 00:00:00'),
(294, 1, 71, 1, 1, 1, 1, '2019-05-24 00:03:48', '2019-05-24 00:03:48'),
(295, 2, 71, 1, 1, 1, 1, '2019-05-24 00:04:17', '0000-00-00 00:00:00'),
(296, 3, 71, 1, 1, 1, 1, '2019-05-24 00:04:17', '0000-00-00 00:00:00'),
(297, 4, 71, 1, 0, 0, 0, '2019-05-24 00:04:17', '0000-00-00 00:00:00'),
(298, 5, 71, 1, 0, 0, 0, '2019-05-24 00:04:17', '0000-00-00 00:00:00'),
(299, 1, 72, 1, 1, 1, 1, '2019-05-24 00:12:22', '0000-00-00 00:00:00'),
(300, 2, 72, 1, 1, 1, 1, '2019-05-24 00:13:12', '0000-00-00 00:00:00'),
(301, 3, 72, 1, 1, 1, 1, '2019-05-24 00:13:12', '0000-00-00 00:00:00'),
(302, 4, 72, 1, 0, 0, 0, '2019-05-24 00:13:12', '0000-00-00 00:00:00'),
(303, 5, 72, 0, 0, 0, 0, '2019-05-24 00:13:12', '0000-00-00 00:00:00'),
(304, 1, 73, 1, 1, 1, 1, '2019-05-25 02:12:24', '2019-05-25 02:12:24'),
(305, 2, 73, 1, 1, 1, 1, '2019-05-25 02:12:49', '0000-00-00 00:00:00'),
(306, 3, 73, 1, 1, 1, 1, '2019-05-25 02:12:49', '0000-00-00 00:00:00'),
(307, 4, 73, 0, 0, 0, 0, '2019-05-25 02:12:49', '0000-00-00 00:00:00'),
(308, 5, 73, 0, 0, 0, 0, '2019-05-25 02:12:49', '0000-00-00 00:00:00'),
(309, 1, 74, 1, 1, 1, 1, '2019-05-25 02:18:49', '2019-05-25 02:18:49'),
(310, 2, 74, 1, 1, 1, 1, '2019-05-25 02:19:13', '0000-00-00 00:00:00'),
(311, 3, 74, 1, 1, 1, 1, '2019-05-25 02:19:13', '0000-00-00 00:00:00'),
(312, 4, 74, 1, 0, 0, 0, '2019-05-25 02:19:13', '0000-00-00 00:00:00'),
(313, 5, 74, 1, 0, 0, 0, '2019-05-25 02:19:13', '0000-00-00 00:00:00'),
(314, 1, 75, 1, 1, 1, 1, '2019-06-04 03:04:03', '2019-06-04 03:04:03'),
(318, 2, 75, 1, 1, 1, 1, '2019-06-05 01:19:30', '0000-00-00 00:00:00'),
(319, 3, 75, 1, 1, 1, 1, '2019-06-05 01:19:30', '0000-00-00 00:00:00'),
(320, 4, 75, 1, 1, 1, 1, '2019-06-05 01:19:30', '0000-00-00 00:00:00'),
(321, 5, 75, 0, 0, 0, 0, '2019-06-05 01:19:30', '0000-00-00 00:00:00'),
(322, 1, 79, 1, 1, 1, 1, '2019-06-05 01:35:44', '2019-06-05 01:35:44'),
(323, 1, 80, 1, 1, 1, 1, '2019-06-05 01:48:16', '2019-06-05 01:48:16'),
(324, 1, 81, 1, 1, 1, 1, '2019-06-05 01:52:54', '2019-06-05 01:52:54'),
(325, 1, 82, 1, 1, 1, 1, '2019-06-22 01:20:35', '2019-06-22 01:20:35'),
(326, 1, 83, 1, 1, 1, 1, '2019-07-12 00:40:55', '2019-07-12 00:40:55'),
(327, 1, 84, 1, 1, 1, 1, '2019-07-20 05:53:58', '0000-00-00 00:00:00'),
(328, 2, 84, 1, 1, 1, 1, '2019-07-20 06:08:37', '0000-00-00 00:00:00'),
(329, 3, 84, 1, 1, 1, 1, '2019-07-20 06:08:37', '0000-00-00 00:00:00'),
(330, 4, 84, 1, 0, 0, 0, '2019-07-20 06:08:37', '0000-00-00 00:00:00'),
(331, 5, 84, 1, 0, 0, 0, '2019-07-20 06:08:37', '0000-00-00 00:00:00'),
(332, 2, 31, 1, 1, 1, 1, '2019-07-29 07:45:00', '2019-07-29 07:45:00'),
(333, 2, 40, 1, 1, 1, 1, '2019-07-29 07:45:00', '2019-07-29 07:45:00'),
(334, 2, 50, 1, 1, 1, 1, '2019-07-29 07:45:00', '2019-07-29 07:45:00'),
(335, 2, 53, 1, 1, 1, 1, '2019-07-29 07:45:00', '2019-07-29 07:45:00'),
(336, 2, 54, 1, 1, 1, 1, '2019-07-29 07:45:00', '2019-07-29 07:45:00'),
(337, 2, 55, 1, 1, 1, 1, '2019-07-29 07:45:00', '2019-07-29 07:45:00'),
(338, 2, 56, 1, 1, 1, 1, '2019-07-29 07:45:00', '2019-07-29 07:45:00'),
(339, 2, 57, 1, 1, 1, 1, '2019-07-29 07:45:00', '2019-07-29 07:45:00'),
(340, 2, 58, 1, 1, 1, 1, '2019-07-29 07:45:00', '2019-07-29 07:45:00'),
(341, 2, 59, 1, 1, 1, 1, '2019-07-29 07:45:00', '2019-07-29 07:45:00'),
(342, 2, 60, 1, 1, 1, 1, '2019-07-29 07:45:00', '2019-07-29 07:45:00'),
(343, 2, 79, 1, 1, 1, 1, '2019-07-29 07:45:00', '2019-07-29 07:45:00'),
(344, 2, 80, 1, 1, 1, 1, '2019-07-29 07:45:00', '2019-07-29 07:45:00'),
(345, 2, 81, 1, 1, 1, 1, '2019-07-29 07:45:00', '2019-07-29 07:45:00'),
(346, 2, 82, 1, 1, 1, 1, '2019-07-29 07:45:00', '2019-07-29 07:45:00'),
(347, 2, 83, 1, 1, 1, 1, '2019-07-29 07:45:00', '2019-07-29 07:45:00'),
(351, 1, 88, 1, 1, 1, 1, '2019-08-14 01:33:08', '2019-08-14 01:33:08'),
(352, 2, 89, 1, 1, 1, 1, '2019-08-14 02:21:41', '0000-00-00 00:00:00'),
(353, 2, 90, 1, 1, 1, 1, '2019-09-07 07:58:43', '0000-00-00 00:00:00'),
(354, 1, 91, 1, 1, 1, 1, '2019-09-20 02:18:10', '2019-09-20 02:18:10'),
(355, 6, 1, 1, 0, 0, 0, '2019-09-20 04:58:52', '2019-09-20 04:58:52'),
(356, 6, 2, 1, 0, 0, 0, '2019-09-20 04:58:52', '2019-09-20 04:58:52'),
(357, 6, 3, 1, 0, 0, 0, '2019-09-20 04:58:53', '0000-00-00 00:00:00'),
(358, 6, 4, 1, 0, 0, 0, '2019-09-20 04:58:53', '0000-00-00 00:00:00'),
(359, 6, 5, 1, 0, 0, 0, '2019-09-20 04:58:53', '2019-09-20 04:58:53'),
(360, 6, 6, 1, 0, 0, 0, '2019-09-20 04:58:53', '2019-09-20 04:58:53'),
(361, 6, 7, 1, 0, 0, 0, '2019-09-20 04:58:53', '2019-09-20 04:58:53'),
(362, 6, 8, 1, 0, 0, 0, '2019-09-20 04:58:53', '2019-09-20 04:58:53'),
(363, 6, 9, 1, 0, 0, 0, '2019-09-20 04:58:53', '2019-09-20 04:58:53'),
(364, 6, 10, 1, 0, 0, 0, '2019-09-20 04:58:54', '2019-09-20 04:58:54'),
(365, 6, 11, 1, 0, 0, 0, '2019-09-20 04:58:54', '2019-09-20 04:58:54'),
(366, 6, 12, 1, 0, 0, 0, '2019-09-20 04:58:54', '2019-09-20 04:58:54'),
(367, 6, 13, 1, 0, 0, 0, '2019-09-20 04:58:54', '2019-09-20 04:58:54'),
(368, 6, 14, 1, 0, 0, 0, '2019-09-20 04:58:55', '2019-09-20 04:58:55'),
(369, 6, 15, 1, 0, 0, 0, '2019-09-20 04:58:55', '0000-00-00 00:00:00'),
(370, 6, 17, 1, 0, 0, 0, '2019-09-20 04:58:55', '0000-00-00 00:00:00'),
(371, 6, 18, 1, 0, 0, 0, '2019-09-20 04:58:55', '2019-09-20 04:58:55'),
(372, 6, 19, 1, 0, 0, 0, '2019-09-20 04:58:55', '0000-00-00 00:00:00'),
(373, 6, 20, 1, 0, 0, 0, '2019-09-20 04:58:55', '0000-00-00 00:00:00'),
(374, 6, 21, 1, 0, 0, 0, '2019-09-20 04:58:56', '2019-09-20 04:58:56'),
(375, 6, 22, 1, 0, 0, 0, '2019-09-20 04:58:56', '2019-09-20 04:58:56'),
(376, 6, 24, 1, 0, 0, 0, '2019-09-20 04:58:56', '0000-00-00 00:00:00'),
(377, 6, 25, 1, 0, 0, 0, '2019-09-20 04:58:56', '0000-00-00 00:00:00'),
(378, 6, 26, 1, 0, 0, 0, '2019-09-20 04:58:57', '2019-09-20 04:58:57'),
(379, 6, 27, 1, 0, 0, 0, '2019-09-20 04:58:57', '0000-00-00 00:00:00'),
(380, 6, 28, 1, 0, 0, 0, '2019-09-20 04:58:58', '2019-09-20 04:58:58'),
(381, 6, 29, 1, 0, 0, 0, '2019-09-20 04:58:58', '0000-00-00 00:00:00'),
(382, 6, 30, 1, 0, 0, 0, '2019-09-20 04:58:58', '0000-00-00 00:00:00'),
(383, 6, 31, 1, 0, 0, 0, '2019-09-20 04:58:58', '2019-09-20 04:58:58'),
(384, 6, 32, 1, 0, 0, 0, '2019-09-20 04:58:58', '0000-00-00 00:00:00'),
(385, 6, 33, 1, 0, 0, 0, '2019-09-20 04:58:58', '0000-00-00 00:00:00'),
(386, 6, 34, 1, 0, 0, 0, '2019-09-20 04:58:58', '0000-00-00 00:00:00'),
(387, 6, 35, 1, 0, 0, 0, '2019-09-20 04:58:59', '0000-00-00 00:00:00'),
(388, 6, 36, 1, 1, 1, 1, '2019-09-20 04:58:59', '0000-00-00 00:00:00'),
(389, 6, 37, 1, 0, 0, 0, '2019-09-20 04:59:00', '0000-00-00 00:00:00'),
(390, 6, 38, 1, 0, 0, 0, '2019-09-20 04:59:00', '0000-00-00 00:00:00'),
(391, 6, 39, 1, 0, 0, 0, '2019-09-20 04:59:00', '0000-00-00 00:00:00'),
(392, 6, 40, 1, 0, 0, 0, '2019-09-20 04:59:01', '2019-09-20 04:59:01'),
(393, 6, 41, 0, 0, 0, 0, '2019-09-20 04:59:01', '0000-00-00 00:00:00'),
(394, 6, 42, 1, 0, 0, 0, '2019-09-20 04:59:01', '0000-00-00 00:00:00'),
(395, 6, 43, 0, 0, 0, 0, '2019-09-20 04:59:01', '0000-00-00 00:00:00'),
(396, 6, 44, 1, 1, 1, 1, '2019-09-20 04:59:01', '0000-00-00 00:00:00'),
(397, 6, 45, 1, 0, 0, 0, '2019-09-20 04:59:01', '0000-00-00 00:00:00'),
(398, 6, 49, 1, 0, 0, 0, '2019-09-20 04:59:01', '0000-00-00 00:00:00'),
(399, 6, 50, 1, 0, 0, 0, '2019-09-20 04:59:01', '2019-09-20 04:59:01'),
(400, 6, 51, 1, 0, 0, 0, '2019-09-20 04:59:01', '0000-00-00 00:00:00'),
(401, 6, 52, 1, 1, 1, 1, '2019-09-20 04:59:01', '0000-00-00 00:00:00'),
(402, 6, 53, 1, 0, 0, 0, '2019-09-20 04:59:01', '2019-09-20 04:59:01'),
(403, 6, 54, 1, 0, 0, 0, '2019-09-20 04:59:01', '2019-09-20 04:59:01'),
(404, 6, 55, 1, 0, 0, 0, '2019-09-20 04:59:01', '2019-09-20 04:59:01'),
(405, 6, 56, 1, 0, 0, 0, '2019-09-20 04:59:02', '2019-09-20 04:59:02'),
(406, 6, 57, 1, 0, 0, 0, '2019-09-20 04:59:02', '2019-09-20 04:59:02'),
(407, 6, 58, 1, 0, 0, 0, '2019-09-20 04:59:02', '2019-09-20 04:59:02'),
(408, 6, 59, 1, 0, 0, 0, '2019-09-20 04:59:02', '2019-09-20 04:59:02'),
(409, 6, 60, 1, 0, 0, 0, '2019-09-20 04:59:02', '2019-09-20 04:59:02'),
(410, 6, 61, 0, 0, 0, 0, '2019-09-20 04:59:02', '0000-00-00 00:00:00'),
(411, 6, 62, 1, 0, 0, 0, '2019-09-20 04:59:02', '0000-00-00 00:00:00'),
(412, 6, 63, 1, 0, 0, 0, '2019-09-20 04:59:02', '0000-00-00 00:00:00'),
(413, 6, 64, 1, 0, 0, 0, '2019-09-20 04:59:02', '0000-00-00 00:00:00'),
(414, 6, 65, 1, 0, 0, 0, '2019-09-20 04:59:02', '0000-00-00 00:00:00'),
(415, 6, 66, 1, 0, 0, 0, '2019-09-20 04:59:02', '0000-00-00 00:00:00'),
(416, 6, 67, 1, 0, 0, 0, '2019-09-20 04:59:03', '0000-00-00 00:00:00'),
(417, 6, 68, 1, 0, 0, 0, '2019-09-20 04:59:03', '0000-00-00 00:00:00'),
(418, 6, 69, 1, 0, 0, 0, '2019-09-20 04:59:03', '0000-00-00 00:00:00'),
(419, 6, 70, 1, 0, 0, 0, '2019-09-20 04:59:03', '0000-00-00 00:00:00'),
(420, 6, 71, 1, 0, 0, 0, '2019-09-20 04:59:03', '0000-00-00 00:00:00'),
(421, 6, 72, 0, 0, 0, 0, '2019-09-20 04:59:03', '0000-00-00 00:00:00'),
(422, 6, 73, 0, 0, 0, 0, '2019-09-20 04:59:03', '0000-00-00 00:00:00'),
(423, 6, 74, 1, 0, 0, 0, '2019-09-20 04:59:03', '0000-00-00 00:00:00'),
(424, 6, 75, 0, 0, 0, 0, '2019-09-20 04:59:03', '0000-00-00 00:00:00'),
(425, 6, 79, 1, 0, 0, 0, '2019-09-20 04:59:04', '2019-09-20 04:59:04'),
(426, 6, 80, 1, 0, 0, 0, '2019-09-20 04:59:04', '2019-09-20 04:59:04'),
(427, 6, 81, 1, 0, 0, 0, '2019-09-20 04:59:04', '2019-09-20 04:59:04'),
(428, 6, 82, 1, 0, 0, 0, '2019-09-20 04:59:04', '2019-09-20 04:59:04'),
(429, 6, 83, 1, 0, 0, 0, '2019-09-20 04:59:04', '2019-09-20 04:59:04'),
(430, 6, 84, 1, 0, 0, 0, '2019-09-20 04:59:04', '0000-00-00 00:00:00'),
(431, 6, 88, 1, 0, 0, 0, '2019-09-20 04:59:04', '2019-09-20 04:59:04'),
(432, 6, 89, 0, 0, 0, 0, '2019-09-20 04:59:04', '0000-00-00 00:00:00'),
(433, 6, 90, 0, 1, 1, 1, '2019-09-20 04:59:05', '0000-00-00 00:00:00'),
(434, 6, 91, 1, 0, 0, 0, '2019-09-20 04:59:05', '2019-09-20 04:59:05'),
(435, 7, 1, 1, 0, 0, 0, '2019-09-20 05:01:22', '2019-09-20 05:01:22'),
(436, 7, 2, 1, 0, 0, 0, '2019-09-20 05:01:22', '2019-09-20 05:01:22'),
(437, 7, 3, 1, 0, 0, 0, '2019-09-20 05:01:23', '0000-00-00 00:00:00'),
(438, 7, 4, 1, 0, 0, 0, '2019-09-20 05:01:23', '0000-00-00 00:00:00'),
(439, 7, 5, 1, 0, 0, 0, '2019-09-20 05:01:23', '2019-09-20 05:01:23'),
(440, 7, 6, 1, 0, 0, 0, '2019-09-20 05:01:23', '2019-09-20 05:01:23'),
(441, 7, 7, 1, 0, 0, 0, '2019-09-20 05:01:23', '2019-09-20 05:01:23'),
(442, 7, 8, 1, 0, 0, 0, '2019-09-20 05:01:23', '2019-09-20 05:01:23'),
(443, 7, 9, 1, 0, 0, 0, '2019-09-20 05:01:24', '2019-09-20 05:01:24'),
(444, 7, 10, 1, 0, 0, 0, '2019-09-20 05:01:24', '2019-09-20 05:01:24'),
(445, 7, 11, 1, 0, 0, 0, '2019-09-20 05:01:24', '2019-09-20 05:01:24'),
(446, 7, 12, 1, 0, 0, 0, '2019-09-20 05:01:25', '2019-09-20 05:01:25'),
(447, 7, 13, 1, 0, 0, 0, '2019-09-20 05:01:25', '2019-09-20 05:01:25'),
(448, 7, 14, 1, 0, 0, 0, '2019-09-20 05:01:25', '2019-09-20 05:01:25'),
(449, 7, 15, 1, 0, 0, 0, '2019-09-20 05:01:25', '0000-00-00 00:00:00'),
(450, 7, 17, 1, 0, 0, 0, '2019-09-20 05:01:25', '0000-00-00 00:00:00'),
(451, 7, 18, 1, 0, 0, 0, '2019-09-20 05:01:25', '2019-09-20 05:01:25'),
(452, 7, 19, 1, 0, 0, 0, '2019-09-20 05:01:25', '0000-00-00 00:00:00'),
(453, 7, 20, 1, 0, 0, 0, '2019-09-20 05:01:25', '0000-00-00 00:00:00'),
(454, 7, 21, 1, 0, 0, 0, '2019-09-20 05:01:26', '2019-09-20 05:01:26'),
(455, 7, 22, 1, 0, 0, 0, '2019-09-20 05:01:26', '2019-09-20 05:01:26'),
(456, 7, 24, 1, 0, 0, 0, '2019-09-20 05:01:26', '0000-00-00 00:00:00'),
(457, 7, 25, 1, 0, 0, 0, '2019-09-20 05:01:27', '0000-00-00 00:00:00'),
(458, 7, 26, 1, 0, 0, 0, '2019-09-20 05:01:27', '2019-09-20 05:01:27'),
(459, 7, 27, 1, 0, 0, 0, '2019-09-20 05:01:27', '0000-00-00 00:00:00'),
(460, 7, 28, 1, 0, 0, 0, '2019-09-20 05:01:28', '2019-09-20 05:01:28'),
(461, 7, 29, 1, 0, 0, 0, '2019-09-20 05:01:28', '0000-00-00 00:00:00'),
(462, 7, 30, 1, 0, 0, 0, '2019-09-20 05:01:28', '0000-00-00 00:00:00'),
(463, 7, 31, 1, 0, 0, 0, '2019-09-20 05:01:29', '2019-09-20 05:01:29'),
(464, 7, 32, 1, 0, 0, 0, '2019-09-20 05:01:29', '0000-00-00 00:00:00'),
(465, 7, 33, 1, 0, 0, 0, '2019-09-20 05:01:29', '0000-00-00 00:00:00'),
(466, 7, 34, 1, 0, 0, 0, '2019-09-20 05:01:29', '0000-00-00 00:00:00'),
(467, 7, 35, 1, 0, 0, 0, '2019-09-20 05:01:29', '0000-00-00 00:00:00'),
(468, 7, 36, 1, 0, 0, 0, '2019-09-20 05:01:30', '0000-00-00 00:00:00'),
(469, 7, 37, 1, 0, 0, 0, '2019-09-20 05:01:30', '0000-00-00 00:00:00'),
(470, 7, 38, 1, 0, 0, 0, '2019-09-20 05:01:31', '0000-00-00 00:00:00'),
(471, 7, 39, 1, 0, 0, 0, '2019-09-20 05:01:31', '0000-00-00 00:00:00'),
(472, 7, 40, 1, 0, 0, 0, '2019-09-20 05:01:31', '2019-09-20 05:01:31'),
(473, 7, 41, 0, 0, 0, 0, '2019-09-20 05:01:31', '0000-00-00 00:00:00'),
(474, 7, 42, 1, 0, 0, 0, '2019-09-20 05:01:31', '0000-00-00 00:00:00'),
(475, 7, 43, 0, 0, 0, 0, '2019-09-20 05:01:31', '0000-00-00 00:00:00'),
(476, 7, 44, 1, 0, 0, 0, '2019-09-20 05:01:32', '0000-00-00 00:00:00'),
(477, 7, 45, 1, 0, 0, 0, '2019-09-20 05:01:32', '0000-00-00 00:00:00'),
(478, 7, 49, 1, 0, 0, 0, '2019-09-20 05:01:32', '0000-00-00 00:00:00'),
(479, 7, 50, 1, 0, 0, 0, '2019-09-20 05:01:32', '2019-09-20 05:01:32'),
(480, 7, 51, 1, 0, 0, 0, '2019-09-20 05:01:32', '0000-00-00 00:00:00'),
(481, 7, 52, 1, 0, 0, 0, '2019-09-20 05:01:32', '0000-00-00 00:00:00'),
(482, 7, 53, 1, 0, 0, 0, '2019-09-20 05:01:32', '2019-09-20 05:01:32'),
(483, 7, 54, 1, 0, 0, 0, '2019-09-20 05:01:32', '2019-09-20 05:01:32'),
(484, 7, 55, 1, 0, 0, 0, '2019-09-20 05:01:32', '2019-09-20 05:01:32'),
(485, 7, 56, 1, 0, 0, 0, '2019-09-20 05:01:32', '2019-09-20 05:01:32'),
(486, 7, 57, 1, 0, 0, 0, '2019-09-20 05:01:32', '2019-09-20 05:01:32'),
(487, 7, 58, 1, 0, 0, 0, '2019-09-20 05:01:33', '2019-09-20 05:01:33'),
(488, 7, 59, 1, 0, 0, 0, '2019-09-20 05:01:33', '2019-09-20 05:01:33'),
(489, 7, 60, 1, 0, 0, 0, '2019-09-20 05:01:33', '2019-09-20 05:01:33'),
(490, 7, 61, 0, 0, 0, 0, '2019-09-20 05:01:33', '0000-00-00 00:00:00'),
(491, 7, 62, 1, 0, 0, 0, '2019-09-20 05:01:33', '0000-00-00 00:00:00'),
(492, 7, 63, 0, 0, 0, 0, '2019-09-20 05:01:33', '0000-00-00 00:00:00'),
(493, 7, 64, 1, 0, 0, 0, '2019-09-20 05:01:33', '0000-00-00 00:00:00'),
(494, 7, 65, 1, 0, 0, 0, '2019-09-20 05:01:33', '0000-00-00 00:00:00'),
(495, 7, 66, 1, 0, 0, 0, '2019-09-20 05:01:33', '0000-00-00 00:00:00'),
(496, 7, 67, 1, 0, 0, 0, '2019-09-20 05:01:33', '0000-00-00 00:00:00'),
(497, 7, 68, 1, 0, 0, 0, '2019-09-20 05:01:34', '0000-00-00 00:00:00'),
(498, 7, 69, 1, 0, 0, 0, '2019-09-20 05:01:34', '0000-00-00 00:00:00'),
(499, 7, 70, 1, 0, 0, 0, '2019-09-20 05:01:34', '0000-00-00 00:00:00'),
(500, 7, 71, 1, 0, 0, 0, '2019-09-20 05:01:34', '0000-00-00 00:00:00'),
(501, 7, 72, 1, 0, 0, 0, '2019-09-20 05:01:34', '0000-00-00 00:00:00'),
(502, 7, 73, 0, 0, 0, 0, '2019-09-20 05:01:34', '0000-00-00 00:00:00'),
(503, 7, 74, 1, 0, 0, 0, '2019-09-20 05:01:34', '0000-00-00 00:00:00'),
(504, 7, 75, 0, 0, 0, 0, '2019-09-20 05:01:34', '0000-00-00 00:00:00'),
(505, 7, 79, 1, 0, 0, 0, '2019-09-20 05:01:35', '2019-09-20 05:01:35'),
(506, 7, 80, 1, 0, 0, 0, '2019-09-20 05:01:35', '2019-09-20 05:01:35'),
(507, 7, 81, 1, 0, 0, 0, '2019-09-20 05:01:35', '2019-09-20 05:01:35'),
(508, 7, 82, 1, 0, 0, 0, '2019-09-20 05:01:35', '2019-09-20 05:01:35'),
(509, 7, 83, 1, 0, 0, 0, '2019-09-20 05:01:35', '2019-09-20 05:01:35'),
(510, 7, 84, 1, 0, 0, 0, '2019-09-20 05:01:35', '0000-00-00 00:00:00'),
(511, 7, 88, 1, 0, 0, 0, '2019-09-20 05:01:36', '2019-09-20 05:01:36'),
(512, 7, 89, 1, 0, 0, 0, '2019-09-20 05:01:36', '0000-00-00 00:00:00'),
(513, 7, 90, 0, 0, 0, 0, '2019-09-20 05:01:36', '0000-00-00 00:00:00'),
(514, 7, 91, 1, 0, 0, 0, '2019-09-20 05:01:36', '2019-09-20 05:01:36'),
(515, 1, 90, 1, 0, 0, 0, '2019-10-14 09:22:14', '2019-10-14 09:22:14'),
(516, 3, 90, 1, 0, 0, 0, '2019-10-14 09:22:14', '0000-00-00 00:00:00'),
(517, 4, 90, 1, 0, 0, 0, '2019-10-14 09:22:14', '0000-00-00 00:00:00'),
(518, 5, 90, 1, 0, 0, 0, '2019-10-14 09:22:14', '0000-00-00 00:00:00'),
(519, 3, 54, 1, 0, 0, 0, '2019-10-14 09:28:38', '2019-10-14 09:28:38'),
(520, 4, 54, 1, 0, 0, 0, '2019-10-14 09:28:38', '2019-10-14 09:28:38'),
(521, 5, 54, 1, 0, 0, 0, '2019-10-14 09:28:38', '2019-10-14 09:28:38'),
(522, 2, 91, 1, 0, 0, 0, '2019-10-14 09:34:30', '2019-10-14 09:34:30'),
(523, 3, 91, 1, 0, 0, 0, '2019-10-14 09:34:30', '2019-10-14 09:34:30'),
(524, 4, 91, 1, 0, 0, 0, '2019-10-14 09:34:30', '2019-10-14 09:34:30'),
(525, 5, 91, 1, 0, 0, 0, '2019-10-14 09:34:30', '2019-10-14 09:34:30'),
(526, 1, 89, 1, 0, 0, 0, '2019-10-14 09:58:14', '2019-10-14 09:58:14'),
(527, 3, 89, 1, 1, 1, 1, '2019-10-14 09:58:14', '0000-00-00 00:00:00'),
(528, 4, 89, 1, 1, 1, 1, '2019-10-14 09:58:14', '0000-00-00 00:00:00'),
(529, 5, 89, 1, 1, 1, 1, '2019-10-14 09:58:14', '0000-00-00 00:00:00'),
(530, 1, 94, 1, 0, 0, 0, '2019-10-15 09:49:26', '2019-10-15 09:49:26'),
(531, 2, 94, 1, 1, 1, 1, '2019-10-15 09:49:26', '0000-00-00 00:00:00'),
(532, 3, 94, 0, 0, 0, 0, '2019-10-15 09:49:26', '0000-00-00 00:00:00'),
(533, 4, 94, 0, 0, 0, 0, '2019-10-15 09:49:26', '0000-00-00 00:00:00'),
(534, 5, 94, 0, 0, 0, 0, '2019-10-15 09:49:26', '0000-00-00 00:00:00'),
(535, 6, 94, 0, 0, 0, 0, '2019-10-15 09:49:26', '0000-00-00 00:00:00'),
(536, 7, 94, 0, 0, 0, 0, '2019-10-15 09:49:26', '0000-00-00 00:00:00'),
(537, 1, 93, 1, 0, 0, 0, '2019-10-15 10:11:41', '2019-10-15 10:11:41'),
(538, 2, 93, 1, 0, 0, 0, '2019-10-15 10:11:41', '0000-00-00 00:00:00'),
(539, 3, 93, 1, 0, 0, 0, '2019-10-15 10:11:41', '0000-00-00 00:00:00'),
(540, 4, 93, 1, 0, 0, 0, '2019-10-15 10:11:41', '0000-00-00 00:00:00'),
(541, 5, 93, 1, 0, 0, 0, '2019-10-15 10:11:41', '0000-00-00 00:00:00'),
(542, 6, 93, 1, 0, 0, 0, '2019-10-15 10:11:41', '0000-00-00 00:00:00'),
(543, 7, 93, 1, 0, 0, 0, '2019-10-15 10:11:41', '0000-00-00 00:00:00'),
(544, 1, 95, 1, 1, 1, 1, '2019-11-02 04:34:42', '2019-11-02 04:34:42'),
(545, 2, 95, 1, 1, 1, 1, '2019-11-02 04:58:30', '2019-11-02 04:58:30'),
(546, 3, 95, 1, 1, 1, 1, '2019-11-02 04:58:30', '2019-11-02 04:58:30'),
(547, 4, 95, 1, 1, 1, 1, '2019-11-02 04:58:30', '2019-11-02 04:58:30'),
(548, 5, 95, 1, 0, 0, 0, '2019-11-02 04:58:30', '2019-11-02 04:58:30'),
(549, 6, 95, 1, 1, 1, 1, '2019-11-02 04:58:30', '2019-11-02 04:58:30'),
(550, 7, 95, 1, 0, 0, 0, '2019-11-02 04:58:30', '2019-11-02 04:58:30'),
(551, 1, 96, 1, 1, 1, 1, '2019-11-07 03:49:07', '2019-11-07 03:49:07'),
(552, 1, 97, 1, 1, 1, 1, '2019-11-07 03:51:39', '2019-11-07 03:51:39'),
(553, 1, 98, 1, 1, 1, 1, '2019-11-07 05:20:22', '2019-11-07 05:20:22'),
(554, 1, 99, 1, 1, 1, 1, '2019-11-07 05:22:36', '2019-11-07 05:22:36'),
(555, 1, 101, 1, 1, 1, 1, '2019-11-07 05:27:21', '2019-11-07 05:27:21'),
(556, 1, 102, 1, 1, 1, 1, '2019-11-07 05:28:54', '2019-11-07 05:28:54'),
(557, 2, 96, 1, 1, 1, 1, '2019-11-07 06:04:11', '2019-11-07 06:04:11'),
(558, 3, 96, 1, 0, 0, 0, '2019-11-07 06:04:11', '2019-11-07 06:04:11'),
(559, 4, 96, 1, 0, 0, 0, '2019-11-07 06:04:11', '2019-11-07 06:04:11'),
(560, 5, 96, 1, 0, 0, 0, '2019-11-07 06:04:11', '2019-11-07 06:04:11'),
(561, 6, 96, 1, 0, 0, 0, '2019-11-07 06:04:11', '2019-11-07 06:04:11'),
(562, 7, 96, 1, 0, 0, 0, '2019-11-07 06:04:11', '2019-11-07 06:04:11'),
(563, 2, 97, 1, 1, 1, 1, '2019-11-07 06:14:23', '2019-11-07 06:14:23'),
(564, 3, 97, 1, 0, 0, 0, '2019-11-07 06:14:23', '2019-11-07 06:14:23'),
(565, 4, 97, 1, 0, 0, 0, '2019-11-07 06:14:23', '2019-11-07 06:14:23'),
(566, 5, 97, 1, 0, 0, 0, '2019-11-07 06:14:23', '2019-11-07 06:14:23'),
(567, 6, 97, 1, 0, 0, 0, '2019-11-07 06:14:23', '2019-11-07 06:14:23'),
(568, 7, 97, 1, 0, 0, 0, '2019-11-07 06:14:23', '2019-11-07 06:14:23'),
(569, 2, 98, 1, 1, 1, 1, '2019-11-07 06:16:17', '2019-11-07 06:16:17'),
(570, 3, 98, 1, 0, 0, 0, '2019-11-07 06:16:17', '2019-11-07 06:16:17'),
(571, 4, 98, 1, 0, 0, 0, '2019-11-07 06:16:17', '2019-11-07 06:16:17'),
(572, 5, 98, 1, 0, 0, 0, '2019-11-07 06:16:17', '2019-11-07 06:16:17'),
(573, 6, 98, 1, 0, 0, 0, '2019-11-07 06:16:17', '2019-11-07 06:16:17'),
(574, 7, 98, 1, 0, 0, 0, '2019-11-07 06:16:17', '2019-11-07 06:16:17'),
(575, 2, 99, 1, 1, 1, 1, '2019-11-07 06:17:06', '2019-11-07 06:17:06'),
(576, 3, 99, 1, 0, 0, 0, '2019-11-07 06:17:06', '2019-11-07 06:17:06'),
(577, 4, 99, 1, 0, 0, 0, '2019-11-07 06:17:06', '2019-11-07 06:17:06'),
(578, 5, 99, 1, 0, 0, 0, '2019-11-07 06:17:06', '2019-11-07 06:17:06'),
(579, 6, 99, 1, 0, 0, 0, '2019-11-07 06:17:06', '2019-11-07 06:17:06'),
(580, 7, 99, 1, 0, 0, 0, '2019-11-07 06:17:06', '2019-11-07 06:17:06'),
(581, 2, 101, 1, 1, 1, 1, '2019-11-07 06:17:33', '2019-11-07 06:17:33'),
(582, 3, 101, 1, 0, 0, 0, '2019-11-07 06:17:33', '2019-11-07 06:17:33'),
(583, 4, 101, 1, 0, 0, 0, '2019-11-07 06:17:33', '2019-11-07 06:17:33'),
(584, 5, 101, 1, 0, 0, 0, '2019-11-07 06:17:33', '2019-11-07 06:17:33'),
(585, 6, 101, 1, 0, 0, 0, '2019-11-07 06:17:33', '2019-11-07 06:17:33'),
(586, 7, 101, 1, 0, 0, 0, '2019-11-07 06:17:33', '2019-11-07 06:17:33'),
(587, 2, 102, 1, 1, 1, 1, '2019-11-07 06:18:02', '2019-11-07 06:18:02'),
(588, 3, 102, 1, 0, 0, 0, '2019-11-07 06:18:02', '2019-11-07 06:18:02'),
(589, 4, 102, 1, 0, 0, 0, '2019-11-07 06:18:02', '2019-11-07 06:18:02'),
(590, 5, 102, 1, 0, 0, 0, '2019-11-07 06:18:02', '2019-11-07 06:18:02'),
(591, 6, 102, 1, 0, 0, 0, '2019-11-07 06:18:02', '2019-11-07 06:18:02'),
(592, 7, 102, 1, 0, 0, 0, '2019-11-07 06:18:02', '2019-11-07 06:18:02'),
(600, 1, 104, 1, 1, 1, 1, '2019-11-08 02:11:30', '2019-11-08 02:11:30'),
(601, 2, 104, 1, 1, 1, 1, '2019-11-08 02:11:30', '2019-11-08 02:11:30'),
(602, 3, 104, 1, 0, 0, 0, '2019-11-08 02:11:30', '2019-11-08 02:11:30'),
(603, 4, 104, 1, 0, 0, 0, '2019-11-08 02:11:30', '2019-11-08 02:11:30'),
(604, 5, 104, 1, 0, 0, 0, '2019-11-08 02:11:30', '2019-11-08 02:11:30'),
(605, 6, 104, 1, 0, 0, 0, '2019-11-08 02:11:30', '2019-11-08 02:11:30'),
(606, 7, 104, 1, 0, 0, 0, '2019-11-08 02:11:30', '2019-11-08 02:11:30'),
(607, 1, 105, 1, 1, 1, 1, '2019-11-08 03:45:55', '2019-11-08 03:45:55'),
(608, 2, 105, 1, 1, 1, 1, '2019-11-08 03:45:55', '2019-11-08 03:45:55'),
(609, 3, 105, 1, 0, 0, 0, '2019-11-08 03:45:55', '2019-11-08 03:45:55'),
(610, 4, 105, 1, 0, 0, 0, '2019-11-08 03:45:55', '2019-11-08 03:45:55'),
(611, 5, 105, 1, 0, 0, 0, '2019-11-08 03:45:55', '2019-11-08 03:45:55'),
(612, 6, 105, 1, 0, 0, 0, '2019-11-08 03:45:55', '2019-11-08 03:45:55'),
(613, 7, 105, 1, 0, 0, 0, '2019-11-08 03:45:55', '2019-11-08 03:45:55'),
(614, 1, 106, 1, 0, 0, 0, '2019-11-08 03:50:11', '2019-11-08 03:50:11'),
(615, 2, 106, 1, 0, 0, 0, '2019-11-08 03:50:11', '2019-11-08 03:50:11'),
(616, 3, 106, 1, 0, 0, 0, '2019-11-08 03:50:11', '2019-11-08 03:50:11'),
(617, 4, 106, 1, 0, 0, 0, '2019-11-08 03:50:11', '2019-11-08 03:50:11'),
(618, 5, 106, 1, 0, 0, 0, '2019-11-08 03:50:11', '2019-11-08 03:50:11'),
(619, 6, 106, 1, 0, 0, 0, '2019-11-08 03:50:11', '2019-11-08 03:50:11'),
(620, 7, 106, 1, 0, 0, 0, '2019-11-08 03:50:11', '2019-11-08 03:50:11'),
(621, 1, 107, 1, 0, 0, 0, '2019-11-08 03:52:05', '2019-11-08 03:52:05'),
(622, 2, 107, 1, 0, 0, 0, '2019-11-08 03:52:05', '2019-11-08 03:52:05'),
(623, 3, 107, 1, 0, 0, 0, '2019-11-08 03:52:05', '2019-11-08 03:52:05'),
(624, 4, 107, 1, 0, 0, 0, '2019-11-08 03:52:05', '2019-11-08 03:52:05'),
(625, 5, 107, 1, 0, 0, 0, '2019-11-08 03:52:05', '2019-11-08 03:52:05'),
(626, 6, 107, 1, 0, 0, 0, '2019-11-08 03:52:05', '2019-11-08 03:52:05'),
(627, 7, 107, 1, 0, 0, 0, '2019-11-08 03:52:05', '2019-11-08 03:52:05'),
(628, 1, 108, 1, 0, 0, 0, '2019-11-08 04:03:25', '2019-11-08 04:03:25'),
(629, 2, 108, 1, 0, 0, 0, '2019-11-08 04:03:25', '2019-11-08 04:03:25'),
(630, 3, 108, 1, 0, 0, 0, '2019-11-08 04:03:25', '2019-11-08 04:03:25'),
(631, 4, 108, 1, 0, 0, 0, '2019-11-08 04:03:25', '2019-11-08 04:03:25'),
(632, 5, 108, 1, 0, 0, 0, '2019-11-08 04:03:25', '2019-11-08 04:03:25'),
(633, 6, 108, 1, 0, 0, 0, '2019-11-08 04:03:25', '2019-11-08 04:03:25'),
(634, 7, 108, 1, 0, 0, 0, '2019-11-08 04:03:25', '2019-11-08 04:03:25'),
(635, 1, 109, 1, 0, 0, 0, '2019-11-08 04:13:53', '2019-11-08 04:13:53'),
(636, 2, 109, 1, 0, 0, 0, '2019-11-08 04:13:53', '2019-11-08 04:13:53'),
(637, 3, 109, 1, 0, 0, 0, '2019-11-08 04:13:53', '2019-11-08 04:13:53'),
(638, 4, 109, 1, 0, 0, 0, '2019-11-08 04:13:53', '2019-11-08 04:13:53'),
(639, 5, 109, 1, 0, 0, 0, '2019-11-08 04:13:53', '2019-11-08 04:13:53'),
(640, 6, 109, 1, 0, 0, 0, '2019-11-08 04:13:53', '2019-11-08 04:13:53'),
(641, 7, 109, 1, 0, 0, 0, '2019-11-08 04:13:53', '2019-11-08 04:13:53'),
(642, 1, 111, 1, 0, 0, 0, '2019-11-08 04:18:35', '2019-11-08 04:18:35'),
(643, 2, 111, 1, 0, 0, 0, '2019-11-08 04:18:35', '2019-11-08 04:18:35'),
(644, 3, 111, 1, 0, 0, 0, '2019-11-08 04:18:35', '2019-11-08 04:18:35'),
(645, 4, 111, 1, 0, 0, 0, '2019-11-08 04:18:35', '2019-11-08 04:18:35'),
(646, 5, 111, 1, 0, 0, 0, '2019-11-08 04:18:35', '2019-11-08 04:18:35'),
(647, 6, 111, 1, 0, 0, 0, '2019-11-08 04:18:35', '2019-11-08 04:18:35'),
(648, 7, 111, 1, 0, 0, 0, '2019-11-08 04:18:35', '2019-11-08 04:18:35'),
(649, 1, 112, 1, 0, 0, 0, '2019-11-08 04:19:27', '2019-11-08 04:19:27'),
(650, 2, 112, 1, 0, 0, 0, '2019-11-08 04:19:27', '2019-11-08 04:19:27'),
(651, 3, 112, 1, 0, 0, 0, '2019-11-08 04:19:27', '2019-11-08 04:19:27'),
(652, 4, 112, 1, 0, 0, 0, '2019-11-08 04:19:27', '2019-11-08 04:19:27'),
(653, 5, 112, 1, 0, 0, 0, '2019-11-08 04:19:27', '2019-11-08 04:19:27'),
(654, 6, 112, 1, 0, 0, 0, '2019-11-08 04:19:27', '2019-11-08 04:19:27'),
(655, 7, 112, 1, 0, 0, 0, '2019-11-08 04:19:27', '2019-11-08 04:19:27'),
(656, 1, 113, 1, 0, 0, 0, '2019-11-08 04:31:43', '2019-11-08 04:31:43'),
(657, 2, 113, 1, 0, 0, 0, '2019-11-08 04:31:43', '2019-11-08 04:31:43'),
(658, 3, 113, 1, 0, 0, 0, '2019-11-08 04:31:43', '2019-11-08 04:31:43'),
(659, 4, 113, 1, 0, 0, 0, '2019-11-08 04:31:43', '2019-11-08 04:31:43'),
(660, 5, 113, 1, 0, 0, 0, '2019-11-08 04:31:43', '2019-11-08 04:31:43'),
(661, 6, 113, 1, 0, 0, 0, '2019-11-08 04:31:43', '2019-11-08 04:31:43'),
(662, 7, 113, 1, 0, 0, 0, '2019-11-08 04:31:43', '2019-11-08 04:31:43'),
(663, 1, 114, 1, 0, 0, 0, '2019-11-08 04:33:07', '2019-11-08 04:33:07'),
(664, 2, 114, 1, 0, 0, 0, '2019-11-08 04:33:07', '2019-11-08 04:33:07'),
(665, 3, 114, 1, 0, 0, 0, '2019-11-08 04:33:07', '2019-11-08 04:33:07'),
(666, 4, 114, 1, 0, 0, 0, '2019-11-08 04:33:07', '2019-11-08 04:33:07'),
(667, 5, 114, 1, 0, 0, 0, '2019-11-08 04:33:07', '2019-11-08 04:33:07'),
(668, 6, 114, 1, 0, 0, 0, '2019-11-08 04:33:07', '2019-11-08 04:33:07'),
(669, 7, 114, 1, 0, 0, 0, '2019-11-08 04:33:07', '2019-11-08 04:33:07'),
(670, 1, 115, 1, 0, 0, 0, '2019-11-08 04:34:54', '2019-11-08 04:34:54'),
(671, 2, 115, 1, 0, 0, 0, '2019-11-08 04:34:54', '2019-11-08 04:34:54'),
(672, 3, 115, 1, 0, 0, 0, '2019-11-08 04:34:54', '2019-11-08 04:34:54'),
(673, 4, 115, 1, 0, 0, 0, '2019-11-08 04:34:54', '2019-11-08 04:34:54'),
(674, 5, 115, 1, 0, 0, 0, '2019-11-08 04:34:54', '2019-11-08 04:34:54'),
(675, 6, 115, 1, 0, 0, 0, '2019-11-08 04:34:54', '2019-11-08 04:34:54'),
(676, 7, 115, 1, 0, 0, 0, '2019-11-08 04:34:54', '2019-11-08 04:34:54'),
(677, 1, 116, 1, 0, 0, 0, '2019-11-08 04:58:19', '2019-11-08 04:58:19'),
(678, 2, 116, 1, 0, 0, 0, '2019-11-08 04:58:19', '2019-11-08 04:58:19'),
(679, 3, 116, 1, 0, 0, 0, '2019-11-08 04:58:19', '2019-11-08 04:58:19'),
(680, 4, 116, 1, 0, 0, 0, '2019-11-08 04:58:19', '2019-11-08 04:58:19'),
(681, 5, 116, 1, 0, 0, 0, '2019-11-08 04:58:19', '2019-11-08 04:58:19'),
(682, 6, 116, 1, 0, 0, 0, '2019-11-08 04:58:19', '2019-11-08 04:58:19'),
(683, 7, 116, 1, 0, 0, 0, '2019-11-08 04:58:19', '2019-11-08 04:58:19'),
(684, 1, 117, 1, 0, 0, 0, '2019-11-08 05:00:14', '2019-11-08 05:00:14'),
(685, 2, 117, 1, 0, 0, 0, '2019-11-08 05:00:14', '2019-11-08 05:00:14'),
(686, 3, 117, 1, 0, 0, 0, '2019-11-08 05:00:14', '2019-11-08 05:00:14'),
(687, 4, 117, 1, 0, 0, 0, '2019-11-08 05:00:14', '2019-11-08 05:00:14'),
(688, 5, 117, 1, 0, 0, 0, '2019-11-08 05:00:14', '2019-11-08 05:00:14'),
(689, 6, 117, 1, 0, 0, 0, '2019-11-08 05:00:14', '2019-11-08 05:00:14'),
(690, 7, 117, 1, 0, 0, 0, '2019-11-08 05:00:14', '2019-11-08 05:00:14'),
(691, 1, 118, 1, 0, 0, 0, '2019-11-08 05:01:34', '2019-11-08 05:01:34'),
(692, 2, 118, 1, 0, 0, 0, '2019-11-08 05:01:34', '2019-11-08 05:01:34'),
(693, 3, 118, 1, 0, 0, 0, '2019-11-08 05:01:34', '2019-11-08 05:01:34'),
(694, 4, 118, 1, 0, 0, 0, '2019-11-08 05:01:34', '2019-11-08 05:01:34'),
(695, 5, 118, 1, 0, 0, 0, '2019-11-08 05:01:34', '2019-11-08 05:01:34'),
(696, 6, 118, 1, 0, 0, 0, '2019-11-08 05:01:34', '2019-11-08 05:01:34'),
(697, 7, 118, 1, 0, 0, 0, '2019-11-08 05:01:34', '2019-11-08 05:01:34'),
(698, 1, 119, 1, 0, 0, 0, '2019-11-11 06:48:48', '2019-11-11 06:48:48'),
(699, 2, 119, 1, 0, 0, 0, '2019-11-11 06:48:48', '2019-11-11 06:48:48'),
(700, 3, 119, 1, 0, 0, 0, '2019-11-11 06:48:48', '2019-11-11 06:48:48'),
(701, 4, 119, 1, 0, 0, 0, '2019-11-11 06:48:48', '2019-11-11 06:48:48'),
(702, 5, 119, 1, 0, 0, 0, '2019-11-11 06:48:48', '2019-11-11 06:48:48'),
(703, 6, 119, 1, 0, 0, 0, '2019-11-11 06:48:48', '2019-11-11 06:48:48'),
(704, 7, 119, 1, 0, 0, 0, '2019-11-11 06:48:48', '2019-11-11 06:48:48'),
(705, 1, 120, 1, 0, 0, 0, '2019-11-11 06:49:44', '2019-11-11 06:49:44'),
(706, 2, 120, 1, 0, 0, 0, '2019-11-11 06:49:44', '2019-11-11 06:49:44'),
(707, 3, 120, 1, 0, 0, 0, '2019-11-11 06:49:44', '2019-11-11 06:49:44'),
(708, 4, 120, 1, 0, 0, 0, '2019-11-11 06:49:44', '2019-11-11 06:49:44'),
(709, 5, 120, 1, 0, 0, 0, '2019-11-11 06:49:44', '2019-11-11 06:49:44'),
(710, 6, 120, 1, 0, 0, 0, '2019-11-11 06:49:44', '2019-11-11 06:49:44'),
(711, 7, 120, 1, 0, 0, 0, '2019-11-11 06:49:44', '2019-11-11 06:49:44'),
(712, 1, 122, 1, 0, 0, 0, '2019-11-11 07:04:32', '2019-11-11 07:04:32'),
(713, 2, 122, 1, 0, 0, 0, '2019-11-11 07:04:32', '2019-11-11 07:04:32'),
(714, 3, 122, 1, 0, 0, 0, '2019-11-11 07:04:32', '2019-11-11 07:04:32'),
(715, 4, 122, 1, 0, 0, 0, '2019-11-11 07:04:32', '2019-11-11 07:04:32'),
(716, 5, 122, 1, 0, 0, 0, '2019-11-11 07:04:32', '2019-11-11 07:04:32'),
(717, 6, 122, 1, 0, 0, 0, '2019-11-11 07:04:32', '2019-11-11 07:04:32'),
(718, 7, 122, 1, 0, 0, 0, '2019-11-11 07:04:32', '2019-11-11 07:04:32'),
(719, 1, 121, 1, 0, 0, 0, '2019-11-11 07:08:55', '2019-11-11 07:08:55'),
(720, 2, 121, 1, 0, 0, 0, '2019-11-11 07:08:55', '2019-11-11 07:08:55'),
(721, 3, 121, 1, 0, 0, 0, '2019-11-11 07:08:55', '2019-11-11 07:08:55'),
(722, 4, 121, 1, 0, 0, 0, '2019-11-11 07:08:55', '2019-11-11 07:08:55'),
(723, 5, 121, 1, 0, 0, 0, '2019-11-11 07:08:55', '2019-11-11 07:08:55'),
(724, 6, 121, 1, 0, 0, 0, '2019-11-11 07:08:55', '2019-11-11 07:08:55'),
(725, 7, 121, 1, 0, 0, 0, '2019-11-11 07:08:55', '2019-11-11 07:08:55');

-- --------------------------------------------------------

--
-- Table structure for table `role_module_fields`
--

CREATE TABLE `role_module_fields` (
  `id` int(10) UNSIGNED NOT NULL,
  `role_id` int(10) UNSIGNED NOT NULL,
  `field_id` int(10) UNSIGNED NOT NULL,
  `access` enum('invisible','readonly','write') COLLATE utf8_unicode_ci NOT NULL,
  `created_at` timestamp NULL DEFAULT NULL,
  `updated_at` timestamp NULL DEFAULT NULL
) ENGINE=InnoDB DEFAULT CHARSET=utf8 COLLATE=utf8_unicode_ci;

--
-- Dumping data for table `role_module_fields`
--

INSERT INTO `role_module_fields` (`id`, `role_id`, `field_id`, `access`, `created_at`, `updated_at`) VALUES
(1, 1, 1, 'write', '2018-12-05 04:23:48', '2018-12-05 04:23:48'),
(2, 1, 2, 'write', '2018-12-05 04:23:48', '2018-12-05 04:23:48'),
(3, 1, 3, 'write', '2018-12-05 04:23:48', '2018-12-05 04:23:48'),
(4, 1, 4, 'write', '2018-12-05 04:23:48', '2018-12-05 04:23:48'),
(5, 1, 5, 'write', '2018-12-05 04:23:48', '2018-12-05 04:23:48'),
(6, 1, 6, 'write', '2018-12-05 04:23:48', '2018-12-05 04:23:48'),
(7, 1, 7, 'write', '2018-12-05 04:23:48', '2018-12-05 04:23:48'),
(8, 1, 8, 'write', '2018-12-05 04:23:48', '2018-12-05 04:23:48'),
(9, 1, 9, 'write', '2018-12-05 04:23:48', '2018-12-05 04:23:48'),
(10, 1, 10, 'write', '2018-12-05 04:23:48', '2018-12-05 04:23:48'),
(11, 1, 11, 'write', '2018-12-05 04:23:48', '2018-12-05 04:23:48'),
(12, 1, 12, 'write', '2018-12-05 04:23:48', '2018-12-05 04:23:48'),
(13, 1, 13, 'write', '2018-12-05 04:23:49', '2018-12-05 04:23:49'),
(14, 1, 14, 'write', '2018-12-05 04:23:49', '2018-12-05 04:23:49'),
(15, 1, 15, 'write', '2018-12-05 04:23:49', '2018-12-05 04:23:49'),
(16, 1, 16, 'write', '2018-12-05 04:23:49', '2018-12-05 04:23:49'),
(17, 1, 17, 'write', '2018-12-05 04:23:49', '2018-12-05 04:23:49'),
(18, 1, 18, 'write', '2018-12-05 04:23:49', '2018-12-05 04:23:49'),
(19, 1, 19, 'write', '2018-12-05 04:23:49', '2018-12-05 04:23:49'),
(20, 1, 20, 'write', '2018-12-05 04:23:49', '2018-12-05 04:23:49'),
(21, 1, 21, 'write', '2018-12-05 04:23:49', '2018-12-05 04:23:49'),
(22, 1, 22, 'write', '2018-12-05 04:23:49', '2018-12-05 04:23:49'),
(23, 1, 23, 'write', '2018-12-05 04:23:49', '2018-12-05 04:23:49'),
(24, 1, 24, 'write', '2018-12-05 04:23:49', '2018-12-05 04:23:49'),
(25, 1, 25, 'write', '2018-12-05 04:23:49', '2018-12-05 04:23:49'),
(26, 1, 26, 'write', '2018-12-05 04:23:49', '2018-12-05 04:23:49'),
(27, 1, 27, 'write', '2018-12-05 04:23:49', '2018-12-05 04:23:49'),
(28, 1, 28, 'write', '2018-12-05 04:23:49', '2018-12-05 04:23:49'),
(29, 1, 29, 'write', '2018-12-05 04:23:49', '2018-12-05 04:23:49'),
(30, 1, 30, 'write', '2018-12-05 04:23:50', '2018-12-05 04:23:50'),
(31, 1, 31, 'write', '2018-12-05 04:23:50', '2018-12-05 04:23:50'),
(32, 1, 32, 'write', '2018-12-05 04:23:50', '2018-12-05 04:23:50'),
(33, 1, 33, 'write', '2018-12-05 04:23:50', '2018-12-05 04:23:50'),
(34, 1, 34, 'write', '2018-12-05 04:23:50', '2018-12-05 04:23:50'),
(35, 1, 35, 'write', '2018-12-05 04:23:50', '2018-12-05 04:23:50'),
(36, 1, 36, 'write', '2018-12-05 04:23:50', '2018-12-05 04:23:50'),
(37, 1, 37, 'write', '2018-12-05 04:23:50', '2018-12-05 04:23:50'),
(38, 1, 38, 'write', '2018-12-05 04:23:50', '2018-12-05 04:23:50'),
(39, 1, 39, 'write', '2018-12-05 04:23:50', '2018-12-05 04:23:50'),
(40, 1, 40, 'write', '2018-12-05 04:23:50', '2018-12-05 04:23:50'),
(41, 1, 41, 'write', '2018-12-05 04:23:50', '2018-12-05 04:23:50'),
(42, 1, 42, 'write', '2018-12-05 04:23:50', '2018-12-05 04:23:50'),
(43, 1, 43, 'write', '2018-12-05 04:23:50', '2018-12-05 04:23:50'),
(44, 1, 44, 'write', '2018-12-05 04:23:50', '2018-12-05 04:23:50'),
(45, 1, 45, 'write', '2018-12-05 04:23:50', '2018-12-05 04:23:50'),
(46, 1, 46, 'write', '2018-12-05 04:23:50', '2018-12-05 04:23:50'),
(47, 1, 47, 'write', '2018-12-05 04:23:50', '2018-12-05 04:23:50'),
(48, 1, 48, 'write', '2018-12-05 04:23:50', '2018-12-05 04:23:50'),
(49, 1, 49, 'write', '2018-12-05 04:23:50', '2018-12-05 04:23:50'),
(50, 1, 50, 'write', '2018-12-05 04:23:50', '2018-12-05 04:23:50'),
(51, 1, 51, 'write', '2018-12-05 04:23:50', '2018-12-05 04:23:50'),
(52, 1, 52, 'write', '2018-12-05 04:23:51', '2018-12-05 04:23:51'),
(53, 1, 53, 'write', '2018-12-05 04:23:51', '2018-12-05 04:23:51'),
(54, 1, 54, 'write', '2018-12-05 04:23:51', '2018-12-05 04:23:51'),
(55, 1, 55, 'write', '2018-12-05 04:23:51', '2018-12-05 04:23:51'),
(56, 1, 56, 'write', '2018-12-05 04:23:51', '2018-12-05 04:23:51'),
(57, 1, 57, 'write', '2018-12-05 04:23:51', '2018-12-05 04:23:51'),
(58, 1, 58, 'write', '2018-12-05 04:23:51', '2018-12-05 04:23:51'),
(59, 1, 59, 'write', '2018-12-05 04:23:51', '2018-12-05 04:23:51'),
(60, 1, 60, 'write', '2018-12-05 04:23:51', '2018-12-05 04:23:51'),
(61, 1, 61, 'write', '2018-12-05 04:23:51', '2018-12-05 04:23:51'),
(62, 1, 62, 'write', '2018-12-05 04:23:51', '2018-12-05 04:23:51'),
(63, 1, 63, 'write', '2018-12-05 04:23:51', '2018-12-05 04:23:51'),
(64, 1, 64, 'write', '2018-12-05 04:23:51', '2018-12-05 04:23:51'),
(65, 1, 65, 'write', '2018-12-05 04:23:51', '2018-12-05 04:23:51'),
(66, 1, 66, 'write', '2018-12-05 04:23:51', '2018-12-05 04:23:51'),
(67, 1, 67, 'write', '2018-12-05 04:23:51', '2018-12-05 04:23:51'),
(68, 1, 68, 'write', '2018-12-05 04:23:51', '2018-12-05 04:23:51'),
(69, 1, 69, 'write', '2018-12-05 04:23:52', '2018-12-05 04:23:52'),
(70, 1, 70, 'write', '2018-12-05 04:23:52', '2018-12-05 04:23:52'),
(71, 1, 71, 'write', '2018-12-05 04:23:52', '2018-12-05 04:23:52'),
(73, 1, 73, 'write', '2018-12-05 04:23:52', '2018-12-05 04:23:52'),
(74, 1, 74, 'write', '2018-12-05 04:23:52', '2018-12-05 04:23:52'),
(75, 1, 75, 'write', '2018-12-05 04:23:52', '2018-12-05 04:23:52'),
(76, 1, 76, 'write', '2018-12-05 04:23:52', '2018-12-05 04:23:52'),
(77, 1, 77, 'write', '2018-12-05 04:23:52', '2018-12-05 04:23:52'),
(78, 1, 78, 'write', '2018-12-05 04:23:52', '2018-12-05 04:23:52'),
(79, 1, 79, 'invisible', '2018-12-05 04:23:52', '2018-12-05 04:23:52'),
(80, 1, 80, 'write', '2018-12-05 04:23:52', '2018-12-05 04:23:52'),
(81, 1, 81, 'write', '2018-12-05 04:23:52', '2018-12-05 04:23:52'),
(82, 1, 82, 'write', '2018-12-05 04:23:52', '2018-12-05 04:23:52'),
(83, 1, 83, 'write', '2018-12-05 04:23:52', '2018-12-05 04:23:52'),
(84, 1, 84, 'write', '2018-12-05 04:23:52', '2018-12-05 04:23:52'),
(85, 1, 85, 'write', '2018-12-05 04:23:52', '2018-12-05 04:23:52'),
(86, 1, 86, 'write', '2018-12-05 04:23:52', '2018-12-05 04:23:52'),
(87, 1, 87, 'write', '2018-12-05 04:23:53', '2018-12-05 04:23:53'),
(88, 1, 88, 'invisible', '2018-12-05 04:23:53', '2018-12-05 04:23:53'),
(90, 1, 90, 'write', '2018-12-05 04:23:53', '2018-12-05 04:23:53'),
(91, 1, 91, 'write', '2018-12-05 04:23:53', '2018-12-05 04:23:53'),
(92, 1, 92, 'write', '2018-12-05 04:23:53', '2018-12-05 04:23:53'),
(93, 1, 93, 'write', '2018-12-05 04:23:53', '2018-12-05 04:23:53'),
(94, 1, 94, 'write', '2018-12-05 04:23:53', '2018-12-05 04:23:53'),
(95, 1, 95, 'write', '2018-12-05 04:23:53', '2018-12-05 04:23:53'),
(96, 1, 96, 'write', '2018-12-05 04:23:53', '2018-12-05 04:23:53'),
(97, 1, 97, 'write', '2018-12-05 04:23:53', '2018-12-05 04:23:53'),
(98, 1, 98, 'write', '2018-12-05 04:23:53', '2018-12-05 04:23:53'),
(99, 1, 99, 'write', '2018-12-05 04:23:53', '2018-12-05 04:23:53'),
(100, 1, 100, 'write', '2018-12-05 04:23:53', '2018-12-05 04:23:53'),
(101, 1, 101, 'write', '2018-12-05 04:23:53', '2018-12-05 04:23:53'),
(102, 1, 102, 'write', '2018-12-05 04:23:53', '2018-12-05 04:23:53'),
(103, 1, 103, 'write', '2018-12-05 04:23:53', '2018-12-05 04:23:53'),
(104, 1, 104, 'write', '2018-12-05 04:23:53', '2018-12-05 04:23:53'),
(107, 1, 107, 'write', '2018-12-05 04:23:54', '2018-12-05 04:23:54'),
(108, 1, 108, 'write', '2018-12-05 04:23:54', '2018-12-05 04:23:54'),
(109, 1, 109, 'write', '2018-12-05 04:23:54', '2018-12-05 04:23:54'),
(110, 1, 110, 'write', '2018-12-05 04:23:54', '2018-12-05 04:23:54'),
(111, 1, 111, 'write', '2018-12-05 04:23:54', '2018-12-05 04:23:54'),
(112, 1, 112, 'write', '2018-12-05 04:23:54', '2018-12-05 04:23:54'),
(113, 1, 113, 'write', '2018-12-05 04:23:54', '2018-12-05 04:23:54'),
(114, 1, 114, 'invisible', '2018-12-05 04:23:54', '2018-12-05 04:23:54'),
(115, 1, 115, 'write', '2018-12-05 04:23:54', '2018-12-05 04:23:54'),
(116, 1, 116, 'write', '2018-12-05 04:23:54', '2018-12-05 04:23:54'),
(117, 1, 117, 'write', '2018-12-05 04:23:54', '2018-12-05 04:23:54'),
(118, 1, 118, 'write', '2018-12-05 04:23:54', '2018-12-05 04:23:54'),
(119, 1, 119, 'write', '2018-12-05 04:23:54', '2018-12-05 04:23:54'),
(120, 1, 120, 'write', '2018-12-05 04:23:54', '2018-12-05 04:23:54'),
(121, 1, 121, 'write', '2018-12-05 04:23:54', '2018-12-05 04:23:54'),
(122, 1, 122, 'write', '2018-12-05 04:23:54', '2018-12-05 04:23:54'),
(123, 1, 123, 'invisible', '2018-12-05 04:23:54', '2018-12-05 04:23:54'),
(124, 1, 124, 'write', '2018-12-05 04:23:54', '2018-12-05 04:23:54'),
(125, 1, 125, 'write', '2018-12-05 04:23:55', '2018-12-05 04:23:55'),
(126, 1, 126, 'write', '2018-12-05 04:23:55', '2018-12-05 04:23:55'),
(127, 1, 127, 'write', '2018-12-05 04:23:55', '2018-12-05 04:23:55'),
(128, 1, 128, 'write', '2018-12-05 04:23:55', '2018-12-05 04:23:55'),
(129, 1, 129, 'write', '2018-12-05 04:23:55', '2018-12-05 04:23:55'),
(130, 1, 130, 'write', '2018-12-05 04:23:55', '2018-12-05 04:23:55'),
(131, 1, 131, 'write', '2018-12-05 04:23:55', '2018-12-05 04:23:55'),
(132, 1, 132, 'write', '2018-12-05 04:23:55', '2018-12-05 04:23:55'),
(133, 1, 133, 'write', '2018-12-05 04:23:55', '2018-12-05 04:23:55'),
(134, 1, 134, 'write', '2018-12-05 04:23:55', '2018-12-05 04:23:55'),
(135, 1, 135, 'write', '2018-12-05 04:23:55', '2018-12-05 04:23:55'),
(136, 1, 136, 'write', '2018-12-05 04:23:55', '2018-12-05 04:23:55'),
(137, 1, 137, 'invisible', '2018-12-05 04:23:55', '2018-12-05 04:23:55'),
(138, 1, 138, 'invisible', '2018-12-05 04:23:55', '2018-12-05 04:23:55'),
(139, 1, 139, 'invisible', '2018-12-05 04:23:55', '2018-12-05 04:23:55'),
(140, 1, 140, 'write', '2018-12-05 04:23:55', '2018-12-05 04:23:55'),
(141, 1, 141, 'write', '2018-12-05 04:23:55', '2018-12-05 04:23:55'),
(142, 1, 142, 'readonly', '2018-12-05 04:30:16', '2018-12-05 04:30:16'),
(143, 2, 1, 'readonly', '2018-12-12 01:08:26', '2018-12-12 01:08:26'),
(144, 2, 2, 'readonly', '2018-12-12 01:08:26', '2018-12-12 01:08:26'),
(145, 2, 3, 'readonly', '2018-12-12 01:08:26', '2018-12-12 01:08:26'),
(146, 2, 4, 'readonly', '2018-12-12 01:08:26', '2018-12-12 01:08:26'),
(147, 2, 5, 'readonly', '2018-12-12 01:08:26', '2018-12-12 01:08:26'),
(148, 2, 6, 'readonly', '2018-12-12 01:08:26', '2018-12-12 01:08:26'),
(149, 2, 7, 'readonly', '2018-12-12 01:08:26', '2018-12-12 01:08:26'),
(150, 2, 8, 'readonly', '2018-12-12 01:08:26', '2018-12-12 01:08:26'),
(151, 2, 9, 'readonly', '2018-12-12 01:08:26', '2018-12-12 01:08:26'),
(152, 2, 10, 'readonly', '2018-12-12 01:08:26', '2018-12-12 01:08:26'),
(153, 2, 11, 'readonly', '2018-12-12 01:08:26', '2018-12-12 01:08:26'),
(154, 2, 12, 'readonly', '2018-12-12 01:08:26', '2018-12-12 01:08:26'),
(155, 2, 13, 'readonly', '2018-12-12 01:08:26', '2018-12-12 01:08:26'),
(156, 2, 14, 'readonly', '2018-12-12 01:08:26', '2018-12-12 01:08:26'),
(157, 2, 15, 'readonly', '2018-12-12 01:08:26', '2018-12-12 01:08:26'),
(158, 2, 16, 'readonly', '2018-12-12 01:08:26', '2018-12-12 01:08:26'),
(159, 2, 17, 'readonly', '2018-12-12 01:08:26', '2018-12-12 01:08:26'),
(160, 2, 18, 'readonly', '2018-12-12 01:08:27', '2018-12-12 01:08:27'),
(161, 2, 19, 'readonly', '2018-12-12 01:08:27', '2018-12-12 01:08:27'),
(162, 2, 20, 'readonly', '2018-12-12 01:08:27', '2018-12-12 01:08:27'),
(163, 2, 21, 'readonly', '2018-12-12 01:08:27', '2018-12-12 01:08:27'),
(164, 2, 22, 'readonly', '2018-12-12 01:08:27', '2018-12-12 01:08:27'),
(165, 2, 23, 'readonly', '2018-12-12 01:08:27', '2018-12-12 01:08:27'),
(166, 2, 24, 'readonly', '2018-12-12 01:08:27', '2018-12-12 01:08:27'),
(167, 2, 25, 'readonly', '2018-12-12 01:08:27', '2018-12-12 01:08:27'),
(168, 2, 26, 'readonly', '2018-12-12 01:08:27', '2018-12-12 01:08:27'),
(169, 2, 27, 'readonly', '2018-12-12 01:08:27', '2018-12-12 01:08:27'),
(170, 2, 28, 'readonly', '2018-12-12 01:08:27', '2018-12-12 01:08:27'),
(171, 2, 29, 'readonly', '2018-12-12 01:08:27', '2018-12-12 01:08:27'),
(172, 2, 30, 'readonly', '2018-12-12 01:08:27', '2018-12-12 01:08:27'),
(173, 2, 31, 'readonly', '2018-12-12 01:08:27', '2018-12-12 01:08:27'),
(174, 2, 32, 'readonly', '2018-12-12 01:08:27', '2018-12-12 01:08:27'),
(175, 2, 33, 'readonly', '2018-12-12 01:08:28', '2018-12-12 01:08:28'),
(176, 2, 34, 'readonly', '2018-12-12 01:08:28', '2018-12-12 01:08:28'),
(177, 2, 35, 'readonly', '2018-12-12 01:08:28', '2018-12-12 01:08:28'),
(178, 2, 36, 'readonly', '2018-12-12 01:08:28', '2018-12-12 01:08:28'),
(179, 2, 37, 'readonly', '2018-12-12 01:08:28', '2018-12-12 01:08:28'),
(180, 2, 38, 'readonly', '2018-12-12 01:08:28', '2018-12-12 01:08:28'),
(181, 2, 39, 'readonly', '2018-12-12 01:08:28', '2018-12-12 01:08:28'),
(182, 2, 40, 'readonly', '2018-12-12 01:08:28', '2018-12-12 01:08:28'),
(183, 2, 41, 'readonly', '2018-12-12 01:08:28', '2018-12-12 01:08:28'),
(184, 2, 42, 'readonly', '2018-12-12 01:08:28', '2018-12-12 01:08:28'),
(185, 2, 43, 'readonly', '2018-12-12 01:08:28', '2018-12-12 01:08:28'),
(186, 2, 44, 'readonly', '2018-12-12 01:08:28', '2018-12-12 01:08:28'),
(187, 2, 45, 'readonly', '2018-12-12 01:08:28', '2018-12-12 01:08:28'),
(188, 2, 46, 'readonly', '2018-12-12 01:08:28', '2018-12-12 01:08:28'),
(189, 2, 47, 'readonly', '2018-12-12 01:08:28', '2018-12-12 01:08:28'),
(190, 2, 48, 'readonly', '2018-12-12 01:08:28', '2018-12-12 01:08:28'),
(191, 2, 49, 'readonly', '2018-12-12 01:08:28', '2018-12-12 01:08:28'),
(192, 2, 50, 'readonly', '2018-12-12 01:08:28', '2018-12-12 01:08:28'),
(193, 2, 51, 'readonly', '2018-12-12 01:08:28', '2018-12-12 01:08:28'),
(194, 2, 52, 'readonly', '2018-12-12 01:08:29', '2018-12-12 01:08:29'),
(195, 2, 53, 'readonly', '2018-12-12 01:08:29', '2018-12-12 01:08:29'),
(196, 2, 54, 'readonly', '2018-12-12 01:08:29', '2018-12-12 01:08:29'),
(197, 2, 55, 'readonly', '2018-12-12 01:08:29', '2018-12-12 01:08:29'),
(198, 2, 56, 'readonly', '2018-12-12 01:08:29', '2018-12-12 01:08:29'),
(199, 2, 57, 'readonly', '2018-12-12 01:08:29', '2018-12-12 01:08:29'),
(200, 2, 58, 'readonly', '2018-12-12 01:08:29', '2018-12-12 01:08:29'),
(201, 2, 59, 'readonly', '2018-12-12 01:08:29', '2018-12-12 01:08:29'),
(202, 2, 60, 'readonly', '2018-12-12 01:08:29', '2018-12-12 01:08:29'),
(203, 2, 61, 'readonly', '2018-12-12 01:08:29', '2018-12-12 01:08:29'),
(204, 2, 62, 'readonly', '2018-12-12 01:08:29', '2018-12-12 01:08:29'),
(205, 2, 63, 'readonly', '2018-12-12 01:08:29', '2018-12-12 01:08:29'),
(206, 2, 64, 'readonly', '2018-12-12 01:08:29', '2018-12-12 01:08:29'),
(207, 2, 65, 'readonly', '2018-12-12 01:08:29', '2018-12-12 01:08:29'),
(208, 2, 66, 'readonly', '2018-12-12 01:08:29', '2018-12-12 01:08:29'),
(209, 2, 67, 'readonly', '2018-12-12 01:08:29', '2018-12-12 01:08:29'),
(210, 2, 68, 'readonly', '2018-12-12 01:08:29', '2018-12-12 01:08:29'),
(211, 2, 69, 'readonly', '2018-12-12 01:08:29', '2018-12-12 01:08:29'),
(212, 2, 70, 'readonly', '2018-12-12 01:08:29', '2018-12-12 01:08:29'),
(213, 2, 71, 'readonly', '2018-12-12 01:08:30', '2018-12-12 01:08:30'),
(215, 2, 73, 'readonly', '2018-12-12 01:08:30', '2018-12-12 01:08:30'),
(216, 2, 74, 'readonly', '2018-12-12 01:08:30', '2018-12-12 01:08:30'),
(217, 2, 75, 'readonly', '2018-12-12 01:08:30', '2018-12-12 01:08:30'),
(218, 2, 76, 'readonly', '2018-12-12 01:08:30', '2018-12-12 01:08:30'),
(219, 2, 77, 'readonly', '2018-12-12 01:08:30', '2018-12-12 01:08:30'),
(220, 2, 78, 'readonly', '2018-12-12 01:08:30', '2018-12-12 01:08:30'),
(221, 2, 79, 'readonly', '2018-12-12 01:08:30', '2018-12-12 01:08:30'),
(222, 2, 80, 'readonly', '2018-12-12 01:08:30', '2018-12-12 01:08:30'),
(223, 2, 81, 'readonly', '2018-12-12 01:08:30', '2018-12-12 01:08:30'),
(224, 2, 82, 'readonly', '2018-12-12 01:08:30', '2018-12-12 01:08:30'),
(225, 2, 83, 'readonly', '2018-12-12 01:08:30', '2018-12-12 01:08:30'),
(226, 2, 84, 'readonly', '2018-12-12 01:08:30', '2018-12-12 01:08:30'),
(227, 2, 85, 'readonly', '2018-12-12 01:08:30', '2018-12-12 01:08:30'),
(228, 2, 86, 'readonly', '2018-12-12 01:08:30', '2018-12-12 01:08:30'),
(229, 2, 87, 'readonly', '2018-12-12 01:08:30', '2018-12-12 01:08:30'),
(230, 2, 88, 'readonly', '2018-12-12 01:08:30', '2018-12-12 01:08:30'),
(232, 2, 90, 'readonly', '2018-12-12 01:08:30', '2018-12-12 01:08:30'),
(233, 2, 91, 'readonly', '2018-12-12 01:08:30', '2018-12-12 01:08:30'),
(234, 2, 92, 'readonly', '2018-12-12 01:08:30', '2018-12-12 01:08:30'),
(235, 2, 93, 'readonly', '2018-12-12 01:08:30', '2018-12-12 01:08:30'),
(236, 2, 94, 'readonly', '2018-12-12 01:08:30', '2018-12-12 01:08:30'),
(237, 2, 95, 'readonly', '2018-12-12 01:08:30', '2018-12-12 01:08:30'),
(238, 2, 96, 'readonly', '2018-12-12 01:08:30', '2018-12-12 01:08:30'),
(239, 2, 97, 'readonly', '2018-12-12 01:08:30', '2018-12-12 01:08:30'),
(240, 2, 98, 'readonly', '2018-12-12 01:08:30', '2018-12-12 01:08:30'),
(241, 2, 99, 'readonly', '2018-12-12 01:08:31', '2018-12-12 01:08:31'),
(242, 2, 100, 'readonly', '2018-12-12 01:08:31', '2018-12-12 01:08:31'),
(243, 2, 101, 'readonly', '2018-12-12 01:08:31', '2018-12-12 01:08:31'),
(244, 2, 102, 'readonly', '2018-12-12 01:08:31', '2018-12-12 01:08:31'),
(245, 2, 103, 'readonly', '2018-12-12 01:08:31', '2018-12-12 01:08:31'),
(246, 2, 104, 'readonly', '2018-12-12 01:08:31', '2018-12-12 01:08:31'),
(249, 2, 107, 'readonly', '2018-12-12 01:08:31', '2018-12-12 01:08:31'),
(250, 2, 108, 'readonly', '2018-12-12 01:08:31', '2018-12-12 01:08:31'),
(251, 2, 109, 'readonly', '2018-12-12 01:08:31', '2018-12-12 01:08:31'),
(252, 2, 110, 'readonly', '2018-12-12 01:08:31', '2018-12-12 01:08:31'),
(253, 2, 111, 'readonly', '2018-12-12 01:08:31', '2018-12-12 01:08:31'),
(254, 2, 112, 'readonly', '2018-12-12 01:08:31', '2018-12-12 01:08:31'),
(255, 2, 113, 'readonly', '2018-12-12 01:08:31', '2018-12-12 01:08:31'),
(256, 2, 114, 'readonly', '2018-12-12 01:08:31', '2018-12-12 01:08:31'),
(257, 2, 115, 'readonly', '2018-12-12 01:08:31', '2018-12-12 01:08:31'),
(258, 2, 116, 'readonly', '2018-12-12 01:08:31', '2018-12-12 01:08:31'),
(259, 2, 117, 'readonly', '2018-12-12 01:08:32', '2018-12-12 01:08:32'),
(260, 2, 118, 'readonly', '2018-12-12 01:08:32', '2018-12-12 01:08:32'),
(261, 2, 119, 'readonly', '2018-12-12 01:08:32', '2018-12-12 01:08:32'),
(262, 2, 120, 'readonly', '2018-12-12 01:08:32', '2018-12-12 01:08:32'),
(263, 2, 121, 'readonly', '2018-12-12 01:08:32', '2018-12-12 01:08:32'),
(264, 2, 122, 'readonly', '2018-12-12 01:08:32', '2018-12-12 01:08:32'),
(265, 2, 123, 'readonly', '2018-12-12 01:08:32', '2018-12-12 01:08:32'),
(266, 2, 124, 'readonly', '2018-12-12 01:08:32', '2018-12-12 01:08:32'),
(267, 2, 125, 'readonly', '2018-12-12 01:08:32', '2018-12-12 01:08:32'),
(268, 2, 126, 'readonly', '2018-12-12 01:08:32', '2018-12-12 01:08:32'),
(269, 2, 127, 'readonly', '2018-12-12 01:08:32', '2018-12-12 01:08:32'),
(270, 2, 128, 'readonly', '2018-12-12 01:08:32', '2018-12-12 01:08:32'),
(271, 2, 129, 'readonly', '2018-12-12 01:08:32', '2018-12-12 01:08:32'),
(272, 2, 130, 'readonly', '2018-12-12 01:08:32', '2018-12-12 01:08:32'),
(273, 2, 131, 'readonly', '2018-12-12 01:08:32', '2018-12-12 01:08:32'),
(274, 2, 132, 'readonly', '2018-12-12 01:08:32', '2018-12-12 01:08:32'),
(275, 2, 133, 'readonly', '2018-12-12 01:08:32', '2018-12-12 01:08:32'),
(276, 2, 134, 'readonly', '2018-12-12 01:08:32', '2018-12-12 01:08:32'),
(277, 2, 135, 'readonly', '2018-12-12 01:08:32', '2018-12-12 01:08:32'),
(278, 2, 136, 'readonly', '2018-12-12 01:08:32', '2018-12-12 01:08:32'),
(279, 2, 137, 'readonly', '2018-12-12 01:08:32', '2018-12-12 01:08:32'),
(280, 2, 138, 'readonly', '2018-12-12 01:08:32', '2018-12-12 01:08:32'),
(281, 2, 139, 'readonly', '2018-12-12 01:08:32', '2018-12-12 01:08:32'),
(282, 2, 140, 'readonly', '2018-12-12 01:08:32', '2018-12-12 01:08:32'),
(283, 2, 141, 'readonly', '2018-12-12 01:08:32', '2018-12-12 01:08:32'),
(284, 2, 142, 'readonly', '2018-12-12 01:08:32', '2018-12-12 01:08:32'),
(285, 3, 1, 'readonly', '2018-12-12 01:09:17', '2018-12-12 01:09:17'),
(286, 3, 2, 'readonly', '2018-12-12 01:09:17', '2018-12-12 01:09:17'),
(287, 3, 3, 'readonly', '2018-12-12 01:09:17', '2018-12-12 01:09:17'),
(288, 3, 4, 'readonly', '2018-12-12 01:09:17', '2018-12-12 01:09:17'),
(289, 3, 5, 'readonly', '2018-12-12 01:09:17', '2018-12-12 01:09:17'),
(290, 3, 6, 'readonly', '2018-12-12 01:09:17', '2018-12-12 01:09:17'),
(291, 3, 7, 'readonly', '2018-12-12 01:09:17', '2018-12-12 01:09:17'),
(292, 3, 8, 'readonly', '2018-12-12 01:09:17', '2018-12-12 01:09:17'),
(293, 3, 9, 'readonly', '2018-12-12 01:09:17', '2018-12-12 01:09:17'),
(294, 3, 10, 'readonly', '2018-12-12 01:09:17', '2018-12-12 01:09:17'),
(295, 3, 11, 'readonly', '2018-12-12 01:09:17', '2018-12-12 01:09:17'),
(296, 3, 12, 'readonly', '2018-12-12 01:09:17', '2018-12-12 01:09:17'),
(297, 3, 13, 'readonly', '2018-12-12 01:09:18', '2018-12-12 01:09:18'),
(298, 3, 14, 'readonly', '2018-12-12 01:09:18', '2018-12-12 01:09:18'),
(299, 3, 15, 'readonly', '2018-12-12 01:09:18', '2018-12-12 01:09:18'),
(300, 3, 16, 'readonly', '2018-12-12 01:09:18', '2018-12-12 01:09:18'),
(301, 3, 17, 'readonly', '2018-12-12 01:09:18', '2018-12-12 01:09:18'),
(302, 3, 18, 'readonly', '2018-12-12 01:09:18', '2018-12-12 01:09:18'),
(303, 3, 19, 'readonly', '2018-12-12 01:09:18', '2018-12-12 01:09:18'),
(304, 3, 20, 'readonly', '2018-12-12 01:09:18', '2018-12-12 01:09:18'),
(305, 3, 21, 'readonly', '2018-12-12 01:09:18', '2018-12-12 01:09:18'),
(306, 3, 22, 'readonly', '2018-12-12 01:09:18', '2018-12-12 01:09:18'),
(307, 3, 23, 'readonly', '2018-12-12 01:09:18', '2018-12-12 01:09:18'),
(308, 3, 24, 'readonly', '2018-12-12 01:09:18', '2018-12-12 01:09:18'),
(309, 3, 25, 'readonly', '2018-12-12 01:09:18', '2018-12-12 01:09:18'),
(310, 3, 26, 'readonly', '2018-12-12 01:09:18', '2018-12-12 01:09:18'),
(311, 3, 27, 'readonly', '2018-12-12 01:09:18', '2018-12-12 01:09:18'),
(312, 3, 28, 'readonly', '2018-12-12 01:09:18', '2018-12-12 01:09:18'),
(313, 3, 29, 'readonly', '2018-12-12 01:09:18', '2018-12-12 01:09:18'),
(314, 3, 30, 'readonly', '2018-12-12 01:09:19', '2018-12-12 01:09:19'),
(315, 3, 31, 'readonly', '2018-12-12 01:09:19', '2018-12-12 01:09:19'),
(316, 3, 32, 'readonly', '2018-12-12 01:09:19', '2018-12-12 01:09:19'),
(317, 3, 33, 'readonly', '2018-12-12 01:09:19', '2018-12-12 01:09:19'),
(318, 3, 34, 'readonly', '2018-12-12 01:09:19', '2018-12-12 01:09:19'),
(319, 3, 35, 'readonly', '2018-12-12 01:09:19', '2018-12-12 01:09:19'),
(320, 3, 36, 'readonly', '2018-12-12 01:09:19', '2018-12-12 01:09:19'),
(321, 3, 37, 'readonly', '2018-12-12 01:09:19', '2018-12-12 01:09:19'),
(322, 3, 38, 'readonly', '2018-12-12 01:09:19', '2018-12-12 01:09:19'),
(323, 3, 39, 'readonly', '2018-12-12 01:09:19', '2018-12-12 01:09:19'),
(324, 3, 40, 'readonly', '2018-12-12 01:09:19', '2018-12-12 01:09:19'),
(325, 3, 41, 'readonly', '2018-12-12 01:09:19', '2018-12-12 01:09:19'),
(326, 3, 42, 'readonly', '2018-12-12 01:09:19', '2018-12-12 01:09:19'),
(327, 3, 43, 'readonly', '2018-12-12 01:09:19', '2018-12-12 01:09:19'),
(328, 3, 44, 'readonly', '2018-12-12 01:09:19', '2018-12-12 01:09:19'),
(329, 3, 45, 'readonly', '2018-12-12 01:09:19', '2018-12-12 01:09:19'),
(330, 3, 46, 'readonly', '2018-12-12 01:09:19', '2018-12-12 01:09:19'),
(331, 3, 47, 'readonly', '2018-12-12 01:09:19', '2018-12-12 01:09:19'),
(332, 3, 48, 'readonly', '2018-12-12 01:09:19', '2018-12-12 01:09:19'),
(333, 3, 49, 'readonly', '2018-12-12 01:09:19', '2018-12-12 01:09:19'),
(334, 3, 50, 'readonly', '2018-12-12 01:09:19', '2018-12-12 01:09:19'),
(335, 3, 51, 'readonly', '2018-12-12 01:09:19', '2018-12-12 01:09:19'),
(336, 3, 52, 'readonly', '2018-12-12 01:09:20', '2018-12-12 01:09:20'),
(337, 3, 53, 'readonly', '2018-12-12 01:09:20', '2018-12-12 01:09:20'),
(338, 3, 54, 'readonly', '2018-12-12 01:09:20', '2018-12-12 01:09:20'),
(339, 3, 55, 'readonly', '2018-12-12 01:09:20', '2018-12-12 01:09:20'),
(340, 3, 56, 'readonly', '2018-12-12 01:09:20', '2018-12-12 01:09:20'),
(341, 3, 57, 'readonly', '2018-12-12 01:09:20', '2018-12-12 01:09:20'),
(342, 3, 58, 'readonly', '2018-12-12 01:09:20', '2018-12-12 01:09:20'),
(343, 3, 59, 'readonly', '2018-12-12 01:09:20', '2018-12-12 01:09:20'),
(344, 3, 60, 'readonly', '2018-12-12 01:09:20', '2018-12-12 01:09:20'),
(345, 3, 61, 'readonly', '2018-12-12 01:09:20', '2018-12-12 01:09:20'),
(346, 3, 62, 'readonly', '2018-12-12 01:09:20', '2018-12-12 01:09:20'),
(347, 3, 63, 'readonly', '2018-12-12 01:09:20', '2018-12-12 01:09:20'),
(348, 3, 64, 'readonly', '2018-12-12 01:09:20', '2018-12-12 01:09:20'),
(349, 3, 65, 'readonly', '2018-12-12 01:09:20', '2018-12-12 01:09:20'),
(350, 3, 66, 'readonly', '2018-12-12 01:09:20', '2018-12-12 01:09:20'),
(351, 3, 67, 'readonly', '2018-12-12 01:09:20', '2018-12-12 01:09:20'),
(352, 3, 68, 'readonly', '2018-12-12 01:09:20', '2018-12-12 01:09:20'),
(353, 3, 69, 'readonly', '2018-12-12 01:09:21', '2018-12-12 01:09:21'),
(354, 3, 70, 'readonly', '2018-12-12 01:09:21', '2018-12-12 01:09:21'),
(355, 3, 71, 'readonly', '2018-12-12 01:09:21', '2018-12-12 01:09:21'),
(357, 3, 73, 'readonly', '2018-12-12 01:09:21', '2018-12-12 01:09:21'),
(358, 3, 74, 'readonly', '2018-12-12 01:09:21', '2018-12-12 01:09:21'),
(359, 3, 75, 'readonly', '2018-12-12 01:09:21', '2018-12-12 01:09:21'),
(360, 3, 76, 'readonly', '2018-12-12 01:09:21', '2018-12-12 01:09:21'),
(361, 3, 77, 'readonly', '2018-12-12 01:09:21', '2018-12-12 01:09:21'),
(362, 3, 78, 'readonly', '2018-12-12 01:09:21', '2018-12-12 01:09:21'),
(363, 3, 79, 'readonly', '2018-12-12 01:09:21', '2018-12-12 01:09:21'),
(364, 3, 80, 'readonly', '2018-12-12 01:09:21', '2018-12-12 01:09:21'),
(365, 3, 81, 'readonly', '2018-12-12 01:09:21', '2018-12-12 01:09:21'),
(366, 3, 82, 'readonly', '2018-12-12 01:09:21', '2018-12-12 01:09:21'),
(367, 3, 83, 'readonly', '2018-12-12 01:09:21', '2018-12-12 01:09:21'),
(368, 3, 84, 'readonly', '2018-12-12 01:09:21', '2018-12-12 01:09:21'),
(369, 3, 85, 'readonly', '2018-12-12 01:09:21', '2018-12-12 01:09:21'),
(370, 3, 86, 'readonly', '2018-12-12 01:09:21', '2018-12-12 01:09:21'),
(371, 3, 87, 'readonly', '2018-12-12 01:09:22', '2018-12-12 01:09:22'),
(372, 3, 88, 'readonly', '2018-12-12 01:09:22', '2018-12-12 01:09:22'),
(374, 3, 90, 'readonly', '2018-12-12 01:09:22', '2018-12-12 01:09:22'),
(375, 3, 91, 'readonly', '2018-12-12 01:09:22', '2018-12-12 01:09:22'),
(376, 3, 92, 'readonly', '2018-12-12 01:09:22', '2018-12-12 01:09:22'),
(377, 3, 93, 'readonly', '2018-12-12 01:09:22', '2018-12-12 01:09:22'),
(378, 3, 94, 'readonly', '2018-12-12 01:09:22', '2018-12-12 01:09:22'),
(379, 3, 95, 'readonly', '2018-12-12 01:09:22', '2018-12-12 01:09:22'),
(380, 3, 96, 'readonly', '2018-12-12 01:09:22', '2018-12-12 01:09:22'),
(381, 3, 97, 'readonly', '2018-12-12 01:09:22', '2018-12-12 01:09:22'),
(382, 3, 98, 'readonly', '2018-12-12 01:09:22', '2018-12-12 01:09:22'),
(383, 3, 99, 'readonly', '2018-12-12 01:09:22', '2018-12-12 01:09:22'),
(384, 3, 100, 'readonly', '2018-12-12 01:09:22', '2018-12-12 01:09:22'),
(385, 3, 101, 'readonly', '2018-12-12 01:09:22', '2018-12-12 01:09:22'),
(386, 3, 102, 'readonly', '2018-12-12 01:09:22', '2018-12-12 01:09:22'),
(387, 3, 103, 'readonly', '2018-12-12 01:09:22', '2018-12-12 01:09:22'),
(388, 3, 104, 'readonly', '2018-12-12 01:09:22', '2018-12-12 01:09:22'),
(391, 3, 107, 'readonly', '2018-12-12 01:09:23', '2018-12-12 01:09:23'),
(392, 3, 108, 'readonly', '2018-12-12 01:09:23', '2018-12-12 01:09:23'),
(393, 3, 109, 'readonly', '2018-12-12 01:09:23', '2018-12-12 01:09:23'),
(394, 3, 110, 'readonly', '2018-12-12 01:09:23', '2018-12-12 01:09:23'),
(395, 3, 111, 'readonly', '2018-12-12 01:09:23', '2018-12-12 01:09:23'),
(396, 3, 112, 'readonly', '2018-12-12 01:09:23', '2018-12-12 01:09:23'),
(397, 3, 113, 'readonly', '2018-12-12 01:09:23', '2018-12-12 01:09:23'),
(398, 3, 114, 'readonly', '2018-12-12 01:09:23', '2018-12-12 01:09:23'),
(399, 3, 115, 'readonly', '2018-12-12 01:09:23', '2018-12-12 01:09:23'),
(400, 3, 116, 'readonly', '2018-12-12 01:09:23', '2018-12-12 01:09:23'),
(401, 3, 117, 'readonly', '2018-12-12 01:09:23', '2018-12-12 01:09:23'),
(402, 3, 118, 'readonly', '2018-12-12 01:09:23', '2018-12-12 01:09:23'),
(403, 3, 119, 'readonly', '2018-12-12 01:09:23', '2018-12-12 01:09:23'),
(404, 3, 120, 'readonly', '2018-12-12 01:09:23', '2018-12-12 01:09:23'),
(405, 3, 121, 'readonly', '2018-12-12 01:09:23', '2018-12-12 01:09:23'),
(406, 3, 122, 'readonly', '2018-12-12 01:09:23', '2018-12-12 01:09:23'),
(407, 3, 123, 'readonly', '2018-12-12 01:09:23', '2018-12-12 01:09:23'),
(408, 3, 124, 'readonly', '2018-12-12 01:09:23', '2018-12-12 01:09:23'),
(409, 3, 125, 'readonly', '2018-12-12 01:09:24', '2018-12-12 01:09:24'),
(410, 3, 126, 'readonly', '2018-12-12 01:09:24', '2018-12-12 01:09:24'),
(411, 3, 127, 'readonly', '2018-12-12 01:09:24', '2018-12-12 01:09:24'),
(412, 3, 128, 'readonly', '2018-12-12 01:09:24', '2018-12-12 01:09:24'),
(413, 3, 129, 'readonly', '2018-12-12 01:09:24', '2018-12-12 01:09:24'),
(414, 3, 130, 'readonly', '2018-12-12 01:09:24', '2018-12-12 01:09:24'),
(415, 3, 131, 'readonly', '2018-12-12 01:09:24', '2018-12-12 01:09:24'),
(416, 3, 132, 'readonly', '2018-12-12 01:09:24', '2018-12-12 01:09:24'),
(417, 3, 133, 'readonly', '2018-12-12 01:09:24', '2018-12-12 01:09:24'),
(418, 3, 134, 'readonly', '2018-12-12 01:09:24', '2018-12-12 01:09:24'),
(419, 3, 135, 'readonly', '2018-12-12 01:09:24', '2018-12-12 01:09:24'),
(420, 3, 136, 'readonly', '2018-12-12 01:09:24', '2018-12-12 01:09:24'),
(421, 3, 137, 'readonly', '2018-12-12 01:09:24', '2018-12-12 01:09:24'),
(422, 3, 138, 'readonly', '2018-12-12 01:09:24', '2018-12-12 01:09:24'),
(423, 3, 139, 'readonly', '2018-12-12 01:09:24', '2018-12-12 01:09:24'),
(424, 3, 140, 'readonly', '2018-12-12 01:09:24', '2018-12-12 01:09:24'),
(425, 3, 141, 'readonly', '2018-12-12 01:09:24', '2018-12-12 01:09:24'),
(426, 3, 142, 'readonly', '2018-12-12 01:09:24', '2018-12-12 01:09:24'),
(427, 4, 1, 'readonly', '2018-12-12 01:10:14', '2018-12-12 01:10:14'),
(428, 4, 2, 'readonly', '2018-12-12 01:10:14', '2018-12-12 01:10:14'),
(429, 4, 3, 'readonly', '2018-12-12 01:10:14', '2018-12-12 01:10:14'),
(430, 4, 4, 'readonly', '2018-12-12 01:10:14', '2018-12-12 01:10:14'),
(431, 4, 5, 'readonly', '2018-12-12 01:10:14', '2018-12-12 01:10:14'),
(432, 4, 6, 'readonly', '2018-12-12 01:10:14', '2018-12-12 01:10:14'),
(433, 4, 7, 'readonly', '2018-12-12 01:10:14', '2018-12-12 01:10:14'),
(434, 4, 8, 'readonly', '2018-12-12 01:10:14', '2018-12-12 01:10:14'),
(435, 4, 9, 'readonly', '2018-12-12 01:10:14', '2018-12-12 01:10:14'),
(436, 4, 10, 'readonly', '2018-12-12 01:10:14', '2018-12-12 01:10:14'),
(437, 4, 11, 'readonly', '2018-12-12 01:10:14', '2018-12-12 01:10:14'),
(438, 4, 12, 'readonly', '2018-12-12 01:10:14', '2018-12-12 01:10:14'),
(439, 4, 13, 'readonly', '2018-12-12 01:10:14', '2018-12-12 01:10:14'),
(440, 4, 14, 'readonly', '2018-12-12 01:10:14', '2018-12-12 01:10:14'),
(441, 4, 15, 'readonly', '2018-12-12 01:10:14', '2018-12-12 01:10:14'),
(442, 4, 16, 'readonly', '2018-12-12 01:10:14', '2018-12-12 01:10:14'),
(443, 4, 17, 'readonly', '2018-12-12 01:10:14', '2018-12-12 01:10:14'),
(444, 4, 18, 'readonly', '2018-12-12 01:10:14', '2018-12-12 01:10:14'),
(445, 4, 19, 'readonly', '2018-12-12 01:10:14', '2018-12-12 01:10:14'),
(446, 4, 20, 'readonly', '2018-12-12 01:10:14', '2018-12-12 01:10:14'),
(447, 4, 21, 'readonly', '2018-12-12 01:10:14', '2018-12-12 01:10:14'),
(448, 4, 22, 'readonly', '2018-12-12 01:10:15', '2018-12-12 01:10:15'),
(449, 4, 23, 'readonly', '2018-12-12 01:10:15', '2018-12-12 01:10:15'),
(450, 4, 24, 'readonly', '2018-12-12 01:10:15', '2018-12-12 01:10:15'),
(451, 4, 25, 'readonly', '2018-12-12 01:10:15', '2018-12-12 01:10:15'),
(452, 4, 26, 'readonly', '2018-12-12 01:10:15', '2018-12-12 01:10:15'),
(453, 4, 27, 'readonly', '2018-12-12 01:10:15', '2018-12-12 01:10:15'),
(454, 4, 28, 'readonly', '2018-12-12 01:10:15', '2018-12-12 01:10:15'),
(455, 4, 29, 'readonly', '2018-12-12 01:10:15', '2018-12-12 01:10:15'),
(456, 4, 30, 'readonly', '2018-12-12 01:10:15', '2018-12-12 01:10:15'),
(457, 4, 31, 'readonly', '2018-12-12 01:10:15', '2018-12-12 01:10:15'),
(458, 4, 32, 'readonly', '2018-12-12 01:10:15', '2018-12-12 01:10:15'),
(459, 4, 33, 'readonly', '2018-12-12 01:10:15', '2018-12-12 01:10:15'),
(460, 4, 34, 'readonly', '2018-12-12 01:10:15', '2018-12-12 01:10:15'),
(461, 4, 35, 'readonly', '2018-12-12 01:10:15', '2018-12-12 01:10:15'),
(462, 4, 36, 'readonly', '2018-12-12 01:10:15', '2018-12-12 01:10:15'),
(463, 4, 37, 'readonly', '2018-12-12 01:10:15', '2018-12-12 01:10:15'),
(464, 4, 38, 'readonly', '2018-12-12 01:10:15', '2018-12-12 01:10:15'),
(465, 4, 39, 'readonly', '2018-12-12 01:10:15', '2018-12-12 01:10:15'),
(466, 4, 40, 'readonly', '2018-12-12 01:10:15', '2018-12-12 01:10:15'),
(467, 4, 41, 'readonly', '2018-12-12 01:10:15', '2018-12-12 01:10:15'),
(468, 4, 42, 'readonly', '2018-12-12 01:10:15', '2018-12-12 01:10:15'),
(469, 4, 43, 'readonly', '2018-12-12 01:10:15', '2018-12-12 01:10:15'),
(470, 4, 44, 'readonly', '2018-12-12 01:10:15', '2018-12-12 01:10:15'),
(471, 4, 45, 'readonly', '2018-12-12 01:10:15', '2018-12-12 01:10:15'),
(472, 4, 46, 'readonly', '2018-12-12 01:10:15', '2018-12-12 01:10:15'),
(473, 4, 47, 'readonly', '2018-12-12 01:10:15', '2018-12-12 01:10:15'),
(474, 4, 48, 'readonly', '2018-12-12 01:10:15', '2018-12-12 01:10:15'),
(475, 4, 49, 'readonly', '2018-12-12 01:10:15', '2018-12-12 01:10:15'),
(476, 4, 50, 'readonly', '2018-12-12 01:10:15', '2018-12-12 01:10:15'),
(477, 4, 51, 'readonly', '2018-12-12 01:10:15', '2018-12-12 01:10:15'),
(478, 4, 52, 'readonly', '2018-12-12 01:10:16', '2018-12-12 01:10:16'),
(479, 4, 53, 'readonly', '2018-12-12 01:10:16', '2018-12-12 01:10:16'),
(480, 4, 54, 'readonly', '2018-12-12 01:10:16', '2018-12-12 01:10:16'),
(481, 4, 55, 'readonly', '2018-12-12 01:10:16', '2018-12-12 01:10:16'),
(482, 4, 56, 'readonly', '2018-12-12 01:10:16', '2018-12-12 01:10:16'),
(483, 4, 57, 'readonly', '2018-12-12 01:10:16', '2018-12-12 01:10:16'),
(484, 4, 58, 'readonly', '2018-12-12 01:10:16', '2018-12-12 01:10:16'),
(485, 4, 59, 'readonly', '2018-12-12 01:10:16', '2018-12-12 01:10:16'),
(486, 4, 60, 'readonly', '2018-12-12 01:10:16', '2018-12-12 01:10:16'),
(487, 4, 61, 'readonly', '2018-12-12 01:10:16', '2018-12-12 01:10:16'),
(488, 4, 62, 'readonly', '2018-12-12 01:10:16', '2018-12-12 01:10:16'),
(489, 4, 63, 'readonly', '2018-12-12 01:10:16', '2018-12-12 01:10:16'),
(490, 4, 64, 'readonly', '2018-12-12 01:10:16', '2018-12-12 01:10:16'),
(491, 4, 65, 'readonly', '2018-12-12 01:10:16', '2018-12-12 01:10:16'),
(492, 4, 66, 'readonly', '2018-12-12 01:10:17', '2018-12-12 01:10:17'),
(493, 4, 67, 'readonly', '2018-12-12 01:10:17', '2018-12-12 01:10:17'),
(494, 4, 68, 'readonly', '2018-12-12 01:10:17', '2018-12-12 01:10:17'),
(495, 4, 69, 'readonly', '2018-12-12 01:10:17', '2018-12-12 01:10:17'),
(496, 4, 70, 'readonly', '2018-12-12 01:10:17', '2018-12-12 01:10:17'),
(497, 4, 71, 'readonly', '2018-12-12 01:10:17', '2018-12-12 01:10:17'),
(499, 4, 73, 'readonly', '2018-12-12 01:10:17', '2018-12-12 01:10:17'),
(500, 4, 74, 'readonly', '2018-12-12 01:10:17', '2018-12-12 01:10:17'),
(501, 4, 75, 'readonly', '2018-12-12 01:10:17', '2018-12-12 01:10:17'),
(502, 4, 76, 'readonly', '2018-12-12 01:10:17', '2018-12-12 01:10:17'),
(503, 4, 77, 'readonly', '2018-12-12 01:10:17', '2018-12-12 01:10:17'),
(504, 4, 78, 'readonly', '2018-12-12 01:10:17', '2018-12-12 01:10:17'),
(505, 4, 79, 'readonly', '2018-12-12 01:10:17', '2018-12-12 01:10:17'),
(506, 4, 80, 'readonly', '2018-12-12 01:10:17', '2018-12-12 01:10:17'),
(507, 4, 81, 'readonly', '2018-12-12 01:10:17', '2018-12-12 01:10:17'),
(508, 4, 82, 'readonly', '2018-12-12 01:10:17', '2018-12-12 01:10:17'),
(509, 4, 83, 'readonly', '2018-12-12 01:10:17', '2018-12-12 01:10:17'),
(510, 4, 84, 'readonly', '2018-12-12 01:10:17', '2018-12-12 01:10:17'),
(511, 4, 85, 'readonly', '2018-12-12 01:10:17', '2018-12-12 01:10:17'),
(512, 4, 86, 'readonly', '2018-12-12 01:10:17', '2018-12-12 01:10:17'),
(513, 4, 87, 'readonly', '2018-12-12 01:10:18', '2018-12-12 01:10:18'),
(514, 4, 88, 'readonly', '2018-12-12 01:10:18', '2018-12-12 01:10:18'),
(516, 4, 90, 'readonly', '2018-12-12 01:10:18', '2018-12-12 01:10:18'),
(517, 4, 91, 'readonly', '2018-12-12 01:10:18', '2018-12-12 01:10:18'),
(518, 4, 92, 'readonly', '2018-12-12 01:10:18', '2018-12-12 01:10:18'),
(519, 4, 93, 'readonly', '2018-12-12 01:10:18', '2018-12-12 01:10:18'),
(520, 4, 94, 'readonly', '2018-12-12 01:10:18', '2018-12-12 01:10:18'),
(521, 4, 95, 'readonly', '2018-12-12 01:10:18', '2018-12-12 01:10:18'),
(522, 4, 96, 'readonly', '2018-12-12 01:10:18', '2018-12-12 01:10:18'),
(523, 4, 97, 'readonly', '2018-12-12 01:10:18', '2018-12-12 01:10:18'),
(524, 4, 98, 'readonly', '2018-12-12 01:10:18', '2018-12-12 01:10:18'),
(525, 4, 99, 'readonly', '2018-12-12 01:10:18', '2018-12-12 01:10:18'),
(526, 4, 100, 'readonly', '2018-12-12 01:10:18', '2018-12-12 01:10:18'),
(527, 4, 101, 'readonly', '2018-12-12 01:10:18', '2018-12-12 01:10:18'),
(528, 4, 102, 'readonly', '2018-12-12 01:10:18', '2018-12-12 01:10:18'),
(529, 4, 103, 'readonly', '2018-12-12 01:10:18', '2018-12-12 01:10:18'),
(530, 4, 104, 'readonly', '2018-12-12 01:10:18', '2018-12-12 01:10:18'),
(533, 4, 107, 'readonly', '2018-12-12 01:10:19', '2018-12-12 01:10:19'),
(534, 4, 108, 'readonly', '2018-12-12 01:10:19', '2018-12-12 01:10:19'),
(535, 4, 109, 'readonly', '2018-12-12 01:10:19', '2018-12-12 01:10:19'),
(536, 4, 110, 'readonly', '2018-12-12 01:10:19', '2018-12-12 01:10:19'),
(537, 4, 111, 'readonly', '2018-12-12 01:10:19', '2018-12-12 01:10:19'),
(538, 4, 112, 'readonly', '2018-12-12 01:10:19', '2018-12-12 01:10:19'),
(539, 4, 113, 'readonly', '2018-12-12 01:10:19', '2018-12-12 01:10:19'),
(540, 4, 114, 'readonly', '2018-12-12 01:10:19', '2018-12-12 01:10:19'),
(541, 4, 115, 'readonly', '2018-12-12 01:10:19', '2018-12-12 01:10:19'),
(542, 4, 116, 'readonly', '2018-12-12 01:10:19', '2018-12-12 01:10:19'),
(543, 4, 117, 'readonly', '2018-12-12 01:10:19', '2018-12-12 01:10:19'),
(544, 4, 118, 'readonly', '2018-12-12 01:10:19', '2018-12-12 01:10:19'),
(545, 4, 119, 'readonly', '2018-12-12 01:10:19', '2018-12-12 01:10:19'),
(546, 4, 120, 'readonly', '2018-12-12 01:10:19', '2018-12-12 01:10:19'),
(547, 4, 121, 'readonly', '2018-12-12 01:10:19', '2018-12-12 01:10:19'),
(548, 4, 122, 'readonly', '2018-12-12 01:10:19', '2018-12-12 01:10:19'),
(549, 4, 123, 'readonly', '2018-12-12 01:10:19', '2018-12-12 01:10:19'),
(550, 4, 124, 'readonly', '2018-12-12 01:10:19', '2018-12-12 01:10:19'),
(551, 4, 125, 'readonly', '2018-12-12 01:10:20', '2018-12-12 01:10:20'),
(552, 4, 126, 'readonly', '2018-12-12 01:10:20', '2018-12-12 01:10:20'),
(553, 4, 127, 'readonly', '2018-12-12 01:10:20', '2018-12-12 01:10:20'),
(554, 4, 128, 'readonly', '2018-12-12 01:10:20', '2018-12-12 01:10:20'),
(555, 4, 129, 'readonly', '2018-12-12 01:10:20', '2018-12-12 01:10:20'),
(556, 4, 130, 'readonly', '2018-12-12 01:10:20', '2018-12-12 01:10:20'),
(557, 4, 131, 'readonly', '2018-12-12 01:10:20', '2018-12-12 01:10:20'),
(558, 4, 132, 'readonly', '2018-12-12 01:10:20', '2018-12-12 01:10:20'),
(559, 4, 133, 'readonly', '2018-12-12 01:10:20', '2018-12-12 01:10:20'),
(560, 4, 134, 'readonly', '2018-12-12 01:10:20', '2018-12-12 01:10:20'),
(561, 4, 135, 'readonly', '2018-12-12 01:10:20', '2018-12-12 01:10:20'),
(562, 4, 136, 'readonly', '2018-12-12 01:10:20', '2018-12-12 01:10:20'),
(563, 4, 137, 'readonly', '2018-12-12 01:10:20', '2018-12-12 01:10:20'),
(564, 4, 138, 'readonly', '2018-12-12 01:10:20', '2018-12-12 01:10:20'),
(565, 4, 139, 'readonly', '2018-12-12 01:10:20', '2018-12-12 01:10:20'),
(566, 4, 140, 'readonly', '2018-12-12 01:10:20', '2018-12-12 01:10:20'),
(567, 4, 141, 'readonly', '2018-12-12 01:10:20', '2018-12-12 01:10:20'),
(568, 4, 142, 'readonly', '2018-12-12 01:10:20', '2018-12-12 01:10:20'),
(569, 1, 143, 'write', '2018-12-12 04:54:53', '2018-12-12 04:54:53'),
(570, 1, 144, 'write', '2018-12-12 05:50:33', '2018-12-12 05:50:33'),
(571, 1, 145, 'write', '2018-12-12 05:51:05', '2018-12-12 05:51:05'),
(572, 1, 146, 'write', '2018-12-12 05:51:55', '2018-12-12 05:51:55'),
(573, 1, 147, 'write', '2018-12-12 05:52:35', '2018-12-12 05:52:35'),
(574, 1, 148, 'readonly', '2018-12-15 02:07:18', '2018-12-15 02:07:18'),
(575, 2, 148, 'invisible', '2018-12-15 02:07:44', '2018-12-15 02:07:44'),
(576, 3, 148, 'invisible', '2018-12-15 02:07:44', '2018-12-15 02:07:44'),
(577, 4, 148, 'invisible', '2018-12-15 02:07:44', '2018-12-15 02:07:44'),
(578, 1, 149, 'write', '2018-12-19 02:32:04', '2018-12-19 02:32:04'),
(579, 1, 150, 'write', '2018-12-19 03:13:35', '2018-12-19 03:13:35'),
(580, 1, 151, 'write', '2018-12-19 03:14:31', '2018-12-19 03:14:31'),
(581, 1, 152, 'write', '2018-12-19 03:25:29', '2018-12-19 03:25:29'),
(582, 1, 153, 'write', '2018-12-19 03:27:04', '2018-12-19 03:27:04'),
(584, 1, 155, 'write', '2018-12-19 03:43:15', '2018-12-19 03:43:15'),
(585, 1, 156, 'write', '2018-12-19 03:43:55', '2018-12-19 03:43:55'),
(586, 1, 157, 'write', '2018-12-19 03:46:32', '2018-12-19 03:46:32'),
(587, 1, 158, 'write', '2018-12-20 01:13:34', '2018-12-20 01:13:34'),
(588, 1, 159, 'write', '2018-12-20 01:14:10', '2018-12-20 01:14:10'),
(589, 1, 160, 'write', '2018-12-20 01:25:57', '2018-12-20 01:25:57'),
(590, 1, 161, 'write', '2018-12-20 01:26:43', '2018-12-20 01:26:43'),
(591, 1, 162, 'write', '2018-12-20 01:27:53', '2018-12-20 01:27:53'),
(592, 1, 163, 'write', '2018-12-20 01:28:42', '2018-12-20 01:28:42'),
(593, 1, 164, 'write', '2018-12-22 03:06:13', '2018-12-22 03:06:13'),
(594, 1, 165, 'write', '2018-12-22 03:06:49', '2018-12-22 03:06:49'),
(595, 1, 166, 'write', '2018-12-22 03:08:05', '2018-12-22 03:08:05'),
(596, 1, 167, 'write', '2018-12-24 06:13:19', '2018-12-24 06:13:19'),
(597, 1, 168, 'write', '2019-01-02 01:12:34', '2019-01-02 01:12:34'),
(598, 1, 169, 'write', '2019-01-02 04:50:01', '2019-01-02 04:50:01'),
(600, 2, 149, 'invisible', '2019-01-16 00:35:54', '2019-01-16 00:35:54'),
(601, 2, 143, 'invisible', '2019-01-16 00:35:54', '2019-01-16 00:35:54'),
(602, 3, 149, 'invisible', '2019-01-16 00:35:54', '2019-01-16 00:35:54'),
(603, 3, 143, 'invisible', '2019-01-16 00:35:54', '2019-01-16 00:35:54'),
(604, 4, 149, 'invisible', '2019-01-16 00:35:54', '2019-01-16 00:35:54'),
(605, 4, 143, 'invisible', '2019-01-16 00:35:54', '2019-01-16 00:35:54'),
(606, 1, 171, 'write', '2019-01-16 04:07:19', '2019-01-16 04:07:19'),
(607, 1, 172, 'write', '2019-01-16 06:04:23', '2019-01-16 06:04:23'),
(608, 1, 173, 'write', '2019-01-16 06:04:54', '2019-01-16 06:04:54'),
(609, 1, 174, 'write', '2019-01-16 06:05:21', '2019-01-16 06:05:21'),
(610, 2, 172, 'invisible', '2019-01-16 06:07:07', '2019-01-16 06:07:07'),
(611, 2, 173, 'invisible', '2019-01-16 06:07:07', '2019-01-16 06:07:07'),
(612, 2, 174, 'invisible', '2019-01-16 06:07:07', '2019-01-16 06:07:07'),
(613, 3, 172, 'invisible', '2019-01-16 06:07:07', '2019-01-16 06:07:07'),
(614, 3, 173, 'invisible', '2019-01-16 06:07:07', '2019-01-16 06:07:07'),
(615, 3, 174, 'invisible', '2019-01-16 06:07:07', '2019-01-16 06:07:07'),
(616, 4, 172, 'invisible', '2019-01-16 06:07:07', '2019-01-16 06:07:07'),
(617, 4, 173, 'invisible', '2019-01-16 06:07:07', '2019-01-16 06:07:07'),
(618, 4, 174, 'invisible', '2019-01-16 06:07:07', '2019-01-16 06:07:07'),
(619, 1, 175, 'write', '2019-01-18 04:10:52', '2019-01-18 04:10:52'),
(620, 1, 176, 'write', '2019-01-18 04:12:14', '2019-01-18 04:12:14'),
(621, 1, 177, 'write', '2019-01-18 04:18:34', '2019-01-18 04:18:34'),
(622, 1, 178, 'write', '2019-01-18 04:20:52', '2019-01-18 04:20:52'),
(623, 1, 179, 'write', '2019-01-18 04:21:33', '2019-01-18 04:21:33'),
(624, 1, 180, 'write', '2019-01-18 04:22:08', '2019-01-18 04:22:08'),
(625, 1, 181, 'write', '2019-01-18 04:22:56', '2019-01-18 04:22:56'),
(626, 1, 182, 'write', '2019-01-18 04:23:39', '2019-01-18 04:23:39'),
(627, 1, 183, 'write', '2019-01-18 04:24:22', '2019-01-18 04:24:22'),
(628, 1, 184, 'write', '2019-01-18 04:25:00', '2019-01-18 04:25:00'),
(629, 1, 185, 'write', '2019-01-18 04:25:44', '2019-01-18 04:25:44'),
(630, 1, 186, 'write', '2019-01-18 04:26:36', '2019-01-18 04:26:36'),
(631, 1, 187, 'write', '2019-01-18 04:29:50', '2019-01-18 04:29:50'),
(632, 1, 188, 'write', '2019-01-18 04:32:41', '2019-01-18 04:32:41'),
(633, 1, 189, 'write', '2019-01-18 04:33:22', '2019-01-18 04:33:22'),
(634, 1, 190, 'write', '2019-01-18 04:34:05', '2019-01-18 04:34:05'),
(635, 1, 191, 'write', '2019-01-18 04:34:53', '2019-01-18 04:34:53'),
(636, 1, 192, 'write', '2019-01-18 04:35:26', '2019-01-18 04:35:26'),
(637, 1, 193, 'write', '2019-01-18 04:36:13', '2019-01-18 04:36:13'),
(638, 1, 194, 'write', '2019-01-18 04:36:46', '2019-01-18 04:36:46'),
(639, 1, 195, 'write', '2019-01-18 04:37:35', '2019-01-18 04:37:35'),
(640, 1, 196, 'write', '2019-01-18 04:39:19', '2019-01-18 04:39:19'),
(641, 1, 197, 'write', '2019-01-18 04:39:53', '2019-01-18 04:39:53'),
(642, 1, 198, 'write', '2019-01-18 04:40:29', '2019-01-18 04:40:29'),
(643, 1, 199, 'write', '2019-01-18 04:41:52', '2019-01-18 04:41:52'),
(644, 1, 200, 'write', '2019-01-18 08:17:34', '2019-01-18 08:17:34'),
(645, 2, 175, 'invisible', '2019-01-18 08:17:34', '2019-01-18 08:17:34'),
(646, 2, 176, 'invisible', '2019-01-18 08:17:34', '2019-01-18 08:17:34'),
(647, 2, 177, 'invisible', '2019-01-18 08:17:34', '2019-01-18 08:17:34'),
(648, 2, 178, 'invisible', '2019-01-18 08:17:34', '2019-01-18 08:17:34'),
(649, 2, 179, 'invisible', '2019-01-18 08:17:34', '2019-01-18 08:17:34'),
(650, 2, 180, 'invisible', '2019-01-18 08:17:34', '2019-01-18 08:17:34'),
(651, 2, 181, 'invisible', '2019-01-18 08:17:34', '2019-01-18 08:17:34'),
(652, 2, 182, 'invisible', '2019-01-18 08:17:34', '2019-01-18 08:17:34'),
(653, 2, 183, 'invisible', '2019-01-18 08:17:34', '2019-01-18 08:17:34'),
(654, 2, 184, 'invisible', '2019-01-18 08:17:34', '2019-01-18 08:17:34'),
(655, 2, 185, 'invisible', '2019-01-18 08:17:34', '2019-01-18 08:17:34'),
(656, 2, 186, 'invisible', '2019-01-18 08:17:34', '2019-01-18 08:17:34'),
(657, 2, 187, 'invisible', '2019-01-18 08:17:34', '2019-01-18 08:17:34'),
(658, 2, 200, 'invisible', '2019-01-18 08:17:34', '2019-01-18 08:17:34'),
(659, 3, 175, 'invisible', '2019-01-18 08:17:34', '2019-01-18 08:17:34'),
(660, 3, 176, 'invisible', '2019-01-18 08:17:34', '2019-01-18 08:17:34'),
(661, 3, 177, 'invisible', '2019-01-18 08:17:34', '2019-01-18 08:17:34'),
(662, 3, 178, 'invisible', '2019-01-18 08:17:34', '2019-01-18 08:17:34'),
(663, 3, 179, 'invisible', '2019-01-18 08:17:34', '2019-01-18 08:17:34'),
(664, 3, 180, 'invisible', '2019-01-18 08:17:34', '2019-01-18 08:17:34'),
(665, 3, 181, 'invisible', '2019-01-18 08:17:34', '2019-01-18 08:17:34'),
(666, 3, 182, 'invisible', '2019-01-18 08:17:34', '2019-01-18 08:17:34'),
(667, 3, 183, 'invisible', '2019-01-18 08:17:34', '2019-01-18 08:17:34'),
(668, 3, 184, 'invisible', '2019-01-18 08:17:34', '2019-01-18 08:17:34'),
(669, 3, 185, 'invisible', '2019-01-18 08:17:34', '2019-01-18 08:17:34'),
(670, 3, 186, 'invisible', '2019-01-18 08:17:34', '2019-01-18 08:17:34'),
(671, 3, 187, 'invisible', '2019-01-18 08:17:34', '2019-01-18 08:17:34'),
(672, 3, 200, 'invisible', '2019-01-18 08:17:34', '2019-01-18 08:17:34'),
(673, 4, 175, 'invisible', '2019-01-18 08:17:34', '2019-01-18 08:17:34'),
(674, 4, 176, 'invisible', '2019-01-18 08:17:34', '2019-01-18 08:17:34'),
(675, 4, 177, 'invisible', '2019-01-18 08:17:34', '2019-01-18 08:17:34'),
(676, 4, 178, 'invisible', '2019-01-18 08:17:34', '2019-01-18 08:17:34'),
(677, 4, 179, 'invisible', '2019-01-18 08:17:34', '2019-01-18 08:17:34'),
(678, 4, 180, 'invisible', '2019-01-18 08:17:34', '2019-01-18 08:17:34'),
(679, 4, 181, 'invisible', '2019-01-18 08:17:34', '2019-01-18 08:17:34'),
(680, 4, 182, 'invisible', '2019-01-18 08:17:34', '2019-01-18 08:17:34'),
(681, 4, 183, 'invisible', '2019-01-18 08:17:34', '2019-01-18 08:17:34'),
(682, 4, 184, 'invisible', '2019-01-18 08:17:34', '2019-01-18 08:17:34'),
(683, 4, 185, 'invisible', '2019-01-18 08:17:34', '2019-01-18 08:17:34'),
(684, 4, 186, 'invisible', '2019-01-18 08:17:34', '2019-01-18 08:17:34'),
(685, 4, 187, 'invisible', '2019-01-18 08:17:34', '2019-01-18 08:17:34'),
(686, 4, 200, 'invisible', '2019-01-18 08:17:34', '2019-01-18 08:17:34'),
(687, 1, 201, 'write', '2019-01-18 08:21:44', '2019-01-18 08:21:44'),
(688, 2, 188, 'invisible', '2019-01-18 08:32:45', '2019-01-18 08:32:45'),
(689, 2, 188, 'invisible', '2019-01-18 08:32:45', '2019-01-18 08:32:45'),
(690, 2, 189, 'invisible', '2019-01-18 08:32:45', '2019-01-18 08:32:45'),
(691, 2, 190, 'invisible', '2019-01-18 08:32:45', '2019-01-18 08:32:45'),
(692, 2, 191, 'invisible', '2019-01-18 08:32:45', '2019-01-18 08:32:45'),
(693, 2, 192, 'invisible', '2019-01-18 08:32:45', '2019-01-18 08:32:45'),
(694, 2, 192, 'invisible', '2019-01-18 08:32:45', '2019-01-18 08:32:45'),
(695, 2, 193, 'invisible', '2019-01-18 08:32:45', '2019-01-18 08:32:45'),
(696, 2, 193, 'invisible', '2019-01-18 08:32:45', '2019-01-18 08:32:45'),
(697, 2, 194, 'invisible', '2019-01-18 08:32:45', '2019-01-18 08:32:45'),
(698, 2, 195, 'invisible', '2019-01-18 08:32:45', '2019-01-18 08:32:45'),
(699, 2, 196, 'invisible', '2019-01-18 08:32:45', '2019-01-18 08:32:45'),
(700, 2, 197, 'invisible', '2019-01-18 08:32:45', '2019-01-18 08:32:45'),
(701, 2, 198, 'invisible', '2019-01-18 08:32:45', '2019-01-18 08:32:45'),
(702, 2, 198, 'invisible', '2019-01-18 08:32:45', '2019-01-18 08:32:45'),
(703, 2, 199, 'invisible', '2019-01-18 08:32:45', '2019-01-18 08:32:45'),
(704, 2, 201, 'invisible', '2019-01-18 08:32:45', '2019-01-18 08:32:45'),
(705, 3, 188, 'invisible', '2019-01-18 08:32:45', '2019-01-18 08:32:45'),
(706, 3, 189, 'invisible', '2019-01-18 08:32:45', '2019-01-18 08:32:45'),
(707, 3, 190, 'invisible', '2019-01-18 08:32:45', '2019-01-18 08:32:45'),
(708, 3, 191, 'invisible', '2019-01-18 08:32:45', '2019-01-18 08:32:45'),
(709, 3, 192, 'invisible', '2019-01-18 08:32:45', '2019-01-18 08:32:45'),
(710, 3, 193, 'invisible', '2019-01-18 08:32:45', '2019-01-18 08:32:45'),
(711, 3, 194, 'invisible', '2019-01-18 08:32:45', '2019-01-18 08:32:45'),
(712, 3, 195, 'invisible', '2019-01-18 08:32:45', '2019-01-18 08:32:45'),
(713, 3, 196, 'invisible', '2019-01-18 08:32:45', '2019-01-18 08:32:45'),
(714, 3, 197, 'invisible', '2019-01-18 08:32:45', '2019-01-18 08:32:45'),
(715, 3, 198, 'invisible', '2019-01-18 08:32:45', '2019-01-18 08:32:45'),
(716, 3, 199, 'invisible', '2019-01-18 08:32:45', '2019-01-18 08:32:45'),
(717, 3, 201, 'invisible', '2019-01-18 08:32:45', '2019-01-18 08:32:45'),
(718, 4, 188, 'invisible', '2019-01-18 08:32:45', '2019-01-18 08:32:45'),
(719, 4, 189, 'invisible', '2019-01-18 08:32:45', '2019-01-18 08:32:45'),
(720, 4, 190, 'invisible', '2019-01-18 08:32:45', '2019-01-18 08:32:45'),
(721, 4, 191, 'invisible', '2019-01-18 08:32:45', '2019-01-18 08:32:45'),
(722, 4, 192, 'invisible', '2019-01-18 08:32:45', '2019-01-18 08:32:45'),
(723, 4, 193, 'invisible', '2019-01-18 08:32:45', '2019-01-18 08:32:45'),
(724, 4, 194, 'invisible', '2019-01-18 08:32:45', '2019-01-18 08:32:45'),
(725, 4, 195, 'invisible', '2019-01-18 08:32:45', '2019-01-18 08:32:45'),
(726, 4, 196, 'invisible', '2019-01-18 08:32:45', '2019-01-18 08:32:45'),
(727, 4, 197, 'invisible', '2019-01-18 08:32:45', '2019-01-18 08:32:45'),
(728, 4, 198, 'invisible', '2019-01-18 08:32:45', '2019-01-18 08:32:45'),
(729, 4, 199, 'invisible', '2019-01-18 08:32:45', '2019-01-18 08:32:45'),
(730, 4, 201, 'invisible', '2019-01-18 08:32:45', '2019-01-18 08:32:45'),
(731, 1, 202, 'write', '2019-01-18 08:34:13', '2019-01-18 08:34:13'),
(732, 2, 202, 'invisible', '2019-01-18 08:34:34', '2019-01-18 08:34:34'),
(733, 3, 202, 'invisible', '2019-01-18 08:34:34', '2019-01-18 08:34:34'),
(734, 4, 202, 'invisible', '2019-01-18 08:34:34', '2019-01-18 08:34:34');
INSERT INTO `role_module_fields` (`id`, `role_id`, `field_id`, `access`, `created_at`, `updated_at`) VALUES
(735, 1, 203, 'write', '2019-01-22 00:11:26', '2019-01-22 00:11:26'),
(736, 2, 167, 'invisible', '2019-01-23 03:01:48', '2019-01-23 03:01:48'),
(737, 3, 167, 'invisible', '2019-01-23 03:01:48', '2019-01-23 03:01:48'),
(738, 4, 167, 'invisible', '2019-01-23 03:01:48', '2019-01-23 03:01:48'),
(739, 1, 204, 'write', '2019-01-23 05:30:54', '2019-01-23 05:30:54'),
(740, 1, 205, 'write', '2019-01-23 05:31:43', '2019-01-23 05:31:43'),
(741, 1, 206, 'write', '2019-01-23 05:32:32', '2019-01-23 05:32:32'),
(742, 1, 207, 'write', '2019-01-23 05:33:43', '2019-01-23 05:33:43'),
(743, 1, 208, 'write', '2019-01-23 05:37:06', '2019-01-23 05:37:06'),
(744, 1, 209, 'write', '2019-01-23 05:37:55', '2019-01-23 05:37:55'),
(746, 1, 211, 'write', '2019-01-23 05:44:54', '2019-01-23 05:44:54'),
(747, 1, 212, 'write', '2019-01-23 05:45:45', '2019-01-23 05:45:45'),
(748, 1, 213, 'write', '2019-01-23 05:53:08', '2019-01-23 05:53:08'),
(749, 1, 214, 'write', '2019-01-23 05:54:44', '2019-01-23 05:54:44'),
(750, 1, 215, 'invisible', '2019-01-23 05:56:35', '2019-01-23 05:56:35'),
(751, 1, 216, 'write', '2019-01-23 05:57:39', '2019-01-23 05:57:39'),
(752, 1, 217, 'write', '2019-01-23 05:59:57', '2019-01-23 05:59:57'),
(753, 1, 218, 'write', '2019-01-23 06:02:50', '2019-01-23 06:02:50'),
(754, 1, 219, 'write', '2019-01-23 06:03:30', '2019-01-23 06:03:30'),
(755, 1, 220, 'write', '2019-01-23 08:11:58', '2019-01-23 08:11:58'),
(756, 1, 221, 'write', '2019-01-24 01:55:27', '2019-01-24 01:55:27'),
(757, 1, 222, 'write', '2019-01-24 02:03:30', '2019-01-24 02:03:30'),
(758, 1, 223, 'write', '2019-01-24 02:04:40', '2019-01-24 02:04:40'),
(759, 1, 224, 'write', '2019-01-24 02:07:24', '2019-01-24 02:07:24'),
(760, 2, 211, 'invisible', '2019-01-24 04:48:02', '2019-01-24 04:48:02'),
(761, 2, 212, 'invisible', '2019-01-24 04:48:02', '2019-01-24 04:48:02'),
(762, 2, 213, 'invisible', '2019-01-24 04:48:02', '2019-01-24 04:48:02'),
(763, 2, 214, 'invisible', '2019-01-24 04:48:02', '2019-01-24 04:48:02'),
(764, 2, 215, 'invisible', '2019-01-24 04:48:02', '2019-01-24 04:48:02'),
(765, 2, 216, 'invisible', '2019-01-24 04:48:02', '2019-01-24 04:48:02'),
(766, 2, 217, 'invisible', '2019-01-24 04:48:02', '2019-01-24 04:48:02'),
(767, 2, 218, 'invisible', '2019-01-24 04:48:02', '2019-01-24 04:48:02'),
(768, 2, 219, 'invisible', '2019-01-24 04:48:02', '2019-01-24 04:48:02'),
(769, 2, 220, 'invisible', '2019-01-24 04:48:02', '2019-01-24 04:48:02'),
(770, 3, 211, 'invisible', '2019-01-24 04:48:02', '2019-01-24 04:48:02'),
(771, 3, 212, 'invisible', '2019-01-24 04:48:02', '2019-01-24 04:48:02'),
(772, 3, 213, 'invisible', '2019-01-24 04:48:02', '2019-01-24 04:48:02'),
(773, 3, 214, 'invisible', '2019-01-24 04:48:02', '2019-01-24 04:48:02'),
(774, 3, 215, 'invisible', '2019-01-24 04:48:02', '2019-01-24 04:48:02'),
(775, 3, 216, 'invisible', '2019-01-24 04:48:02', '2019-01-24 04:48:02'),
(776, 3, 217, 'invisible', '2019-01-24 04:48:02', '2019-01-24 04:48:02'),
(777, 3, 218, 'invisible', '2019-01-24 04:48:02', '2019-01-24 04:48:02'),
(778, 3, 219, 'invisible', '2019-01-24 04:48:02', '2019-01-24 04:48:02'),
(779, 3, 220, 'invisible', '2019-01-24 04:48:02', '2019-01-24 04:48:02'),
(780, 4, 211, 'invisible', '2019-01-24 04:48:02', '2019-01-24 04:48:02'),
(781, 4, 212, 'invisible', '2019-01-24 04:48:02', '2019-01-24 04:48:02'),
(782, 4, 213, 'invisible', '2019-01-24 04:48:02', '2019-01-24 04:48:02'),
(783, 4, 214, 'invisible', '2019-01-24 04:48:02', '2019-01-24 04:48:02'),
(784, 4, 215, 'invisible', '2019-01-24 04:48:02', '2019-01-24 04:48:02'),
(785, 4, 216, 'invisible', '2019-01-24 04:48:02', '2019-01-24 04:48:02'),
(786, 4, 217, 'invisible', '2019-01-24 04:48:02', '2019-01-24 04:48:02'),
(787, 4, 218, 'invisible', '2019-01-24 04:48:02', '2019-01-24 04:48:02'),
(788, 4, 219, 'invisible', '2019-01-24 04:48:02', '2019-01-24 04:48:02'),
(789, 4, 220, 'invisible', '2019-01-24 04:48:02', '2019-01-24 04:48:02'),
(790, 1, 225, 'write', '2019-01-25 01:26:44', '2019-01-25 01:26:44'),
(791, 1, 226, 'write', '2019-01-25 01:27:37', '2019-01-25 01:27:37'),
(792, 1, 227, 'write', '2019-02-18 05:05:48', '2019-02-18 05:05:48'),
(793, 1, 228, 'write', '2019-02-18 05:07:32', '2019-02-18 05:07:32'),
(794, 1, 229, 'write', '2019-03-04 06:16:14', '2019-03-04 06:16:14'),
(795, 2, 144, 'invisible', '2019-03-06 04:39:39', '2019-03-06 04:39:39'),
(796, 2, 145, 'invisible', '2019-03-06 04:39:39', '2019-03-06 04:39:39'),
(797, 2, 146, 'invisible', '2019-03-06 04:39:39', '2019-03-06 04:39:39'),
(798, 2, 147, 'invisible', '2019-03-06 04:39:39', '2019-03-06 04:39:39'),
(799, 3, 144, 'invisible', '2019-03-06 04:39:39', '2019-03-06 04:39:39'),
(800, 3, 145, 'invisible', '2019-03-06 04:39:39', '2019-03-06 04:39:39'),
(801, 3, 146, 'invisible', '2019-03-06 04:39:39', '2019-03-06 04:39:39'),
(802, 3, 147, 'invisible', '2019-03-06 04:39:39', '2019-03-06 04:39:39'),
(803, 4, 144, 'invisible', '2019-03-06 04:39:39', '2019-03-06 04:39:39'),
(804, 4, 145, 'invisible', '2019-03-06 04:39:39', '2019-03-06 04:39:39'),
(805, 4, 146, 'invisible', '2019-03-06 04:39:39', '2019-03-06 04:39:39'),
(806, 4, 147, 'invisible', '2019-03-06 04:39:39', '2019-03-06 04:39:39'),
(807, 2, 221, 'invisible', '2019-03-06 05:34:05', '2019-03-06 05:34:05'),
(808, 2, 222, 'invisible', '2019-03-06 05:34:05', '2019-03-06 05:34:05'),
(809, 2, 223, 'invisible', '2019-03-06 05:34:05', '2019-03-06 05:34:05'),
(810, 2, 224, 'invisible', '2019-03-06 05:34:05', '2019-03-06 05:34:05'),
(811, 3, 221, 'invisible', '2019-03-06 05:34:05', '2019-03-06 05:34:05'),
(812, 3, 222, 'invisible', '2019-03-06 05:34:05', '2019-03-06 05:34:05'),
(813, 3, 223, 'invisible', '2019-03-06 05:34:05', '2019-03-06 05:34:05'),
(814, 3, 224, 'invisible', '2019-03-06 05:34:05', '2019-03-06 05:34:05'),
(815, 4, 221, 'invisible', '2019-03-06 05:34:05', '2019-03-06 05:34:05'),
(816, 4, 222, 'invisible', '2019-03-06 05:34:05', '2019-03-06 05:34:05'),
(817, 4, 223, 'invisible', '2019-03-06 05:34:05', '2019-03-06 05:34:05'),
(818, 4, 224, 'invisible', '2019-03-06 05:34:05', '2019-03-06 05:34:05'),
(819, 2, 204, 'invisible', '2019-03-06 05:34:51', '2019-03-06 05:34:51'),
(820, 2, 205, 'invisible', '2019-03-06 05:34:51', '2019-03-06 05:34:51'),
(821, 2, 206, 'invisible', '2019-03-06 05:34:51', '2019-03-06 05:34:51'),
(822, 2, 207, 'invisible', '2019-03-06 05:34:51', '2019-03-06 05:34:51'),
(823, 2, 208, 'invisible', '2019-03-06 05:34:51', '2019-03-06 05:34:51'),
(824, 2, 209, 'invisible', '2019-03-06 05:34:51', '2019-03-06 05:34:51'),
(825, 2, 227, 'invisible', '2019-03-06 05:34:51', '2019-03-06 05:34:51'),
(826, 3, 204, 'invisible', '2019-03-06 05:34:51', '2019-03-06 05:34:51'),
(827, 3, 205, 'invisible', '2019-03-06 05:34:51', '2019-03-06 05:34:51'),
(828, 3, 206, 'invisible', '2019-03-06 05:34:51', '2019-03-06 05:34:51'),
(829, 3, 207, 'invisible', '2019-03-06 05:34:51', '2019-03-06 05:34:51'),
(830, 3, 208, 'invisible', '2019-03-06 05:34:51', '2019-03-06 05:34:51'),
(831, 3, 209, 'invisible', '2019-03-06 05:34:51', '2019-03-06 05:34:51'),
(832, 3, 227, 'invisible', '2019-03-06 05:34:51', '2019-03-06 05:34:51'),
(833, 4, 204, 'invisible', '2019-03-06 05:34:51', '2019-03-06 05:34:51'),
(834, 4, 205, 'invisible', '2019-03-06 05:34:51', '2019-03-06 05:34:51'),
(835, 4, 206, 'invisible', '2019-03-06 05:34:51', '2019-03-06 05:34:51'),
(836, 4, 207, 'invisible', '2019-03-06 05:34:51', '2019-03-06 05:34:51'),
(837, 4, 208, 'invisible', '2019-03-06 05:34:51', '2019-03-06 05:34:51'),
(838, 4, 209, 'invisible', '2019-03-06 05:34:51', '2019-03-06 05:34:51'),
(839, 4, 227, 'invisible', '2019-03-06 05:34:51', '2019-03-06 05:34:51'),
(840, 2, 160, 'invisible', '2019-03-06 05:36:04', '2019-03-06 05:36:04'),
(841, 2, 161, 'invisible', '2019-03-06 05:36:04', '2019-03-06 05:36:04'),
(842, 2, 162, 'invisible', '2019-03-06 05:36:04', '2019-03-06 05:36:04'),
(843, 2, 163, 'invisible', '2019-03-06 05:36:04', '2019-03-06 05:36:04'),
(844, 3, 160, 'invisible', '2019-03-06 05:36:04', '2019-03-06 05:36:04'),
(845, 3, 161, 'invisible', '2019-03-06 05:36:04', '2019-03-06 05:36:04'),
(846, 3, 162, 'invisible', '2019-03-06 05:36:04', '2019-03-06 05:36:04'),
(847, 3, 163, 'invisible', '2019-03-06 05:36:04', '2019-03-06 05:36:04'),
(848, 4, 160, 'invisible', '2019-03-06 05:36:04', '2019-03-06 05:36:04'),
(849, 4, 161, 'invisible', '2019-03-06 05:36:04', '2019-03-06 05:36:04'),
(850, 4, 162, 'invisible', '2019-03-06 05:36:04', '2019-03-06 05:36:04'),
(851, 4, 163, 'invisible', '2019-03-06 05:36:04', '2019-03-06 05:36:04'),
(852, 2, 164, 'invisible', '2019-03-06 05:36:20', '2019-03-06 05:36:20'),
(853, 2, 165, 'invisible', '2019-03-06 05:36:20', '2019-03-06 05:36:20'),
(854, 2, 166, 'invisible', '2019-03-06 05:36:20', '2019-03-06 05:36:20'),
(855, 2, 168, 'invisible', '2019-03-06 05:36:20', '2019-03-06 05:36:20'),
(856, 3, 164, 'invisible', '2019-03-06 05:36:20', '2019-03-06 05:36:20'),
(857, 3, 165, 'invisible', '2019-03-06 05:36:20', '2019-03-06 05:36:20'),
(858, 3, 166, 'invisible', '2019-03-06 05:36:20', '2019-03-06 05:36:20'),
(859, 3, 168, 'invisible', '2019-03-06 05:36:20', '2019-03-06 05:36:20'),
(860, 4, 164, 'invisible', '2019-03-06 05:36:20', '2019-03-06 05:36:20'),
(861, 4, 165, 'invisible', '2019-03-06 05:36:20', '2019-03-06 05:36:20'),
(862, 4, 166, 'invisible', '2019-03-06 05:36:20', '2019-03-06 05:36:20'),
(863, 4, 168, 'invisible', '2019-03-06 05:36:20', '2019-03-06 05:36:20'),
(864, 2, 155, 'invisible', '2019-03-06 05:36:57', '2019-03-06 05:36:57'),
(865, 2, 156, 'invisible', '2019-03-06 05:36:57', '2019-03-06 05:36:57'),
(866, 2, 157, 'invisible', '2019-03-06 05:36:57', '2019-03-06 05:36:57'),
(867, 2, 169, 'invisible', '2019-03-06 05:36:57', '2019-03-06 05:36:57'),
(868, 3, 155, 'invisible', '2019-03-06 05:36:57', '2019-03-06 05:36:57'),
(869, 3, 156, 'invisible', '2019-03-06 05:36:57', '2019-03-06 05:36:57'),
(870, 3, 157, 'invisible', '2019-03-06 05:36:57', '2019-03-06 05:36:57'),
(871, 3, 169, 'invisible', '2019-03-06 05:36:57', '2019-03-06 05:36:57'),
(872, 4, 155, 'invisible', '2019-03-06 05:36:57', '2019-03-06 05:36:57'),
(873, 4, 156, 'invisible', '2019-03-06 05:36:57', '2019-03-06 05:36:57'),
(874, 4, 157, 'invisible', '2019-03-06 05:36:57', '2019-03-06 05:36:57'),
(875, 4, 169, 'invisible', '2019-03-06 05:36:57', '2019-03-06 05:36:57'),
(876, 2, 150, 'invisible', '2019-03-06 05:37:49', '2019-03-06 05:37:49'),
(877, 2, 151, 'invisible', '2019-03-06 05:37:49', '2019-03-06 05:37:49'),
(878, 2, 152, 'invisible', '2019-03-06 05:37:49', '2019-03-06 05:37:49'),
(879, 2, 153, 'invisible', '2019-03-06 05:37:49', '2019-03-06 05:37:49'),
(880, 3, 150, 'invisible', '2019-03-06 05:37:49', '2019-03-06 05:37:49'),
(881, 3, 151, 'invisible', '2019-03-06 05:37:49', '2019-03-06 05:37:49'),
(882, 3, 152, 'invisible', '2019-03-06 05:37:49', '2019-03-06 05:37:49'),
(883, 3, 153, 'invisible', '2019-03-06 05:37:49', '2019-03-06 05:37:49'),
(884, 4, 150, 'invisible', '2019-03-06 05:37:49', '2019-03-06 05:37:49'),
(885, 4, 151, 'invisible', '2019-03-06 05:37:49', '2019-03-06 05:37:49'),
(886, 4, 152, 'invisible', '2019-03-06 05:37:49', '2019-03-06 05:37:49'),
(887, 4, 153, 'invisible', '2019-03-06 05:37:49', '2019-03-06 05:37:49'),
(888, 2, 171, 'invisible', '2019-03-11 05:03:16', '2019-03-11 05:03:16'),
(889, 3, 171, 'invisible', '2019-03-11 05:03:16', '2019-03-11 05:03:16'),
(890, 4, 171, 'invisible', '2019-03-11 05:03:16', '2019-03-11 05:03:16'),
(891, 2, 203, 'invisible', '2019-03-11 05:03:35', '2019-03-11 05:03:35'),
(892, 3, 203, 'invisible', '2019-03-11 05:03:35', '2019-03-11 05:03:35'),
(893, 4, 203, 'invisible', '2019-03-11 05:03:35', '2019-03-11 05:03:35'),
(894, 1, 230, 'write', '2019-03-11 06:27:24', '2019-03-11 06:27:24'),
(895, 1, 231, 'write', '2019-03-11 06:28:46', '2019-03-11 06:28:46'),
(896, 2, 231, 'invisible', '2019-03-11 06:28:57', '2019-03-11 06:28:57'),
(897, 3, 231, 'invisible', '2019-03-11 06:28:57', '2019-03-11 06:28:57'),
(898, 4, 231, 'invisible', '2019-03-11 06:28:57', '2019-03-11 06:28:57'),
(899, 2, 230, 'invisible', '2019-03-11 06:29:19', '2019-03-11 06:29:19'),
(900, 3, 230, 'invisible', '2019-03-11 06:29:19', '2019-03-11 06:29:19'),
(901, 4, 230, 'invisible', '2019-03-11 06:29:19', '2019-03-11 06:29:19'),
(902, 1, 232, 'write', '2019-03-11 06:31:11', '2019-03-11 06:31:11'),
(903, 2, 232, 'invisible', '2019-03-11 06:31:22', '2019-03-11 06:31:22'),
(904, 3, 232, 'invisible', '2019-03-11 06:31:22', '2019-03-11 06:31:22'),
(905, 4, 232, 'invisible', '2019-03-11 06:31:22', '2019-03-11 06:31:22'),
(906, 1, 233, 'write', '2019-03-11 06:32:19', '2019-03-11 06:32:19'),
(907, 2, 233, 'invisible', '2019-03-11 06:32:35', '2019-03-11 06:32:35'),
(908, 3, 233, 'invisible', '2019-03-11 06:32:35', '2019-03-11 06:32:35'),
(909, 4, 233, 'invisible', '2019-03-11 06:32:35', '2019-03-11 06:32:35'),
(910, 1, 234, 'write', '2019-03-11 06:33:50', '2019-03-11 06:33:50'),
(911, 2, 234, 'invisible', '2019-03-11 06:34:03', '2019-03-11 06:34:03'),
(912, 3, 234, 'invisible', '2019-03-11 06:34:03', '2019-03-11 06:34:03'),
(913, 4, 234, 'invisible', '2019-03-11 06:34:03', '2019-03-11 06:34:03'),
(917, 1, 238, 'write', '2019-03-11 06:55:07', '2019-03-11 06:55:07'),
(918, 1, 239, 'write', '2019-03-11 06:56:26', '2019-03-11 06:56:26'),
(919, 1, 240, 'write', '2019-03-11 06:57:51', '2019-03-11 06:57:51'),
(920, 2, 240, 'invisible', '2019-03-11 06:58:03', '2019-03-11 06:58:03'),
(921, 3, 240, 'invisible', '2019-03-11 06:58:03', '2019-03-11 06:58:03'),
(922, 4, 240, 'invisible', '2019-03-11 06:58:03', '2019-03-11 06:58:03'),
(923, 2, 239, 'invisible', '2019-03-11 06:58:19', '2019-03-11 06:58:19'),
(924, 3, 239, 'invisible', '2019-03-11 06:58:19', '2019-03-11 06:58:19'),
(925, 4, 239, 'invisible', '2019-03-11 06:58:19', '2019-03-11 06:58:19'),
(926, 2, 238, 'invisible', '2019-03-11 06:58:41', '2019-03-11 06:58:41'),
(927, 3, 238, 'invisible', '2019-03-11 06:58:41', '2019-03-11 06:58:41'),
(928, 4, 238, 'invisible', '2019-03-11 06:58:41', '2019-03-11 06:58:41'),
(929, 1, 241, 'write', '2019-03-14 03:48:12', '2019-03-14 03:48:12'),
(930, 1, 242, 'write', '2019-03-14 03:49:15', '2019-03-14 03:49:15'),
(931, 1, 243, 'write', '2019-03-15 01:31:42', '2019-03-15 01:31:42'),
(932, 1, 244, 'write', '2019-03-15 01:34:06', '2019-03-15 01:34:06'),
(933, 5, 1, 'readonly', '2019-03-20 18:12:10', '2019-03-20 18:12:10'),
(934, 5, 2, 'readonly', '2019-03-20 18:12:10', '2019-03-20 18:12:10'),
(935, 5, 3, 'readonly', '2019-03-20 18:12:10', '2019-03-20 18:12:10'),
(936, 5, 4, 'readonly', '2019-03-20 18:12:10', '2019-03-20 18:12:10'),
(937, 5, 5, 'readonly', '2019-03-20 18:12:10', '2019-03-20 18:12:10'),
(938, 5, 6, 'readonly', '2019-03-20 18:12:10', '2019-03-20 18:12:10'),
(939, 5, 7, 'readonly', '2019-03-20 18:12:10', '2019-03-20 18:12:10'),
(940, 5, 8, 'readonly', '2019-03-20 18:12:10', '2019-03-20 18:12:10'),
(941, 5, 9, 'readonly', '2019-03-20 18:12:10', '2019-03-20 18:12:10'),
(942, 5, 10, 'readonly', '2019-03-20 18:12:10', '2019-03-20 18:12:10'),
(943, 5, 11, 'readonly', '2019-03-20 18:12:10', '2019-03-20 18:12:10'),
(944, 5, 12, 'readonly', '2019-03-20 18:12:10', '2019-03-20 18:12:10'),
(945, 5, 13, 'readonly', '2019-03-20 18:12:10', '2019-03-20 18:12:10'),
(946, 5, 14, 'readonly', '2019-03-20 18:12:10', '2019-03-20 18:12:10'),
(947, 5, 15, 'readonly', '2019-03-20 18:12:10', '2019-03-20 18:12:10'),
(948, 5, 16, 'readonly', '2019-03-20 18:12:10', '2019-03-20 18:12:10'),
(949, 5, 17, 'readonly', '2019-03-20 18:12:10', '2019-03-20 18:12:10'),
(950, 5, 18, 'readonly', '2019-03-20 18:12:10', '2019-03-20 18:12:10'),
(951, 5, 19, 'readonly', '2019-03-20 18:12:10', '2019-03-20 18:12:10'),
(952, 5, 20, 'readonly', '2019-03-20 18:12:10', '2019-03-20 18:12:10'),
(953, 5, 21, 'readonly', '2019-03-20 18:12:10', '2019-03-20 18:12:10'),
(954, 5, 22, 'readonly', '2019-03-20 18:12:10', '2019-03-20 18:12:10'),
(955, 5, 23, 'readonly', '2019-03-20 18:12:10', '2019-03-20 18:12:10'),
(956, 5, 24, 'readonly', '2019-03-20 18:12:10', '2019-03-20 18:12:10'),
(957, 5, 25, 'readonly', '2019-03-20 18:12:10', '2019-03-20 18:12:10'),
(958, 5, 26, 'readonly', '2019-03-20 18:12:10', '2019-03-20 18:12:10'),
(959, 5, 27, 'readonly', '2019-03-20 18:12:10', '2019-03-20 18:12:10'),
(960, 5, 28, 'readonly', '2019-03-20 18:12:10', '2019-03-20 18:12:10'),
(961, 5, 29, 'readonly', '2019-03-20 18:12:10', '2019-03-20 18:12:10'),
(962, 5, 30, 'readonly', '2019-03-20 18:12:10', '2019-03-20 18:12:10'),
(963, 5, 31, 'readonly', '2019-03-20 18:12:10', '2019-03-20 18:12:10'),
(964, 5, 32, 'readonly', '2019-03-20 18:12:10', '2019-03-20 18:12:10'),
(965, 5, 33, 'readonly', '2019-03-20 18:12:10', '2019-03-20 18:12:10'),
(966, 5, 34, 'readonly', '2019-03-20 18:12:10', '2019-03-20 18:12:10'),
(967, 5, 35, 'readonly', '2019-03-20 18:12:10', '2019-03-20 18:12:10'),
(968, 5, 36, 'readonly', '2019-03-20 18:12:10', '2019-03-20 18:12:10'),
(969, 5, 37, 'readonly', '2019-03-20 18:12:10', '2019-03-20 18:12:10'),
(970, 5, 38, 'readonly', '2019-03-20 18:12:10', '2019-03-20 18:12:10'),
(971, 5, 39, 'readonly', '2019-03-20 18:12:10', '2019-03-20 18:12:10'),
(972, 5, 40, 'readonly', '2019-03-20 18:12:10', '2019-03-20 18:12:10'),
(973, 5, 41, 'readonly', '2019-03-20 18:12:10', '2019-03-20 18:12:10'),
(974, 5, 42, 'readonly', '2019-03-20 18:12:10', '2019-03-20 18:12:10'),
(975, 5, 43, 'readonly', '2019-03-20 18:12:10', '2019-03-20 18:12:10'),
(976, 5, 44, 'readonly', '2019-03-20 18:12:10', '2019-03-20 18:12:10'),
(977, 5, 45, 'readonly', '2019-03-20 18:12:10', '2019-03-20 18:12:10'),
(978, 5, 46, 'readonly', '2019-03-20 18:12:10', '2019-03-20 18:12:10'),
(979, 5, 47, 'readonly', '2019-03-20 18:12:10', '2019-03-20 18:12:10'),
(980, 5, 48, 'readonly', '2019-03-20 18:12:10', '2019-03-20 18:12:10'),
(981, 5, 49, 'readonly', '2019-03-20 18:12:10', '2019-03-20 18:12:10'),
(982, 5, 50, 'readonly', '2019-03-20 18:12:10', '2019-03-20 18:12:10'),
(983, 5, 51, 'readonly', '2019-03-20 18:12:10', '2019-03-20 18:12:10'),
(984, 5, 52, 'readonly', '2019-03-20 18:12:11', '2019-03-20 18:12:11'),
(985, 5, 53, 'readonly', '2019-03-20 18:12:11', '2019-03-20 18:12:11'),
(986, 5, 54, 'readonly', '2019-03-20 18:12:11', '2019-03-20 18:12:11'),
(987, 5, 55, 'readonly', '2019-03-20 18:12:11', '2019-03-20 18:12:11'),
(988, 5, 56, 'readonly', '2019-03-20 18:12:11', '2019-03-20 18:12:11'),
(989, 5, 57, 'readonly', '2019-03-20 18:12:11', '2019-03-20 18:12:11'),
(990, 5, 58, 'readonly', '2019-03-20 18:12:11', '2019-03-20 18:12:11'),
(991, 5, 59, 'readonly', '2019-03-20 18:12:11', '2019-03-20 18:12:11'),
(992, 5, 60, 'readonly', '2019-03-20 18:12:11', '2019-03-20 18:12:11'),
(993, 5, 61, 'readonly', '2019-03-20 18:12:11', '2019-03-20 18:12:11'),
(994, 5, 62, 'readonly', '2019-03-20 18:12:11', '2019-03-20 18:12:11'),
(995, 5, 63, 'readonly', '2019-03-20 18:12:11', '2019-03-20 18:12:11'),
(996, 5, 64, 'readonly', '2019-03-20 18:12:11', '2019-03-20 18:12:11'),
(997, 5, 65, 'readonly', '2019-03-20 18:12:11', '2019-03-20 18:12:11'),
(998, 5, 66, 'readonly', '2019-03-20 18:12:11', '2019-03-20 18:12:11'),
(999, 5, 67, 'readonly', '2019-03-20 18:12:11', '2019-03-20 18:12:11'),
(1000, 5, 68, 'readonly', '2019-03-20 18:12:11', '2019-03-20 18:12:11'),
(1001, 5, 69, 'readonly', '2019-03-20 18:12:11', '2019-03-20 18:12:11'),
(1002, 5, 70, 'readonly', '2019-03-20 18:12:11', '2019-03-20 18:12:11'),
(1003, 5, 71, 'readonly', '2019-03-20 18:12:11', '2019-03-20 18:12:11'),
(1005, 5, 73, 'readonly', '2019-03-20 18:12:11', '2019-03-20 18:12:11'),
(1006, 5, 74, 'readonly', '2019-03-20 18:12:11', '2019-03-20 18:12:11'),
(1007, 5, 75, 'readonly', '2019-03-20 18:12:11', '2019-03-20 18:12:11'),
(1008, 5, 76, 'readonly', '2019-03-20 18:12:11', '2019-03-20 18:12:11'),
(1009, 5, 77, 'readonly', '2019-03-20 18:12:11', '2019-03-20 18:12:11'),
(1010, 5, 78, 'readonly', '2019-03-20 18:12:11', '2019-03-20 18:12:11'),
(1011, 5, 80, 'readonly', '2019-03-20 18:12:11', '2019-03-20 18:12:11'),
(1012, 5, 79, 'readonly', '2019-03-20 18:12:11', '2019-03-20 18:12:11'),
(1013, 5, 81, 'readonly', '2019-03-20 18:12:11', '2019-03-20 18:12:11'),
(1014, 5, 82, 'readonly', '2019-03-20 18:12:11', '2019-03-20 18:12:11'),
(1015, 5, 83, 'readonly', '2019-03-20 18:12:11', '2019-03-20 18:12:11'),
(1016, 5, 84, 'readonly', '2019-03-20 18:12:11', '2019-03-20 18:12:11'),
(1017, 5, 85, 'readonly', '2019-03-20 18:12:11', '2019-03-20 18:12:11'),
(1018, 5, 86, 'readonly', '2019-03-20 18:12:11', '2019-03-20 18:12:11'),
(1019, 5, 149, 'readonly', '2019-03-20 18:12:11', '2019-03-20 18:12:11'),
(1020, 5, 171, 'readonly', '2019-03-20 18:12:11', '2019-03-20 18:12:11'),
(1021, 5, 87, 'readonly', '2019-03-20 18:12:11', '2019-03-20 18:12:11'),
(1022, 5, 88, 'readonly', '2019-03-20 18:12:11', '2019-03-20 18:12:11'),
(1024, 5, 90, 'readonly', '2019-03-20 18:12:11', '2019-03-20 18:12:11'),
(1025, 5, 92, 'readonly', '2019-03-20 18:12:11', '2019-03-20 18:12:11'),
(1026, 5, 91, 'readonly', '2019-03-20 18:12:11', '2019-03-20 18:12:11'),
(1027, 5, 93, 'readonly', '2019-03-20 18:12:11', '2019-03-20 18:12:11'),
(1028, 5, 94, 'readonly', '2019-03-20 18:12:11', '2019-03-20 18:12:11'),
(1029, 5, 95, 'readonly', '2019-03-20 18:12:11', '2019-03-20 18:12:11'),
(1030, 5, 96, 'readonly', '2019-03-20 18:12:11', '2019-03-20 18:12:11'),
(1031, 5, 97, 'readonly', '2019-03-20 18:12:11', '2019-03-20 18:12:11'),
(1032, 5, 98, 'readonly', '2019-03-20 18:12:11', '2019-03-20 18:12:11'),
(1033, 5, 143, 'readonly', '2019-03-20 18:12:11', '2019-03-20 18:12:11'),
(1034, 5, 99, 'readonly', '2019-03-20 18:12:11', '2019-03-20 18:12:11'),
(1035, 5, 100, 'readonly', '2019-03-20 18:12:11', '2019-03-20 18:12:11'),
(1036, 5, 101, 'readonly', '2019-03-20 18:12:11', '2019-03-20 18:12:11'),
(1037, 5, 102, 'readonly', '2019-03-20 18:12:11', '2019-03-20 18:12:11'),
(1038, 5, 103, 'readonly', '2019-03-20 18:12:11', '2019-03-20 18:12:11'),
(1039, 5, 104, 'readonly', '2019-03-20 18:12:11', '2019-03-20 18:12:11'),
(1040, 5, 107, 'readonly', '2019-03-20 18:12:11', '2019-03-20 18:12:11'),
(1041, 5, 108, 'readonly', '2019-03-20 18:12:11', '2019-03-20 18:12:11'),
(1042, 5, 109, 'readonly', '2019-03-20 18:12:11', '2019-03-20 18:12:11'),
(1043, 5, 110, 'readonly', '2019-03-20 18:12:11', '2019-03-20 18:12:11'),
(1044, 5, 111, 'readonly', '2019-03-20 18:12:11', '2019-03-20 18:12:11'),
(1045, 5, 112, 'readonly', '2019-03-20 18:12:11', '2019-03-20 18:12:11'),
(1046, 5, 113, 'readonly', '2019-03-20 18:12:11', '2019-03-20 18:12:11'),
(1047, 5, 114, 'readonly', '2019-03-20 18:12:11', '2019-03-20 18:12:11'),
(1048, 5, 115, 'readonly', '2019-03-20 18:12:11', '2019-03-20 18:12:11'),
(1049, 5, 116, 'readonly', '2019-03-20 18:12:11', '2019-03-20 18:12:11'),
(1050, 5, 203, 'readonly', '2019-03-20 18:12:11', '2019-03-20 18:12:11'),
(1051, 5, 228, 'readonly', '2019-03-20 18:12:11', '2019-03-20 18:12:11'),
(1052, 5, 167, 'readonly', '2019-03-20 18:12:11', '2019-03-20 18:12:11'),
(1053, 5, 118, 'readonly', '2019-03-20 18:12:11', '2019-03-20 18:12:11'),
(1054, 5, 119, 'readonly', '2019-03-20 18:12:11', '2019-03-20 18:12:11'),
(1055, 5, 120, 'readonly', '2019-03-20 18:12:11', '2019-03-20 18:12:11'),
(1056, 5, 121, 'readonly', '2019-03-20 18:12:11', '2019-03-20 18:12:11'),
(1057, 5, 122, 'readonly', '2019-03-20 18:12:11', '2019-03-20 18:12:11'),
(1058, 5, 123, 'readonly', '2019-03-20 18:12:11', '2019-03-20 18:12:11'),
(1059, 5, 124, 'readonly', '2019-03-20 18:12:11', '2019-03-20 18:12:11'),
(1060, 5, 117, 'readonly', '2019-03-20 18:12:11', '2019-03-20 18:12:11'),
(1061, 5, 125, 'readonly', '2019-03-20 18:12:11', '2019-03-20 18:12:11'),
(1062, 5, 126, 'readonly', '2019-03-20 18:12:11', '2019-03-20 18:12:11'),
(1063, 5, 148, 'readonly', '2019-03-20 18:12:11', '2019-03-20 18:12:11'),
(1064, 5, 241, 'readonly', '2019-03-20 18:12:11', '2019-03-20 18:12:11'),
(1065, 5, 242, 'readonly', '2019-03-20 18:12:11', '2019-03-20 18:12:11'),
(1066, 5, 127, 'readonly', '2019-03-20 18:12:11', '2019-03-20 18:12:11'),
(1067, 5, 128, 'readonly', '2019-03-20 18:12:11', '2019-03-20 18:12:11'),
(1068, 5, 129, 'readonly', '2019-03-20 18:12:11', '2019-03-20 18:12:11'),
(1069, 5, 130, 'readonly', '2019-03-20 18:12:11', '2019-03-20 18:12:11'),
(1070, 5, 131, 'readonly', '2019-03-20 18:12:11', '2019-03-20 18:12:11'),
(1071, 5, 132, 'readonly', '2019-03-20 18:12:11', '2019-03-20 18:12:11'),
(1072, 5, 133, 'readonly', '2019-03-20 18:12:11', '2019-03-20 18:12:11'),
(1073, 5, 134, 'readonly', '2019-03-20 18:12:11', '2019-03-20 18:12:11'),
(1074, 5, 135, 'readonly', '2019-03-20 18:12:11', '2019-03-20 18:12:11'),
(1075, 5, 138, 'readonly', '2019-03-20 18:12:11', '2019-03-20 18:12:11'),
(1076, 5, 136, 'readonly', '2019-03-20 18:12:11', '2019-03-20 18:12:11'),
(1077, 5, 137, 'readonly', '2019-03-20 18:12:11', '2019-03-20 18:12:11'),
(1078, 5, 139, 'readonly', '2019-03-20 18:12:11', '2019-03-20 18:12:11'),
(1079, 5, 140, 'readonly', '2019-03-20 18:12:11', '2019-03-20 18:12:11'),
(1080, 5, 141, 'readonly', '2019-03-20 18:12:11', '2019-03-20 18:12:11'),
(1081, 5, 142, 'readonly', '2019-03-20 18:12:11', '2019-03-20 18:12:11'),
(1082, 5, 144, 'readonly', '2019-03-20 18:12:11', '2019-03-20 18:12:11'),
(1083, 5, 145, 'readonly', '2019-03-20 18:12:11', '2019-03-20 18:12:11'),
(1084, 5, 146, 'readonly', '2019-03-20 18:12:11', '2019-03-20 18:12:11'),
(1085, 5, 147, 'readonly', '2019-03-20 18:12:11', '2019-03-20 18:12:11'),
(1086, 5, 150, 'readonly', '2019-03-20 18:12:11', '2019-03-20 18:12:11'),
(1087, 5, 151, 'readonly', '2019-03-20 18:12:11', '2019-03-20 18:12:11'),
(1088, 5, 152, 'readonly', '2019-03-20 18:12:11', '2019-03-20 18:12:11'),
(1089, 5, 153, 'readonly', '2019-03-20 18:12:11', '2019-03-20 18:12:11'),
(1090, 5, 155, 'readonly', '2019-03-20 18:12:11', '2019-03-20 18:12:11'),
(1091, 5, 156, 'readonly', '2019-03-20 18:12:11', '2019-03-20 18:12:11'),
(1092, 5, 157, 'readonly', '2019-03-20 18:12:11', '2019-03-20 18:12:11'),
(1093, 5, 169, 'readonly', '2019-03-20 18:12:11', '2019-03-20 18:12:11'),
(1094, 5, 158, 'readonly', '2019-03-20 18:12:11', '2019-03-20 18:12:11'),
(1095, 5, 159, 'readonly', '2019-03-20 18:12:11', '2019-03-20 18:12:11'),
(1096, 5, 160, 'readonly', '2019-03-20 18:12:11', '2019-03-20 18:12:11'),
(1097, 5, 161, 'readonly', '2019-03-20 18:12:11', '2019-03-20 18:12:11'),
(1098, 5, 162, 'readonly', '2019-03-20 18:12:11', '2019-03-20 18:12:11'),
(1099, 5, 163, 'readonly', '2019-03-20 18:12:11', '2019-03-20 18:12:11'),
(1100, 5, 164, 'readonly', '2019-03-20 18:12:11', '2019-03-20 18:12:11'),
(1101, 5, 165, 'readonly', '2019-03-20 18:12:11', '2019-03-20 18:12:11'),
(1102, 5, 166, 'readonly', '2019-03-20 18:12:11', '2019-03-20 18:12:11'),
(1103, 5, 168, 'readonly', '2019-03-20 18:12:11', '2019-03-20 18:12:11'),
(1104, 5, 172, 'readonly', '2019-03-20 18:12:11', '2019-03-20 18:12:11'),
(1105, 5, 173, 'readonly', '2019-03-20 18:12:11', '2019-03-20 18:12:11'),
(1106, 5, 174, 'readonly', '2019-03-20 18:12:11', '2019-03-20 18:12:11'),
(1107, 5, 175, 'readonly', '2019-03-20 18:12:11', '2019-03-20 18:12:11'),
(1108, 5, 176, 'readonly', '2019-03-20 18:12:11', '2019-03-20 18:12:11'),
(1109, 5, 177, 'readonly', '2019-03-20 18:12:11', '2019-03-20 18:12:11'),
(1110, 5, 178, 'readonly', '2019-03-20 18:12:11', '2019-03-20 18:12:11'),
(1111, 5, 179, 'readonly', '2019-03-20 18:12:11', '2019-03-20 18:12:11'),
(1112, 5, 180, 'readonly', '2019-03-20 18:12:11', '2019-03-20 18:12:11'),
(1113, 5, 181, 'readonly', '2019-03-20 18:12:11', '2019-03-20 18:12:11'),
(1114, 5, 182, 'readonly', '2019-03-20 18:12:11', '2019-03-20 18:12:11'),
(1115, 5, 183, 'readonly', '2019-03-20 18:12:11', '2019-03-20 18:12:11'),
(1116, 5, 184, 'readonly', '2019-03-20 18:12:11', '2019-03-20 18:12:11'),
(1117, 5, 185, 'readonly', '2019-03-20 18:12:11', '2019-03-20 18:12:11'),
(1118, 5, 186, 'readonly', '2019-03-20 18:12:11', '2019-03-20 18:12:11'),
(1119, 5, 187, 'readonly', '2019-03-20 18:12:11', '2019-03-20 18:12:11'),
(1120, 5, 200, 'readonly', '2019-03-20 18:12:11', '2019-03-20 18:12:11'),
(1121, 5, 202, 'readonly', '2019-03-20 18:12:11', '2019-03-20 18:12:11'),
(1122, 5, 188, 'readonly', '2019-03-20 18:12:11', '2019-03-20 18:12:11'),
(1123, 5, 189, 'readonly', '2019-03-20 18:12:11', '2019-03-20 18:12:11'),
(1124, 5, 190, 'readonly', '2019-03-20 18:12:11', '2019-03-20 18:12:11'),
(1125, 5, 191, 'readonly', '2019-03-20 18:12:11', '2019-03-20 18:12:11'),
(1126, 5, 192, 'readonly', '2019-03-20 18:12:11', '2019-03-20 18:12:11'),
(1127, 5, 193, 'readonly', '2019-03-20 18:12:11', '2019-03-20 18:12:11'),
(1128, 5, 194, 'readonly', '2019-03-20 18:12:11', '2019-03-20 18:12:11'),
(1129, 5, 195, 'readonly', '2019-03-20 18:12:11', '2019-03-20 18:12:11'),
(1130, 5, 196, 'readonly', '2019-03-20 18:12:11', '2019-03-20 18:12:11'),
(1131, 5, 197, 'readonly', '2019-03-20 18:12:11', '2019-03-20 18:12:11'),
(1132, 5, 198, 'readonly', '2019-03-20 18:12:11', '2019-03-20 18:12:11'),
(1133, 5, 199, 'readonly', '2019-03-20 18:12:11', '2019-03-20 18:12:11'),
(1134, 5, 201, 'readonly', '2019-03-20 18:12:11', '2019-03-20 18:12:11'),
(1135, 5, 204, 'readonly', '2019-03-20 18:12:11', '2019-03-20 18:12:11'),
(1136, 5, 205, 'readonly', '2019-03-20 18:12:11', '2019-03-20 18:12:11'),
(1137, 5, 206, 'readonly', '2019-03-20 18:12:11', '2019-03-20 18:12:11'),
(1138, 5, 207, 'readonly', '2019-03-20 18:12:11', '2019-03-20 18:12:11'),
(1139, 5, 208, 'readonly', '2019-03-20 18:12:11', '2019-03-20 18:12:11'),
(1140, 5, 209, 'readonly', '2019-03-20 18:12:11', '2019-03-20 18:12:11'),
(1141, 5, 227, 'readonly', '2019-03-20 18:12:11', '2019-03-20 18:12:11'),
(1142, 5, 211, 'readonly', '2019-03-20 18:12:11', '2019-03-20 18:12:11'),
(1143, 5, 212, 'readonly', '2019-03-20 18:12:11', '2019-03-20 18:12:11'),
(1144, 5, 213, 'readonly', '2019-03-20 18:12:11', '2019-03-20 18:12:11'),
(1145, 5, 214, 'readonly', '2019-03-20 18:12:11', '2019-03-20 18:12:11'),
(1146, 5, 215, 'readonly', '2019-03-20 18:12:11', '2019-03-20 18:12:11'),
(1147, 5, 216, 'readonly', '2019-03-20 18:12:11', '2019-03-20 18:12:11'),
(1148, 5, 217, 'readonly', '2019-03-20 18:12:11', '2019-03-20 18:12:11'),
(1149, 5, 218, 'readonly', '2019-03-20 18:12:11', '2019-03-20 18:12:11'),
(1150, 5, 219, 'readonly', '2019-03-20 18:12:11', '2019-03-20 18:12:11'),
(1151, 5, 220, 'readonly', '2019-03-20 18:12:11', '2019-03-20 18:12:11'),
(1152, 5, 229, 'readonly', '2019-03-20 18:12:11', '2019-03-20 18:12:11'),
(1153, 5, 221, 'readonly', '2019-03-20 18:12:11', '2019-03-20 18:12:11'),
(1154, 5, 222, 'readonly', '2019-03-20 18:12:11', '2019-03-20 18:12:11'),
(1155, 5, 223, 'readonly', '2019-03-20 18:12:11', '2019-03-20 18:12:11'),
(1156, 5, 224, 'readonly', '2019-03-20 18:12:11', '2019-03-20 18:12:11'),
(1157, 5, 225, 'readonly', '2019-03-20 18:12:11', '2019-03-20 18:12:11'),
(1158, 5, 226, 'readonly', '2019-03-20 18:12:11', '2019-03-20 18:12:11'),
(1159, 5, 230, 'readonly', '2019-03-20 18:12:11', '2019-03-20 18:12:11'),
(1160, 5, 231, 'readonly', '2019-03-20 18:12:11', '2019-03-20 18:12:11'),
(1161, 5, 232, 'readonly', '2019-03-20 18:12:11', '2019-03-20 18:12:11'),
(1162, 5, 233, 'readonly', '2019-03-20 18:12:11', '2019-03-20 18:12:11'),
(1163, 5, 234, 'readonly', '2019-03-20 18:12:11', '2019-03-20 18:12:11'),
(1164, 5, 238, 'readonly', '2019-03-20 18:12:11', '2019-03-20 18:12:11'),
(1165, 5, 239, 'readonly', '2019-03-20 18:12:11', '2019-03-20 18:12:11'),
(1166, 5, 240, 'readonly', '2019-03-20 18:12:11', '2019-03-20 18:12:11'),
(1167, 5, 243, 'readonly', '2019-03-20 18:12:11', '2019-03-20 18:12:11'),
(1168, 5, 244, 'readonly', '2019-03-20 18:12:11', '2019-03-20 18:12:11'),
(1169, 1, 245, 'write', '2019-03-22 01:17:47', '2019-03-22 01:17:47'),
(1170, 1, 246, 'write', '2019-03-22 01:20:55', '2019-03-22 01:20:55'),
(1171, 1, 247, 'write', '2019-03-22 01:24:13', '2019-03-22 01:24:13'),
(1172, 1, 248, 'write', '2019-03-22 01:27:57', '2019-03-22 01:27:57'),
(1173, 1, 249, 'write', '2019-03-22 01:28:56', '2019-03-22 01:28:56'),
(1174, 1, 250, 'write', '2019-03-23 01:05:21', '2019-03-23 01:05:21'),
(1175, 1, 251, 'write', '2019-03-23 01:07:19', '2019-03-23 01:07:19'),
(1176, 1, 252, 'write', '2019-03-23 01:08:32', '2019-03-23 01:08:32'),
(1177, 1, 253, 'write', '2019-03-23 01:10:49', '2019-03-23 01:10:49'),
(1178, 1, 254, 'write', '2019-03-23 01:12:32', '2019-03-23 01:12:32'),
(1179, 1, 255, 'write', '2019-03-23 01:19:06', '2019-03-23 01:19:06'),
(1180, 1, 256, 'write', '2019-03-23 01:22:25', '2019-03-23 01:22:25'),
(1181, 1, 257, 'write', '2019-03-23 01:23:52', '2019-03-23 01:23:52'),
(1182, 1, 258, 'write', '2019-03-23 01:24:23', '2019-03-23 01:24:23'),
(1183, 1, 259, 'write', '2019-03-23 07:34:38', '2019-03-23 07:34:38'),
(1184, 1, 260, 'write', '2019-03-23 07:36:59', '2019-03-23 07:36:59'),
(1185, 1, 261, 'write', '2019-03-23 07:38:11', '2019-03-23 07:38:11'),
(1186, 1, 262, 'write', '2019-03-26 00:34:27', '2019-03-26 00:34:27'),
(1187, 1, 263, 'write', '2019-03-26 00:34:51', '2019-03-26 00:34:51'),
(1188, 1, 264, 'write', '2019-03-26 01:04:38', '2019-03-26 01:04:38'),
(1189, 1, 265, 'write', '2019-03-26 01:07:29', '2019-03-26 01:07:29'),
(1190, 2, 241, 'invisible', '2019-04-03 00:44:10', '2019-04-03 00:44:10'),
(1191, 2, 242, 'invisible', '2019-04-03 00:44:10', '2019-04-03 00:44:10'),
(1192, 3, 241, 'invisible', '2019-04-03 00:44:10', '2019-04-03 00:44:10'),
(1193, 3, 242, 'invisible', '2019-04-03 00:44:10', '2019-04-03 00:44:10'),
(1194, 4, 241, 'invisible', '2019-04-03 00:44:10', '2019-04-03 00:44:10'),
(1195, 4, 242, 'invisible', '2019-04-03 00:44:10', '2019-04-03 00:44:10'),
(1196, 1, 266, 'write', '2019-04-03 00:53:41', '2019-04-03 00:53:41'),
(1197, 2, 266, 'invisible', '2019-04-03 00:54:08', '2019-04-03 00:54:08'),
(1198, 3, 266, 'invisible', '2019-04-03 00:54:08', '2019-04-03 00:54:08'),
(1199, 4, 266, 'invisible', '2019-04-03 00:54:08', '2019-04-03 00:54:08'),
(1200, 5, 266, 'invisible', '2019-04-03 00:54:08', '2019-04-03 00:54:08'),
(1201, 1, 269, 'write', '2019-04-30 23:58:44', '2019-04-30 23:58:44'),
(1202, 1, 270, 'write', '2019-04-30 23:59:16', '2019-04-30 23:59:16'),
(1203, 1, 271, 'write', '2019-05-01 00:01:39', '2019-05-01 00:01:39'),
(1204, 1, 272, 'write', '2019-05-01 00:01:59', '2019-05-01 00:01:59'),
(1205, 1, 273, 'write', '2019-05-01 00:03:53', '2019-05-01 00:03:53'),
(1206, 1, 274, 'write', '2019-05-01 00:04:13', '2019-05-01 00:04:13'),
(1207, 1, 275, 'write', '2019-05-01 00:12:10', '2019-05-01 00:12:10'),
(1208, 1, 276, 'write', '2019-05-01 00:13:31', '2019-05-01 00:13:31'),
(1209, 1, 277, 'write', '2019-05-01 00:14:35', '2019-05-01 00:14:35'),
(1210, 1, 278, 'write', '2019-05-07 01:31:22', '2019-05-07 01:31:22'),
(1211, 2, 278, 'invisible', '2019-05-07 08:58:47', '2019-05-07 08:58:47'),
(1212, 3, 278, 'invisible', '2019-05-07 08:58:47', '2019-05-07 08:58:47'),
(1213, 4, 278, 'invisible', '2019-05-07 08:58:47', '2019-05-07 08:58:47'),
(1214, 5, 278, 'invisible', '2019-05-07 08:58:47', '2019-05-07 08:58:47'),
(1215, 1, 279, 'write', '2019-05-09 06:25:40', '2019-05-09 06:25:40'),
(1216, 1, 280, 'write', '2019-05-09 06:26:36', '2019-05-09 06:26:36'),
(1217, 1, 281, 'write', '2019-05-09 06:32:50', '2019-05-09 06:32:50'),
(1218, 1, 282, 'write', '2019-05-10 00:35:42', '2019-05-10 00:35:42'),
(1219, 1, 283, 'write', '2019-05-10 00:36:56', '2019-05-10 00:36:56'),
(1220, 1, 284, 'write', '2019-05-20 00:40:07', '2019-05-20 00:40:07'),
(1221, 1, 285, 'write', '2019-05-20 00:40:47', '2019-05-20 00:40:47'),
(1222, 2, 284, 'write', '2019-05-20 00:42:28', '2019-05-20 00:42:28'),
(1223, 2, 285, 'write', '2019-05-20 00:42:28', '2019-05-20 00:42:28'),
(1224, 3, 284, 'write', '2019-05-20 00:42:28', '2019-05-20 00:42:28'),
(1225, 3, 285, 'write', '2019-05-20 00:42:28', '2019-05-20 00:42:28'),
(1226, 4, 284, 'write', '2019-05-20 00:42:28', '2019-05-20 00:42:28'),
(1227, 4, 285, 'write', '2019-05-20 00:42:28', '2019-05-20 00:42:28'),
(1228, 5, 284, 'write', '2019-05-20 00:42:28', '2019-05-20 00:42:28'),
(1229, 5, 285, 'write', '2019-05-20 00:42:28', '2019-05-20 00:42:28'),
(1231, 1, 287, 'write', '2019-05-20 04:47:21', '2019-05-20 04:47:21'),
(1232, 1, 288, 'write', '2019-05-23 03:59:22', '2019-05-23 03:59:22'),
(1233, 2, 288, 'invisible', '2019-05-23 04:00:03', '2019-05-23 04:00:03'),
(1234, 3, 288, 'invisible', '2019-05-23 04:00:03', '2019-05-23 04:00:03'),
(1235, 4, 288, 'invisible', '2019-05-23 04:00:03', '2019-05-23 04:00:03'),
(1236, 5, 288, 'invisible', '2019-05-23 04:00:03', '2019-05-23 04:00:03'),
(1237, 1, 289, 'write', '2019-05-23 04:01:02', '2019-05-23 04:01:02'),
(1238, 2, 289, 'invisible', '2019-05-23 04:01:46', '2019-05-23 04:01:46'),
(1239, 3, 289, 'invisible', '2019-05-23 04:01:46', '2019-05-23 04:01:46'),
(1240, 4, 289, 'invisible', '2019-05-23 04:01:46', '2019-05-23 04:01:46'),
(1241, 5, 289, 'invisible', '2019-05-23 04:01:46', '2019-05-23 04:01:46'),
(1242, 1, 290, 'write', '2019-05-23 04:45:41', '2019-05-23 04:45:41'),
(1243, 1, 291, 'write', '2019-05-23 04:49:54', '2019-05-23 04:49:54'),
(1244, 1, 292, 'write', '2019-05-23 04:52:19', '2019-05-23 04:52:19'),
(1245, 1, 293, 'write', '2019-05-23 04:52:56', '2019-05-23 04:52:56'),
(1246, 1, 294, 'write', '2019-05-23 04:56:53', '2019-05-23 04:56:53'),
(1247, 1, 295, 'write', '2019-05-23 04:57:16', '2019-05-23 04:57:16'),
(1248, 2, 294, 'invisible', '2019-05-23 04:57:51', '2019-05-23 04:57:51'),
(1249, 2, 295, 'invisible', '2019-05-23 04:57:51', '2019-05-23 04:57:51'),
(1250, 3, 294, 'invisible', '2019-05-23 04:57:51', '2019-05-23 04:57:51'),
(1251, 3, 295, 'invisible', '2019-05-23 04:57:51', '2019-05-23 04:57:51'),
(1252, 4, 294, 'invisible', '2019-05-23 04:57:51', '2019-05-23 04:57:51'),
(1253, 4, 295, 'invisible', '2019-05-23 04:57:51', '2019-05-23 04:57:51'),
(1254, 5, 294, 'invisible', '2019-05-23 04:57:51', '2019-05-23 04:57:51'),
(1255, 5, 295, 'invisible', '2019-05-23 04:57:51', '2019-05-23 04:57:51'),
(1256, 2, 290, 'invisible', '2019-05-23 04:59:32', '2019-05-23 04:59:32'),
(1257, 3, 290, 'invisible', '2019-05-23 04:59:32', '2019-05-23 04:59:32'),
(1258, 4, 290, 'invisible', '2019-05-23 04:59:32', '2019-05-23 04:59:32'),
(1259, 5, 290, 'invisible', '2019-05-23 04:59:32', '2019-05-23 04:59:32'),
(1260, 2, 292, 'invisible', '2019-05-23 05:00:07', '2019-05-23 05:00:07'),
(1261, 2, 293, 'invisible', '2019-05-23 05:00:07', '2019-05-23 05:00:07'),
(1262, 3, 292, 'invisible', '2019-05-23 05:00:07', '2019-05-23 05:00:07'),
(1263, 3, 293, 'invisible', '2019-05-23 05:00:07', '2019-05-23 05:00:07'),
(1264, 4, 292, 'invisible', '2019-05-23 05:00:07', '2019-05-23 05:00:07'),
(1265, 4, 293, 'invisible', '2019-05-23 05:00:07', '2019-05-23 05:00:07'),
(1266, 5, 292, 'invisible', '2019-05-23 05:00:07', '2019-05-23 05:00:07'),
(1267, 5, 293, 'invisible', '2019-05-23 05:00:07', '2019-05-23 05:00:07'),
(1268, 1, 296, 'write', '2019-05-23 05:02:47', '2019-05-23 05:02:47'),
(1269, 1, 297, 'write', '2019-05-23 05:03:08', '2019-05-23 05:03:08'),
(1270, 2, 296, 'invisible', '2019-05-23 05:03:41', '2019-05-23 05:03:41'),
(1271, 2, 297, 'invisible', '2019-05-23 05:03:41', '2019-05-23 05:03:41'),
(1272, 3, 296, 'invisible', '2019-05-23 05:03:41', '2019-05-23 05:03:41'),
(1273, 3, 297, 'invisible', '2019-05-23 05:03:41', '2019-05-23 05:03:41'),
(1274, 4, 296, 'invisible', '2019-05-23 05:03:41', '2019-05-23 05:03:41'),
(1275, 4, 297, 'invisible', '2019-05-23 05:03:41', '2019-05-23 05:03:41'),
(1276, 5, 296, 'invisible', '2019-05-23 05:03:41', '2019-05-23 05:03:41'),
(1277, 5, 297, 'invisible', '2019-05-23 05:03:41', '2019-05-23 05:03:41'),
(1278, 1, 298, 'write', '2019-05-23 05:05:51', '2019-05-23 05:05:51'),
(1279, 1, 299, 'write', '2019-05-23 05:06:12', '2019-05-23 05:06:12'),
(1280, 2, 298, 'invisible', '2019-05-23 05:06:42', '2019-05-23 05:06:42'),
(1281, 2, 299, 'invisible', '2019-05-23 05:06:42', '2019-05-23 05:06:42'),
(1282, 3, 298, 'invisible', '2019-05-23 05:06:42', '2019-05-23 05:06:42'),
(1283, 3, 299, 'invisible', '2019-05-23 05:06:42', '2019-05-23 05:06:42'),
(1284, 4, 298, 'invisible', '2019-05-23 05:06:42', '2019-05-23 05:06:42'),
(1285, 4, 299, 'invisible', '2019-05-23 05:06:42', '2019-05-23 05:06:42'),
(1286, 5, 298, 'invisible', '2019-05-23 05:06:42', '2019-05-23 05:06:42'),
(1287, 5, 299, 'invisible', '2019-05-23 05:06:42', '2019-05-23 05:06:42'),
(1288, 1, 300, 'write', '2019-05-23 05:09:04', '2019-05-23 05:09:04'),
(1289, 1, 301, 'write', '2019-05-23 05:09:22', '2019-05-23 05:09:22'),
(1290, 2, 300, 'invisible', '2019-05-23 05:09:57', '2019-05-23 05:09:57'),
(1291, 2, 301, 'invisible', '2019-05-23 05:09:57', '2019-05-23 05:09:57'),
(1292, 3, 300, 'invisible', '2019-05-23 05:09:57', '2019-05-23 05:09:57'),
(1293, 3, 301, 'invisible', '2019-05-23 05:09:57', '2019-05-23 05:09:57'),
(1294, 4, 300, 'invisible', '2019-05-23 05:09:57', '2019-05-23 05:09:57'),
(1295, 4, 301, 'invisible', '2019-05-23 05:09:57', '2019-05-23 05:09:57'),
(1296, 5, 300, 'invisible', '2019-05-23 05:09:57', '2019-05-23 05:09:57'),
(1297, 5, 301, 'invisible', '2019-05-23 05:09:57', '2019-05-23 05:09:57'),
(1298, 1, 302, 'write', '2019-05-24 00:03:37', '2019-05-24 00:03:37'),
(1299, 2, 302, 'invisible', '2019-05-24 00:04:17', '2019-05-24 00:04:17'),
(1300, 3, 302, 'invisible', '2019-05-24 00:04:17', '2019-05-24 00:04:17'),
(1301, 4, 302, 'invisible', '2019-05-24 00:04:17', '2019-05-24 00:04:17'),
(1302, 5, 302, 'invisible', '2019-05-24 00:04:17', '2019-05-24 00:04:17'),
(1303, 1, 303, 'write', '2019-05-24 00:12:06', '2019-05-24 00:12:06'),
(1304, 2, 303, 'invisible', '2019-05-24 00:13:12', '2019-05-24 00:13:12'),
(1305, 3, 303, 'invisible', '2019-05-24 00:13:12', '2019-05-24 00:13:12'),
(1306, 4, 303, 'invisible', '2019-05-24 00:13:12', '2019-05-24 00:13:12'),
(1307, 5, 303, 'invisible', '2019-05-24 00:13:12', '2019-05-24 00:13:12'),
(1308, 1, 304, 'write', '2019-05-25 02:12:16', '2019-05-25 02:12:16'),
(1309, 2, 304, 'invisible', '2019-05-25 02:12:49', '2019-05-25 02:12:49'),
(1310, 3, 304, 'invisible', '2019-05-25 02:12:49', '2019-05-25 02:12:49'),
(1311, 4, 304, 'invisible', '2019-05-25 02:12:49', '2019-05-25 02:12:49'),
(1312, 5, 304, 'invisible', '2019-05-25 02:12:49', '2019-05-25 02:12:49'),
(1313, 1, 305, 'write', '2019-05-25 02:18:40', '2019-05-25 02:18:40'),
(1314, 2, 305, 'invisible', '2019-05-25 02:19:13', '2019-05-25 02:19:13'),
(1315, 3, 305, 'invisible', '2019-05-25 02:19:13', '2019-05-25 02:19:13'),
(1316, 4, 305, 'invisible', '2019-05-25 02:19:13', '2019-05-25 02:19:13'),
(1317, 5, 305, 'invisible', '2019-05-25 02:19:13', '2019-05-25 02:19:13'),
(1318, 2, 287, 'invisible', '2019-05-31 23:57:38', '2019-05-31 23:57:38'),
(1319, 3, 287, 'invisible', '2019-05-31 23:57:38', '2019-05-31 23:57:38'),
(1320, 4, 287, 'invisible', '2019-05-31 23:57:38', '2019-05-31 23:57:38'),
(1321, 5, 287, 'invisible', '2019-05-31 23:57:38', '2019-05-31 23:57:38'),
(1323, 1, 308, 'write', '2019-06-04 01:10:13', '2019-06-04 01:10:13'),
(1324, 1, 309, 'write', '2019-06-04 01:11:39', '2019-06-04 01:11:39'),
(1325, 1, 310, 'write', '2019-06-04 01:12:51', '2019-06-04 01:12:51'),
(1326, 1, 311, 'write', '2019-06-04 01:13:25', '2019-06-04 01:13:25'),
(1327, 1, 312, 'write', '2019-06-04 01:14:36', '2019-06-04 01:14:36'),
(1328, 1, 313, 'write', '2019-06-04 01:50:21', '2019-06-04 01:50:21'),
(1329, 1, 314, 'write', '2019-06-04 01:51:23', '2019-06-04 01:51:23'),
(1330, 1, 315, 'write', '2019-06-04 01:53:31', '2019-06-04 01:53:31'),
(1331, 1, 316, 'write', '2019-06-04 01:55:21', '2019-06-04 01:55:21'),
(1332, 1, 317, 'write', '2019-06-04 01:56:19', '2019-06-04 01:56:19'),
(1333, 1, 318, 'write', '2019-06-04 01:57:23', '2019-06-04 01:57:23'),
(1334, 1, 319, 'write', '2019-06-04 02:00:50', '2019-06-04 02:00:50'),
(1335, 1, 320, 'write', '2019-06-04 02:06:44', '2019-06-04 02:06:44'),
(1336, 1, 321, 'write', '2019-06-04 02:08:10', '2019-06-04 02:08:10'),
(1337, 1, 322, 'write', '2019-06-04 02:10:48', '2019-06-04 02:10:48'),
(1338, 1, 323, 'write', '2019-06-04 02:12:58', '2019-06-04 02:12:58'),
(1339, 1, 324, 'write', '2019-06-04 02:14:15', '2019-06-04 02:14:15'),
(1355, 2, 308, 'invisible', '2019-06-05 01:19:30', '2019-06-05 01:19:30'),
(1356, 2, 309, 'invisible', '2019-06-05 01:19:30', '2019-06-05 01:19:30'),
(1357, 2, 310, 'invisible', '2019-06-05 01:19:30', '2019-06-05 01:19:30'),
(1358, 2, 311, 'invisible', '2019-06-05 01:19:30', '2019-06-05 01:19:30'),
(1359, 2, 312, 'invisible', '2019-06-05 01:19:30', '2019-06-05 01:19:30'),
(1360, 2, 313, 'invisible', '2019-06-05 01:19:30', '2019-06-05 01:19:30'),
(1361, 2, 314, 'invisible', '2019-06-05 01:19:30', '2019-06-05 01:19:30'),
(1362, 2, 315, 'invisible', '2019-06-05 01:19:30', '2019-06-05 01:19:30'),
(1363, 2, 316, 'invisible', '2019-06-05 01:19:30', '2019-06-05 01:19:30'),
(1364, 2, 317, 'invisible', '2019-06-05 01:19:30', '2019-06-05 01:19:30'),
(1365, 2, 318, 'invisible', '2019-06-05 01:19:30', '2019-06-05 01:19:30'),
(1366, 2, 319, 'invisible', '2019-06-05 01:19:30', '2019-06-05 01:19:30'),
(1367, 2, 320, 'invisible', '2019-06-05 01:19:30', '2019-06-05 01:19:30'),
(1368, 2, 321, 'invisible', '2019-06-05 01:19:30', '2019-06-05 01:19:30'),
(1369, 2, 322, 'invisible', '2019-06-05 01:19:30', '2019-06-05 01:19:30'),
(1370, 2, 323, 'invisible', '2019-06-05 01:19:30', '2019-06-05 01:19:30'),
(1371, 2, 324, 'invisible', '2019-06-05 01:19:30', '2019-06-05 01:19:30'),
(1372, 3, 308, 'invisible', '2019-06-05 01:19:30', '2019-06-05 01:19:30'),
(1373, 3, 309, 'invisible', '2019-06-05 01:19:30', '2019-06-05 01:19:30'),
(1374, 3, 310, 'invisible', '2019-06-05 01:19:30', '2019-06-05 01:19:30'),
(1375, 3, 311, 'invisible', '2019-06-05 01:19:30', '2019-06-05 01:19:30'),
(1376, 3, 312, 'invisible', '2019-06-05 01:19:30', '2019-06-05 01:19:30'),
(1377, 3, 313, 'invisible', '2019-06-05 01:19:30', '2019-06-05 01:19:30'),
(1378, 3, 314, 'invisible', '2019-06-05 01:19:30', '2019-06-05 01:19:30'),
(1379, 3, 315, 'invisible', '2019-06-05 01:19:30', '2019-06-05 01:19:30'),
(1380, 3, 316, 'invisible', '2019-06-05 01:19:30', '2019-06-05 01:19:30'),
(1381, 3, 317, 'invisible', '2019-06-05 01:19:30', '2019-06-05 01:19:30'),
(1382, 3, 318, 'invisible', '2019-06-05 01:19:30', '2019-06-05 01:19:30'),
(1383, 3, 319, 'invisible', '2019-06-05 01:19:30', '2019-06-05 01:19:30'),
(1384, 3, 320, 'invisible', '2019-06-05 01:19:30', '2019-06-05 01:19:30'),
(1385, 3, 321, 'invisible', '2019-06-05 01:19:30', '2019-06-05 01:19:30'),
(1386, 3, 322, 'invisible', '2019-06-05 01:19:30', '2019-06-05 01:19:30'),
(1387, 3, 323, 'invisible', '2019-06-05 01:19:30', '2019-06-05 01:19:30'),
(1388, 3, 324, 'invisible', '2019-06-05 01:19:30', '2019-06-05 01:19:30'),
(1389, 4, 308, 'invisible', '2019-06-05 01:19:30', '2019-06-05 01:19:30'),
(1390, 4, 309, 'invisible', '2019-06-05 01:19:30', '2019-06-05 01:19:30'),
(1391, 4, 310, 'invisible', '2019-06-05 01:19:30', '2019-06-05 01:19:30'),
(1392, 4, 311, 'invisible', '2019-06-05 01:19:30', '2019-06-05 01:19:30'),
(1393, 4, 312, 'invisible', '2019-06-05 01:19:30', '2019-06-05 01:19:30'),
(1394, 4, 313, 'invisible', '2019-06-05 01:19:30', '2019-06-05 01:19:30'),
(1395, 4, 314, 'invisible', '2019-06-05 01:19:30', '2019-06-05 01:19:30'),
(1396, 4, 315, 'invisible', '2019-06-05 01:19:30', '2019-06-05 01:19:30'),
(1397, 4, 316, 'invisible', '2019-06-05 01:19:30', '2019-06-05 01:19:30'),
(1398, 4, 317, 'invisible', '2019-06-05 01:19:30', '2019-06-05 01:19:30'),
(1399, 4, 318, 'invisible', '2019-06-05 01:19:30', '2019-06-05 01:19:30'),
(1400, 4, 319, 'invisible', '2019-06-05 01:19:30', '2019-06-05 01:19:30'),
(1401, 4, 320, 'invisible', '2019-06-05 01:19:30', '2019-06-05 01:19:30'),
(1402, 4, 321, 'invisible', '2019-06-05 01:19:30', '2019-06-05 01:19:30'),
(1403, 4, 322, 'invisible', '2019-06-05 01:19:30', '2019-06-05 01:19:30'),
(1404, 4, 323, 'invisible', '2019-06-05 01:19:30', '2019-06-05 01:19:30'),
(1405, 4, 324, 'invisible', '2019-06-05 01:19:30', '2019-06-05 01:19:30'),
(1406, 5, 308, 'invisible', '2019-06-05 01:19:30', '2019-06-05 01:19:30'),
(1407, 5, 309, 'invisible', '2019-06-05 01:19:30', '2019-06-05 01:19:30'),
(1408, 5, 310, 'invisible', '2019-06-05 01:19:30', '2019-06-05 01:19:30'),
(1409, 5, 311, 'invisible', '2019-06-05 01:19:30', '2019-06-05 01:19:30'),
(1410, 5, 312, 'invisible', '2019-06-05 01:19:30', '2019-06-05 01:19:30'),
(1411, 5, 313, 'invisible', '2019-06-05 01:19:30', '2019-06-05 01:19:30'),
(1412, 5, 314, 'invisible', '2019-06-05 01:19:30', '2019-06-05 01:19:30'),
(1413, 5, 315, 'invisible', '2019-06-05 01:19:30', '2019-06-05 01:19:30'),
(1414, 5, 316, 'invisible', '2019-06-05 01:19:30', '2019-06-05 01:19:30'),
(1415, 5, 317, 'invisible', '2019-06-05 01:19:30', '2019-06-05 01:19:30'),
(1416, 5, 318, 'invisible', '2019-06-05 01:19:30', '2019-06-05 01:19:30'),
(1417, 5, 319, 'invisible', '2019-06-05 01:19:30', '2019-06-05 01:19:30'),
(1418, 5, 320, 'invisible', '2019-06-05 01:19:30', '2019-06-05 01:19:30'),
(1419, 5, 321, 'invisible', '2019-06-05 01:19:30', '2019-06-05 01:19:30'),
(1420, 5, 322, 'invisible', '2019-06-05 01:19:30', '2019-06-05 01:19:30'),
(1421, 5, 323, 'invisible', '2019-06-05 01:19:30', '2019-06-05 01:19:30'),
(1422, 5, 324, 'invisible', '2019-06-05 01:19:30', '2019-06-05 01:19:30'),
(1423, 1, 340, 'write', '2019-06-05 01:35:38', '2019-06-05 01:35:38'),
(1424, 1, 341, 'write', '2019-06-05 01:38:24', '2019-06-05 01:38:24'),
(1425, 1, 342, 'write', '2019-06-05 01:38:54', '2019-06-05 01:38:54'),
(1426, 1, 343, 'write', '2019-06-05 01:43:22', '2019-06-05 01:43:22'),
(1427, 1, 344, 'write', '2019-06-05 01:43:41', '2019-06-05 01:43:41'),
(1428, 1, 345, 'write', '2019-06-05 01:44:57', '2019-06-05 01:44:57'),
(1429, 1, 346, 'write', '2019-06-05 01:45:27', '2019-06-05 01:45:27'),
(1430, 1, 347, 'write', '2019-06-05 01:46:19', '2019-06-05 01:46:19'),
(1431, 1, 348, 'write', '2019-06-05 01:47:20', '2019-06-05 01:47:20'),
(1432, 1, 349, 'write', '2019-06-05 01:47:50', '2019-06-05 01:47:50'),
(1433, 1, 350, 'write', '2019-06-05 01:50:43', '2019-06-05 01:50:43'),
(1434, 1, 351, 'write', '2019-06-05 01:51:35', '2019-06-05 01:51:35'),
(1435, 1, 352, 'write', '2019-06-05 01:52:03', '2019-06-05 01:52:03'),
(1436, 1, 353, 'write', '2019-06-05 01:52:24', '2019-06-05 01:52:24'),
(1437, 1, 354, 'write', '2019-06-05 01:52:46', '2019-06-05 01:52:46'),
(1438, 1, 268, 'invisible', '2019-06-19 00:16:29', '2019-06-19 00:16:29'),
(1439, 2, 259, 'invisible', '2019-06-19 00:16:29', '2019-06-19 00:16:29'),
(1440, 2, 268, 'invisible', '2019-06-19 00:16:29', '2019-06-19 00:16:29'),
(1441, 2, 281, 'invisible', '2019-06-19 00:16:29', '2019-06-19 00:16:29'),
(1443, 2, 229, 'invisible', '2019-06-19 00:16:29', '2019-06-19 00:16:29'),
(1444, 2, 249, 'invisible', '2019-06-19 00:16:29', '2019-06-19 00:16:29'),
(1445, 3, 259, 'invisible', '2019-06-19 00:16:29', '2019-06-19 00:16:29'),
(1446, 3, 268, 'invisible', '2019-06-19 00:16:29', '2019-06-19 00:16:29'),
(1447, 3, 281, 'invisible', '2019-06-19 00:16:29', '2019-06-19 00:16:29'),
(1449, 3, 229, 'invisible', '2019-06-19 00:16:29', '2019-06-19 00:16:29'),
(1450, 3, 249, 'invisible', '2019-06-19 00:16:29', '2019-06-19 00:16:29'),
(1451, 4, 259, 'invisible', '2019-06-19 00:16:29', '2019-06-19 00:16:29'),
(1452, 4, 268, 'invisible', '2019-06-19 00:16:29', '2019-06-19 00:16:29'),
(1453, 4, 281, 'invisible', '2019-06-19 00:16:29', '2019-06-19 00:16:29'),
(1455, 4, 229, 'invisible', '2019-06-19 00:16:29', '2019-06-19 00:16:29'),
(1456, 4, 249, 'invisible', '2019-06-19 00:16:29', '2019-06-19 00:16:29'),
(1457, 5, 259, 'invisible', '2019-06-19 00:16:29', '2019-06-19 00:16:29'),
(1458, 5, 268, 'invisible', '2019-06-19 00:16:29', '2019-06-19 00:16:29'),
(1459, 5, 281, 'invisible', '2019-06-19 00:16:29', '2019-06-19 00:16:29');
INSERT INTO `role_module_fields` (`id`, `role_id`, `field_id`, `access`, `created_at`, `updated_at`) VALUES
(1461, 5, 249, 'invisible', '2019-06-19 00:16:29', '2019-06-19 00:16:29'),
(1462, 1, 355, 'write', '2019-06-19 03:47:38', '2019-06-19 03:47:38'),
(1463, 1, 356, 'write', '2019-06-19 03:51:05', '2019-06-19 03:51:05'),
(1464, 1, 357, 'write', '2019-06-19 05:24:26', '2019-06-19 05:24:26'),
(1465, 1, 358, 'write', '2019-06-19 05:25:36', '2019-06-19 05:25:36'),
(1466, 1, 359, 'write', '2019-06-22 01:20:27', '2019-06-22 01:20:27'),
(1467, 1, 360, 'write', '2019-06-22 02:18:47', '2019-06-22 02:18:47'),
(1468, 1, 361, 'write', '2019-07-12 00:38:12', '2019-07-12 00:38:12'),
(1469, 1, 363, 'write', '2019-07-12 01:56:35', '2019-07-12 01:56:35'),
(1470, 1, 364, 'write', '2019-07-12 01:57:37', '2019-07-12 01:57:37'),
(1471, 1, 365, 'write', '2019-07-12 03:46:25', '2019-07-12 03:46:25'),
(1472, 1, 366, 'write', '2019-07-17 01:20:38', '2019-07-17 01:20:38'),
(1473, 1, 367, 'write', '2019-07-20 05:52:43', '2019-07-20 05:52:43'),
(1474, 2, 367, 'invisible', '2019-07-20 06:08:37', '2019-07-20 06:08:37'),
(1475, 3, 367, 'invisible', '2019-07-20 06:08:37', '2019-07-20 06:08:37'),
(1476, 4, 367, 'invisible', '2019-07-20 06:08:37', '2019-07-20 06:08:37'),
(1477, 5, 367, 'invisible', '2019-07-20 06:08:37', '2019-07-20 06:08:37'),
(1478, 1, 368, 'write', '2019-07-29 01:13:56', '2019-07-29 01:13:56'),
(1479, 2, 282, 'invisible', '2019-07-29 07:45:00', '2019-07-29 07:45:00'),
(1480, 2, 283, 'invisible', '2019-07-29 07:45:00', '2019-07-29 07:45:00'),
(1481, 2, 355, 'invisible', '2019-07-29 07:45:00', '2019-07-29 07:45:00'),
(1482, 2, 356, 'invisible', '2019-07-29 07:45:00', '2019-07-29 07:45:00'),
(1483, 2, 357, 'invisible', '2019-07-29 07:45:00', '2019-07-29 07:45:00'),
(1484, 2, 358, 'invisible', '2019-07-29 07:45:00', '2019-07-29 07:45:00'),
(1485, 2, 362, 'invisible', '2019-07-29 07:45:00', '2019-07-29 07:45:00'),
(1486, 2, 365, 'invisible', '2019-07-29 07:45:00', '2019-07-29 07:45:00'),
(1487, 2, 279, 'invisible', '2019-07-29 07:45:00', '2019-07-29 07:45:00'),
(1488, 2, 228, 'invisible', '2019-07-29 07:45:00', '2019-07-29 07:45:00'),
(1489, 2, 246, 'invisible', '2019-07-29 07:45:00', '2019-07-29 07:45:00'),
(1490, 2, 247, 'invisible', '2019-07-29 07:45:00', '2019-07-29 07:45:00'),
(1491, 2, 158, 'invisible', '2019-07-29 07:45:00', '2019-07-29 07:45:00'),
(1492, 2, 159, 'invisible', '2019-07-29 07:45:00', '2019-07-29 07:45:00'),
(1493, 2, 360, 'invisible', '2019-07-29 07:45:00', '2019-07-29 07:45:00'),
(1494, 2, 363, 'invisible', '2019-07-29 07:45:00', '2019-07-29 07:45:00'),
(1495, 2, 364, 'invisible', '2019-07-29 07:45:00', '2019-07-29 07:45:00'),
(1496, 2, 262, 'invisible', '2019-07-29 07:45:00', '2019-07-29 07:45:00'),
(1497, 2, 263, 'invisible', '2019-07-29 07:45:00', '2019-07-29 07:45:00'),
(1498, 2, 267, 'invisible', '2019-07-29 07:45:00', '2019-07-29 07:45:00'),
(1499, 2, 280, 'invisible', '2019-07-29 07:45:00', '2019-07-29 07:45:00'),
(1500, 2, 248, 'invisible', '2019-07-29 07:45:00', '2019-07-29 07:45:00'),
(1501, 2, 260, 'invisible', '2019-07-29 07:45:00', '2019-07-29 07:45:00'),
(1502, 2, 261, 'invisible', '2019-07-29 07:45:00', '2019-07-29 07:45:00'),
(1503, 2, 264, 'invisible', '2019-07-29 07:45:00', '2019-07-29 07:45:00'),
(1504, 2, 265, 'invisible', '2019-07-29 07:45:00', '2019-07-29 07:45:00'),
(1505, 2, 225, 'invisible', '2019-07-29 07:45:00', '2019-07-29 07:45:00'),
(1506, 2, 226, 'invisible', '2019-07-29 07:45:00', '2019-07-29 07:45:00'),
(1507, 2, 243, 'invisible', '2019-07-29 07:45:00', '2019-07-29 07:45:00'),
(1508, 2, 244, 'invisible', '2019-07-29 07:45:00', '2019-07-29 07:45:00'),
(1509, 2, 245, 'invisible', '2019-07-29 07:45:00', '2019-07-29 07:45:00'),
(1510, 2, 250, 'invisible', '2019-07-29 07:45:00', '2019-07-29 07:45:00'),
(1511, 2, 251, 'invisible', '2019-07-29 07:45:00', '2019-07-29 07:45:00'),
(1512, 2, 252, 'invisible', '2019-07-29 07:45:00', '2019-07-29 07:45:00'),
(1513, 2, 253, 'invisible', '2019-07-29 07:45:00', '2019-07-29 07:45:00'),
(1514, 2, 254, 'invisible', '2019-07-29 07:45:00', '2019-07-29 07:45:00'),
(1515, 2, 255, 'invisible', '2019-07-29 07:45:00', '2019-07-29 07:45:00'),
(1516, 2, 256, 'invisible', '2019-07-29 07:45:00', '2019-07-29 07:45:00'),
(1517, 2, 257, 'invisible', '2019-07-29 07:45:00', '2019-07-29 07:45:00'),
(1518, 2, 258, 'invisible', '2019-07-29 07:45:00', '2019-07-29 07:45:00'),
(1519, 2, 269, 'invisible', '2019-07-29 07:45:00', '2019-07-29 07:45:00'),
(1520, 2, 270, 'invisible', '2019-07-29 07:45:00', '2019-07-29 07:45:00'),
(1521, 2, 275, 'invisible', '2019-07-29 07:45:00', '2019-07-29 07:45:00'),
(1522, 2, 271, 'invisible', '2019-07-29 07:45:00', '2019-07-29 07:45:00'),
(1523, 2, 272, 'invisible', '2019-07-29 07:45:00', '2019-07-29 07:45:00'),
(1524, 2, 276, 'invisible', '2019-07-29 07:45:00', '2019-07-29 07:45:00'),
(1525, 2, 273, 'invisible', '2019-07-29 07:45:00', '2019-07-29 07:45:00'),
(1526, 2, 274, 'invisible', '2019-07-29 07:45:00', '2019-07-29 07:45:00'),
(1527, 2, 277, 'invisible', '2019-07-29 07:45:00', '2019-07-29 07:45:00'),
(1528, 2, 291, 'invisible', '2019-07-29 07:45:00', '2019-07-29 07:45:00'),
(1529, 2, 368, 'invisible', '2019-07-29 07:45:00', '2019-07-29 07:45:00'),
(1530, 2, 340, 'invisible', '2019-07-29 07:45:00', '2019-07-29 07:45:00'),
(1531, 2, 341, 'invisible', '2019-07-29 07:45:00', '2019-07-29 07:45:00'),
(1532, 2, 342, 'invisible', '2019-07-29 07:45:00', '2019-07-29 07:45:00'),
(1533, 2, 343, 'invisible', '2019-07-29 07:45:00', '2019-07-29 07:45:00'),
(1534, 2, 344, 'invisible', '2019-07-29 07:45:00', '2019-07-29 07:45:00'),
(1535, 2, 345, 'invisible', '2019-07-29 07:45:00', '2019-07-29 07:45:00'),
(1536, 2, 346, 'invisible', '2019-07-29 07:45:00', '2019-07-29 07:45:00'),
(1537, 2, 347, 'invisible', '2019-07-29 07:45:00', '2019-07-29 07:45:00'),
(1538, 2, 348, 'invisible', '2019-07-29 07:45:00', '2019-07-29 07:45:00'),
(1539, 2, 349, 'invisible', '2019-07-29 07:45:00', '2019-07-29 07:45:00'),
(1540, 2, 350, 'invisible', '2019-07-29 07:45:00', '2019-07-29 07:45:00'),
(1541, 2, 351, 'invisible', '2019-07-29 07:45:00', '2019-07-29 07:45:00'),
(1542, 2, 352, 'invisible', '2019-07-29 07:45:00', '2019-07-29 07:45:00'),
(1543, 2, 353, 'invisible', '2019-07-29 07:45:00', '2019-07-29 07:45:00'),
(1544, 2, 354, 'invisible', '2019-07-29 07:45:00', '2019-07-29 07:45:00'),
(1545, 2, 359, 'invisible', '2019-07-29 07:45:00', '2019-07-29 07:45:00'),
(1546, 2, 361, 'invisible', '2019-07-29 07:45:00', '2019-07-29 07:45:00'),
(1547, 2, 366, 'invisible', '2019-07-29 07:45:00', '2019-07-29 07:45:00'),
(1552, 1, 373, 'write', '2019-08-14 01:33:03', '2019-08-14 01:33:03'),
(1553, 1, 374, 'write', '2019-08-14 02:18:35', '2019-08-14 02:18:35'),
(1554, 1, 375, 'write', '2019-08-14 02:19:37', '2019-08-14 02:19:37'),
(1555, 1, 376, 'write', '2019-08-14 02:20:28', '2019-08-14 02:20:28'),
(1556, 1, 377, 'write', '2019-08-14 02:21:03', '2019-08-14 02:21:03'),
(1557, 1, 378, 'write', '2019-08-14 02:21:26', '2019-08-14 02:21:26'),
(1558, 1, 379, 'write', '2019-08-19 03:22:25', '2019-08-19 03:22:25'),
(1559, 1, 380, 'write', '2019-08-19 03:23:41', '2019-08-19 03:23:41'),
(1560, 1, 381, 'write', '2019-08-19 03:24:26', '2019-08-19 03:24:26'),
(1561, 1, 382, 'write', '2019-08-28 00:22:04', '2019-08-28 00:22:04'),
(1562, 1, 383, 'write', '2019-08-30 12:52:49', '2019-08-30 12:52:49'),
(1563, 1, 384, 'write', '2019-08-30 12:54:59', '2019-08-30 12:54:59'),
(1564, 1, 385, 'write', '2019-09-02 06:09:02', '2019-09-02 06:09:02'),
(1565, 1, 386, 'write', '2019-09-02 06:26:07', '2019-09-02 06:26:07'),
(1566, 1, 387, 'write', '2019-09-02 06:35:46', '2019-09-02 06:35:46'),
(1567, 1, 388, 'write', '2019-09-02 06:42:24', '2019-09-02 06:42:24'),
(1568, 1, 389, 'write', '2019-09-02 07:28:42', '2019-09-02 07:28:42'),
(1569, 1, 390, 'write', '2019-09-07 07:58:36', '2019-09-07 07:58:36'),
(1570, 1, 391, 'write', '2019-09-09 04:49:29', '2019-09-09 04:49:29'),
(1571, 1, 392, 'write', '2019-09-13 05:47:10', '2019-09-13 05:47:10'),
(1572, 1, 393, 'write', '2019-09-20 02:17:38', '2019-09-20 02:17:38'),
(1573, 1, 394, 'write', '2019-09-20 03:29:29', '2019-09-20 03:29:29'),
(1574, 6, 1, 'readonly', '2019-09-20 04:58:52', '2019-09-20 04:58:52'),
(1575, 6, 2, 'readonly', '2019-09-20 04:58:52', '2019-09-20 04:58:52'),
(1576, 6, 3, 'readonly', '2019-09-20 04:58:52', '2019-09-20 04:58:52'),
(1577, 6, 4, 'readonly', '2019-09-20 04:58:52', '2019-09-20 04:58:52'),
(1578, 6, 5, 'readonly', '2019-09-20 04:58:52', '2019-09-20 04:58:52'),
(1579, 6, 384, 'readonly', '2019-09-20 04:58:52', '2019-09-20 04:58:52'),
(1580, 6, 6, 'readonly', '2019-09-20 04:58:52', '2019-09-20 04:58:52'),
(1581, 6, 7, 'readonly', '2019-09-20 04:58:52', '2019-09-20 04:58:52'),
(1582, 6, 8, 'readonly', '2019-09-20 04:58:52', '2019-09-20 04:58:52'),
(1583, 6, 9, 'readonly', '2019-09-20 04:58:52', '2019-09-20 04:58:52'),
(1584, 6, 10, 'readonly', '2019-09-20 04:58:52', '2019-09-20 04:58:52'),
(1585, 6, 11, 'readonly', '2019-09-20 04:58:52', '2019-09-20 04:58:52'),
(1586, 6, 12, 'readonly', '2019-09-20 04:58:52', '2019-09-20 04:58:52'),
(1587, 6, 13, 'readonly', '2019-09-20 04:58:53', '2019-09-20 04:58:53'),
(1588, 6, 14, 'readonly', '2019-09-20 04:58:53', '2019-09-20 04:58:53'),
(1589, 6, 15, 'readonly', '2019-09-20 04:58:53', '2019-09-20 04:58:53'),
(1590, 6, 16, 'readonly', '2019-09-20 04:58:53', '2019-09-20 04:58:53'),
(1591, 6, 17, 'readonly', '2019-09-20 04:58:53', '2019-09-20 04:58:53'),
(1592, 6, 18, 'readonly', '2019-09-20 04:58:53', '2019-09-20 04:58:53'),
(1593, 6, 19, 'readonly', '2019-09-20 04:58:53', '2019-09-20 04:58:53'),
(1594, 6, 20, 'readonly', '2019-09-20 04:58:53', '2019-09-20 04:58:53'),
(1595, 6, 21, 'readonly', '2019-09-20 04:58:53', '2019-09-20 04:58:53'),
(1596, 6, 22, 'readonly', '2019-09-20 04:58:53', '2019-09-20 04:58:53'),
(1597, 6, 23, 'readonly', '2019-09-20 04:58:53', '2019-09-20 04:58:53'),
(1598, 6, 24, 'readonly', '2019-09-20 04:58:53', '2019-09-20 04:58:53'),
(1599, 6, 25, 'readonly', '2019-09-20 04:58:53', '2019-09-20 04:58:53'),
(1600, 6, 26, 'readonly', '2019-09-20 04:58:53', '2019-09-20 04:58:53'),
(1601, 6, 27, 'readonly', '2019-09-20 04:58:53', '2019-09-20 04:58:53'),
(1602, 6, 28, 'readonly', '2019-09-20 04:58:53', '2019-09-20 04:58:53'),
(1603, 6, 29, 'readonly', '2019-09-20 04:58:53', '2019-09-20 04:58:53'),
(1604, 6, 30, 'readonly', '2019-09-20 04:58:53', '2019-09-20 04:58:53'),
(1605, 6, 31, 'readonly', '2019-09-20 04:58:53', '2019-09-20 04:58:53'),
(1606, 6, 32, 'readonly', '2019-09-20 04:58:53', '2019-09-20 04:58:53'),
(1607, 6, 33, 'readonly', '2019-09-20 04:58:53', '2019-09-20 04:58:53'),
(1608, 6, 34, 'readonly', '2019-09-20 04:58:53', '2019-09-20 04:58:53'),
(1609, 6, 35, 'readonly', '2019-09-20 04:58:53', '2019-09-20 04:58:53'),
(1610, 6, 36, 'readonly', '2019-09-20 04:58:53', '2019-09-20 04:58:53'),
(1611, 6, 37, 'readonly', '2019-09-20 04:58:53', '2019-09-20 04:58:53'),
(1612, 6, 38, 'readonly', '2019-09-20 04:58:53', '2019-09-20 04:58:53'),
(1613, 6, 39, 'readonly', '2019-09-20 04:58:53', '2019-09-20 04:58:53'),
(1614, 6, 40, 'readonly', '2019-09-20 04:58:53', '2019-09-20 04:58:53'),
(1615, 6, 41, 'readonly', '2019-09-20 04:58:53', '2019-09-20 04:58:53'),
(1616, 6, 42, 'readonly', '2019-09-20 04:58:53', '2019-09-20 04:58:53'),
(1617, 6, 43, 'readonly', '2019-09-20 04:58:53', '2019-09-20 04:58:53'),
(1618, 6, 44, 'readonly', '2019-09-20 04:58:53', '2019-09-20 04:58:53'),
(1619, 6, 45, 'readonly', '2019-09-20 04:58:53', '2019-09-20 04:58:53'),
(1620, 6, 46, 'readonly', '2019-09-20 04:58:53', '2019-09-20 04:58:53'),
(1621, 6, 47, 'readonly', '2019-09-20 04:58:53', '2019-09-20 04:58:53'),
(1622, 6, 48, 'readonly', '2019-09-20 04:58:53', '2019-09-20 04:58:53'),
(1623, 6, 49, 'readonly', '2019-09-20 04:58:53', '2019-09-20 04:58:53'),
(1624, 6, 50, 'readonly', '2019-09-20 04:58:53', '2019-09-20 04:58:53'),
(1625, 6, 51, 'readonly', '2019-09-20 04:58:53', '2019-09-20 04:58:53'),
(1626, 6, 52, 'readonly', '2019-09-20 04:58:54', '2019-09-20 04:58:54'),
(1627, 6, 53, 'readonly', '2019-09-20 04:58:54', '2019-09-20 04:58:54'),
(1628, 6, 54, 'readonly', '2019-09-20 04:58:54', '2019-09-20 04:58:54'),
(1629, 6, 55, 'readonly', '2019-09-20 04:58:54', '2019-09-20 04:58:54'),
(1630, 6, 56, 'readonly', '2019-09-20 04:58:54', '2019-09-20 04:58:54'),
(1631, 6, 57, 'readonly', '2019-09-20 04:58:54', '2019-09-20 04:58:54'),
(1632, 6, 58, 'readonly', '2019-09-20 04:58:54', '2019-09-20 04:58:54'),
(1633, 6, 59, 'readonly', '2019-09-20 04:58:54', '2019-09-20 04:58:54'),
(1634, 6, 60, 'readonly', '2019-09-20 04:58:54', '2019-09-20 04:58:54'),
(1635, 6, 61, 'readonly', '2019-09-20 04:58:54', '2019-09-20 04:58:54'),
(1636, 6, 62, 'readonly', '2019-09-20 04:58:54', '2019-09-20 04:58:54'),
(1637, 6, 63, 'readonly', '2019-09-20 04:58:54', '2019-09-20 04:58:54'),
(1638, 6, 64, 'readonly', '2019-09-20 04:58:54', '2019-09-20 04:58:54'),
(1639, 6, 65, 'readonly', '2019-09-20 04:58:54', '2019-09-20 04:58:54'),
(1640, 6, 66, 'readonly', '2019-09-20 04:58:54', '2019-09-20 04:58:54'),
(1641, 6, 67, 'readonly', '2019-09-20 04:58:54', '2019-09-20 04:58:54'),
(1642, 6, 68, 'readonly', '2019-09-20 04:58:54', '2019-09-20 04:58:54'),
(1643, 6, 69, 'readonly', '2019-09-20 04:58:54', '2019-09-20 04:58:54'),
(1644, 6, 282, 'readonly', '2019-09-20 04:58:55', '2019-09-20 04:58:55'),
(1645, 6, 70, 'readonly', '2019-09-20 04:58:55', '2019-09-20 04:58:55'),
(1646, 6, 385, 'readonly', '2019-09-20 04:58:55', '2019-09-20 04:58:55'),
(1647, 6, 71, 'readonly', '2019-09-20 04:58:55', '2019-09-20 04:58:55'),
(1648, 6, 283, 'readonly', '2019-09-20 04:58:55', '2019-09-20 04:58:55'),
(1649, 6, 73, 'readonly', '2019-09-20 04:58:55', '2019-09-20 04:58:55'),
(1650, 6, 386, 'readonly', '2019-09-20 04:58:55', '2019-09-20 04:58:55'),
(1651, 6, 74, 'readonly', '2019-09-20 04:58:55', '2019-09-20 04:58:55'),
(1652, 6, 75, 'readonly', '2019-09-20 04:58:55', '2019-09-20 04:58:55'),
(1653, 6, 76, 'readonly', '2019-09-20 04:58:55', '2019-09-20 04:58:55'),
(1654, 6, 77, 'readonly', '2019-09-20 04:58:55', '2019-09-20 04:58:55'),
(1655, 6, 78, 'readonly', '2019-09-20 04:58:55', '2019-09-20 04:58:55'),
(1656, 6, 80, 'readonly', '2019-09-20 04:58:55', '2019-09-20 04:58:55'),
(1657, 6, 79, 'readonly', '2019-09-20 04:58:55', '2019-09-20 04:58:55'),
(1658, 6, 81, 'readonly', '2019-09-20 04:58:55', '2019-09-20 04:58:55'),
(1659, 6, 82, 'readonly', '2019-09-20 04:58:55', '2019-09-20 04:58:55'),
(1660, 6, 83, 'readonly', '2019-09-20 04:58:55', '2019-09-20 04:58:55'),
(1661, 6, 84, 'readonly', '2019-09-20 04:58:55', '2019-09-20 04:58:55'),
(1662, 6, 85, 'readonly', '2019-09-20 04:58:55', '2019-09-20 04:58:55'),
(1663, 6, 86, 'readonly', '2019-09-20 04:58:55', '2019-09-20 04:58:55'),
(1664, 6, 394, 'readonly', '2019-09-20 04:58:55', '2019-09-20 04:58:55'),
(1665, 6, 149, 'readonly', '2019-09-20 04:58:55', '2019-09-20 04:58:55'),
(1666, 6, 171, 'readonly', '2019-09-20 04:58:55', '2019-09-20 04:58:55'),
(1667, 6, 87, 'readonly', '2019-09-20 04:58:55', '2019-09-20 04:58:55'),
(1668, 6, 88, 'readonly', '2019-09-20 04:58:55', '2019-09-20 04:58:55'),
(1669, 6, 90, 'readonly', '2019-09-20 04:58:55', '2019-09-20 04:58:55'),
(1670, 6, 92, 'readonly', '2019-09-20 04:58:55', '2019-09-20 04:58:55'),
(1671, 6, 91, 'readonly', '2019-09-20 04:58:55', '2019-09-20 04:58:55'),
(1672, 6, 93, 'readonly', '2019-09-20 04:58:55', '2019-09-20 04:58:55'),
(1673, 6, 94, 'readonly', '2019-09-20 04:58:55', '2019-09-20 04:58:55'),
(1674, 6, 95, 'readonly', '2019-09-20 04:58:55', '2019-09-20 04:58:55'),
(1675, 6, 96, 'readonly', '2019-09-20 04:58:55', '2019-09-20 04:58:55'),
(1676, 6, 97, 'readonly', '2019-09-20 04:58:55', '2019-09-20 04:58:55'),
(1677, 6, 98, 'readonly', '2019-09-20 04:58:55', '2019-09-20 04:58:55'),
(1678, 6, 143, 'readonly', '2019-09-20 04:58:55', '2019-09-20 04:58:55'),
(1679, 6, 99, 'readonly', '2019-09-20 04:58:56', '2019-09-20 04:58:56'),
(1680, 6, 100, 'readonly', '2019-09-20 04:58:56', '2019-09-20 04:58:56'),
(1681, 6, 101, 'readonly', '2019-09-20 04:58:56', '2019-09-20 04:58:56'),
(1682, 6, 102, 'readonly', '2019-09-20 04:58:56', '2019-09-20 04:58:56'),
(1683, 6, 103, 'readonly', '2019-09-20 04:58:56', '2019-09-20 04:58:56'),
(1684, 6, 104, 'readonly', '2019-09-20 04:58:56', '2019-09-20 04:58:56'),
(1685, 6, 287, 'readonly', '2019-09-20 04:58:56', '2019-09-20 04:58:56'),
(1686, 6, 355, 'readonly', '2019-09-20 04:58:56', '2019-09-20 04:58:56'),
(1687, 6, 356, 'readonly', '2019-09-20 04:58:56', '2019-09-20 04:58:56'),
(1688, 6, 357, 'readonly', '2019-09-20 04:58:56', '2019-09-20 04:58:56'),
(1689, 6, 358, 'readonly', '2019-09-20 04:58:56', '2019-09-20 04:58:56'),
(1690, 6, 362, 'readonly', '2019-09-20 04:58:56', '2019-09-20 04:58:56'),
(1691, 6, 107, 'readonly', '2019-09-20 04:58:56', '2019-09-20 04:58:56'),
(1692, 6, 108, 'readonly', '2019-09-20 04:58:56', '2019-09-20 04:58:56'),
(1693, 6, 109, 'readonly', '2019-09-20 04:58:56', '2019-09-20 04:58:56'),
(1694, 6, 365, 'readonly', '2019-09-20 04:58:56', '2019-09-20 04:58:56'),
(1695, 6, 110, 'readonly', '2019-09-20 04:58:56', '2019-09-20 04:58:56'),
(1696, 6, 111, 'readonly', '2019-09-20 04:58:56', '2019-09-20 04:58:56'),
(1697, 6, 112, 'readonly', '2019-09-20 04:58:56', '2019-09-20 04:58:56'),
(1698, 6, 113, 'readonly', '2019-09-20 04:58:56', '2019-09-20 04:58:56'),
(1699, 6, 114, 'readonly', '2019-09-20 04:58:56', '2019-09-20 04:58:56'),
(1700, 6, 115, 'readonly', '2019-09-20 04:58:56', '2019-09-20 04:58:56'),
(1701, 6, 116, 'readonly', '2019-09-20 04:58:56', '2019-09-20 04:58:56'),
(1702, 6, 203, 'readonly', '2019-09-20 04:58:56', '2019-09-20 04:58:56'),
(1703, 6, 279, 'readonly', '2019-09-20 04:58:56', '2019-09-20 04:58:56'),
(1704, 6, 228, 'readonly', '2019-09-20 04:58:56', '2019-09-20 04:58:56'),
(1705, 6, 246, 'readonly', '2019-09-20 04:58:56', '2019-09-20 04:58:56'),
(1706, 6, 247, 'readonly', '2019-09-20 04:58:56', '2019-09-20 04:58:56'),
(1707, 6, 167, 'readonly', '2019-09-20 04:58:56', '2019-09-20 04:58:56'),
(1708, 6, 118, 'readonly', '2019-09-20 04:58:56', '2019-09-20 04:58:56'),
(1709, 6, 119, 'readonly', '2019-09-20 04:58:56', '2019-09-20 04:58:56'),
(1710, 6, 120, 'readonly', '2019-09-20 04:58:56', '2019-09-20 04:58:56'),
(1711, 6, 121, 'readonly', '2019-09-20 04:58:56', '2019-09-20 04:58:56'),
(1712, 6, 122, 'readonly', '2019-09-20 04:58:56', '2019-09-20 04:58:56'),
(1713, 6, 123, 'readonly', '2019-09-20 04:58:56', '2019-09-20 04:58:56'),
(1714, 6, 124, 'readonly', '2019-09-20 04:58:56', '2019-09-20 04:58:56'),
(1715, 6, 117, 'readonly', '2019-09-20 04:58:56', '2019-09-20 04:58:56'),
(1716, 6, 125, 'readonly', '2019-09-20 04:58:57', '2019-09-20 04:58:57'),
(1717, 6, 126, 'readonly', '2019-09-20 04:58:57', '2019-09-20 04:58:57'),
(1718, 6, 266, 'readonly', '2019-09-20 04:58:57', '2019-09-20 04:58:57'),
(1719, 6, 383, 'readonly', '2019-09-20 04:58:57', '2019-09-20 04:58:57'),
(1720, 6, 148, 'readonly', '2019-09-20 04:58:57', '2019-09-20 04:58:57'),
(1721, 6, 241, 'readonly', '2019-09-20 04:58:57', '2019-09-20 04:58:57'),
(1722, 6, 242, 'readonly', '2019-09-20 04:58:57', '2019-09-20 04:58:57'),
(1723, 6, 127, 'readonly', '2019-09-20 04:58:57', '2019-09-20 04:58:57'),
(1724, 6, 128, 'readonly', '2019-09-20 04:58:57', '2019-09-20 04:58:57'),
(1725, 6, 129, 'readonly', '2019-09-20 04:58:57', '2019-09-20 04:58:57'),
(1726, 6, 130, 'readonly', '2019-09-20 04:58:57', '2019-09-20 04:58:57'),
(1727, 6, 131, 'readonly', '2019-09-20 04:58:57', '2019-09-20 04:58:57'),
(1728, 6, 132, 'readonly', '2019-09-20 04:58:57', '2019-09-20 04:58:57'),
(1729, 6, 133, 'readonly', '2019-09-20 04:58:57', '2019-09-20 04:58:57'),
(1730, 6, 134, 'readonly', '2019-09-20 04:58:57', '2019-09-20 04:58:57'),
(1731, 6, 135, 'readonly', '2019-09-20 04:58:57', '2019-09-20 04:58:57'),
(1732, 6, 138, 'readonly', '2019-09-20 04:58:57', '2019-09-20 04:58:57'),
(1733, 6, 136, 'readonly', '2019-09-20 04:58:57', '2019-09-20 04:58:57'),
(1734, 6, 137, 'readonly', '2019-09-20 04:58:57', '2019-09-20 04:58:57'),
(1735, 6, 139, 'readonly', '2019-09-20 04:58:57', '2019-09-20 04:58:57'),
(1736, 6, 140, 'readonly', '2019-09-20 04:58:57', '2019-09-20 04:58:57'),
(1737, 6, 141, 'readonly', '2019-09-20 04:58:57', '2019-09-20 04:58:57'),
(1738, 6, 142, 'readonly', '2019-09-20 04:58:57', '2019-09-20 04:58:57'),
(1739, 6, 144, 'readonly', '2019-09-20 04:58:58', '2019-09-20 04:58:58'),
(1740, 6, 145, 'readonly', '2019-09-20 04:58:58', '2019-09-20 04:58:58'),
(1741, 6, 146, 'readonly', '2019-09-20 04:58:58', '2019-09-20 04:58:58'),
(1742, 6, 147, 'readonly', '2019-09-20 04:58:58', '2019-09-20 04:58:58'),
(1743, 6, 150, 'readonly', '2019-09-20 04:58:58', '2019-09-20 04:58:58'),
(1744, 6, 151, 'readonly', '2019-09-20 04:58:58', '2019-09-20 04:58:58'),
(1745, 6, 152, 'readonly', '2019-09-20 04:58:58', '2019-09-20 04:58:58'),
(1746, 6, 153, 'readonly', '2019-09-20 04:58:58', '2019-09-20 04:58:58'),
(1747, 6, 155, 'readonly', '2019-09-20 04:58:58', '2019-09-20 04:58:58'),
(1748, 6, 156, 'readonly', '2019-09-20 04:58:58', '2019-09-20 04:58:58'),
(1749, 6, 157, 'readonly', '2019-09-20 04:58:58', '2019-09-20 04:58:58'),
(1750, 6, 169, 'readonly', '2019-09-20 04:58:58', '2019-09-20 04:58:58'),
(1751, 6, 158, 'readonly', '2019-09-20 04:58:58', '2019-09-20 04:58:58'),
(1752, 6, 159, 'readonly', '2019-09-20 04:58:58', '2019-09-20 04:58:58'),
(1753, 6, 160, 'readonly', '2019-09-20 04:58:58', '2019-09-20 04:58:58'),
(1754, 6, 161, 'readonly', '2019-09-20 04:58:58', '2019-09-20 04:58:58'),
(1755, 6, 162, 'readonly', '2019-09-20 04:58:58', '2019-09-20 04:58:58'),
(1756, 6, 163, 'readonly', '2019-09-20 04:58:58', '2019-09-20 04:58:58'),
(1757, 6, 164, 'readonly', '2019-09-20 04:58:58', '2019-09-20 04:58:58'),
(1758, 6, 165, 'readonly', '2019-09-20 04:58:58', '2019-09-20 04:58:58'),
(1759, 6, 166, 'readonly', '2019-09-20 04:58:58', '2019-09-20 04:58:58'),
(1760, 6, 168, 'readonly', '2019-09-20 04:58:58', '2019-09-20 04:58:58'),
(1761, 6, 389, 'readonly', '2019-09-20 04:58:58', '2019-09-20 04:58:58'),
(1762, 6, 392, 'readonly', '2019-09-20 04:58:58', '2019-09-20 04:58:58'),
(1763, 6, 172, 'readonly', '2019-09-20 04:58:58', '2019-09-20 04:58:58'),
(1764, 6, 173, 'readonly', '2019-09-20 04:58:58', '2019-09-20 04:58:58'),
(1765, 6, 174, 'readonly', '2019-09-20 04:58:58', '2019-09-20 04:58:58'),
(1766, 6, 360, 'readonly', '2019-09-20 04:58:59', '2019-09-20 04:58:59'),
(1767, 6, 363, 'readonly', '2019-09-20 04:58:59', '2019-09-20 04:58:59'),
(1768, 6, 175, 'readonly', '2019-09-20 04:58:59', '2019-09-20 04:58:59'),
(1769, 6, 176, 'readonly', '2019-09-20 04:58:59', '2019-09-20 04:58:59'),
(1770, 6, 177, 'readonly', '2019-09-20 04:58:59', '2019-09-20 04:58:59'),
(1771, 6, 178, 'readonly', '2019-09-20 04:58:59', '2019-09-20 04:58:59'),
(1772, 6, 179, 'readonly', '2019-09-20 04:58:59', '2019-09-20 04:58:59'),
(1773, 6, 180, 'readonly', '2019-09-20 04:58:59', '2019-09-20 04:58:59'),
(1774, 6, 181, 'readonly', '2019-09-20 04:58:59', '2019-09-20 04:58:59'),
(1775, 6, 182, 'readonly', '2019-09-20 04:58:59', '2019-09-20 04:58:59'),
(1776, 6, 183, 'readonly', '2019-09-20 04:58:59', '2019-09-20 04:58:59'),
(1777, 6, 184, 'readonly', '2019-09-20 04:58:59', '2019-09-20 04:58:59'),
(1778, 6, 185, 'readonly', '2019-09-20 04:58:59', '2019-09-20 04:58:59'),
(1779, 6, 186, 'readonly', '2019-09-20 04:58:59', '2019-09-20 04:58:59'),
(1780, 6, 187, 'readonly', '2019-09-20 04:58:59', '2019-09-20 04:58:59'),
(1781, 6, 200, 'readonly', '2019-09-20 04:58:59', '2019-09-20 04:58:59'),
(1782, 6, 364, 'readonly', '2019-09-20 04:58:59', '2019-09-20 04:58:59'),
(1783, 6, 202, 'readonly', '2019-09-20 04:58:59', '2019-09-20 04:58:59'),
(1784, 6, 188, 'readonly', '2019-09-20 04:58:59', '2019-09-20 04:58:59'),
(1785, 6, 189, 'readonly', '2019-09-20 04:58:59', '2019-09-20 04:58:59'),
(1786, 6, 190, 'readonly', '2019-09-20 04:58:59', '2019-09-20 04:58:59'),
(1787, 6, 191, 'readonly', '2019-09-20 04:58:59', '2019-09-20 04:58:59'),
(1788, 6, 192, 'readonly', '2019-09-20 04:58:59', '2019-09-20 04:58:59'),
(1789, 6, 193, 'readonly', '2019-09-20 04:58:59', '2019-09-20 04:58:59'),
(1790, 6, 194, 'readonly', '2019-09-20 04:58:59', '2019-09-20 04:58:59'),
(1791, 6, 195, 'readonly', '2019-09-20 04:58:59', '2019-09-20 04:58:59'),
(1792, 6, 196, 'readonly', '2019-09-20 04:58:59', '2019-09-20 04:58:59'),
(1793, 6, 197, 'readonly', '2019-09-20 04:58:59', '2019-09-20 04:58:59'),
(1794, 6, 198, 'readonly', '2019-09-20 04:58:59', '2019-09-20 04:58:59'),
(1795, 6, 199, 'readonly', '2019-09-20 04:58:59', '2019-09-20 04:58:59'),
(1796, 6, 201, 'readonly', '2019-09-20 04:58:59', '2019-09-20 04:58:59'),
(1797, 6, 262, 'readonly', '2019-09-20 04:59:00', '2019-09-20 04:59:00'),
(1798, 6, 263, 'readonly', '2019-09-20 04:59:00', '2019-09-20 04:59:00'),
(1799, 6, 267, 'readonly', '2019-09-20 04:59:00', '2019-09-20 04:59:00'),
(1800, 6, 280, 'readonly', '2019-09-20 04:59:00', '2019-09-20 04:59:00'),
(1801, 6, 204, 'readonly', '2019-09-20 04:59:00', '2019-09-20 04:59:00'),
(1802, 6, 205, 'readonly', '2019-09-20 04:59:00', '2019-09-20 04:59:00'),
(1803, 6, 206, 'readonly', '2019-09-20 04:59:00', '2019-09-20 04:59:00'),
(1804, 6, 207, 'readonly', '2019-09-20 04:59:00', '2019-09-20 04:59:00'),
(1805, 6, 208, 'readonly', '2019-09-20 04:59:00', '2019-09-20 04:59:00'),
(1806, 6, 209, 'readonly', '2019-09-20 04:59:00', '2019-09-20 04:59:00'),
(1807, 6, 227, 'readonly', '2019-09-20 04:59:00', '2019-09-20 04:59:00'),
(1808, 6, 248, 'readonly', '2019-09-20 04:59:00', '2019-09-20 04:59:00'),
(1809, 6, 259, 'readonly', '2019-09-20 04:59:00', '2019-09-20 04:59:00'),
(1810, 6, 268, 'readonly', '2019-09-20 04:59:00', '2019-09-20 04:59:00'),
(1811, 6, 281, 'readonly', '2019-09-20 04:59:00', '2019-09-20 04:59:00'),
(1812, 6, 211, 'readonly', '2019-09-20 04:59:00', '2019-09-20 04:59:00'),
(1813, 6, 212, 'readonly', '2019-09-20 04:59:00', '2019-09-20 04:59:00'),
(1814, 6, 213, 'readonly', '2019-09-20 04:59:00', '2019-09-20 04:59:00'),
(1815, 6, 214, 'readonly', '2019-09-20 04:59:00', '2019-09-20 04:59:00'),
(1816, 6, 215, 'readonly', '2019-09-20 04:59:00', '2019-09-20 04:59:00'),
(1817, 6, 216, 'readonly', '2019-09-20 04:59:00', '2019-09-20 04:59:00'),
(1818, 6, 217, 'readonly', '2019-09-20 04:59:00', '2019-09-20 04:59:00'),
(1819, 6, 218, 'readonly', '2019-09-20 04:59:00', '2019-09-20 04:59:00'),
(1820, 6, 219, 'readonly', '2019-09-20 04:59:00', '2019-09-20 04:59:00'),
(1821, 6, 220, 'readonly', '2019-09-20 04:59:00', '2019-09-20 04:59:00'),
(1822, 6, 229, 'readonly', '2019-09-20 04:59:00', '2019-09-20 04:59:00'),
(1823, 6, 249, 'readonly', '2019-09-20 04:59:00', '2019-09-20 04:59:00'),
(1824, 6, 260, 'readonly', '2019-09-20 04:59:00', '2019-09-20 04:59:00'),
(1825, 6, 261, 'readonly', '2019-09-20 04:59:00', '2019-09-20 04:59:00'),
(1826, 6, 264, 'readonly', '2019-09-20 04:59:00', '2019-09-20 04:59:00'),
(1827, 6, 265, 'readonly', '2019-09-20 04:59:00', '2019-09-20 04:59:00'),
(1828, 6, 221, 'readonly', '2019-09-20 04:59:00', '2019-09-20 04:59:00'),
(1829, 6, 222, 'readonly', '2019-09-20 04:59:00', '2019-09-20 04:59:00'),
(1830, 6, 223, 'readonly', '2019-09-20 04:59:00', '2019-09-20 04:59:00'),
(1831, 6, 224, 'readonly', '2019-09-20 04:59:00', '2019-09-20 04:59:00'),
(1832, 6, 225, 'readonly', '2019-09-20 04:59:01', '2019-09-20 04:59:01'),
(1833, 6, 226, 'readonly', '2019-09-20 04:59:01', '2019-09-20 04:59:01'),
(1834, 6, 230, 'readonly', '2019-09-20 04:59:01', '2019-09-20 04:59:01'),
(1835, 6, 231, 'readonly', '2019-09-20 04:59:01', '2019-09-20 04:59:01'),
(1836, 6, 232, 'readonly', '2019-09-20 04:59:01', '2019-09-20 04:59:01'),
(1837, 6, 233, 'readonly', '2019-09-20 04:59:01', '2019-09-20 04:59:01'),
(1838, 6, 234, 'readonly', '2019-09-20 04:59:01', '2019-09-20 04:59:01'),
(1839, 6, 238, 'readonly', '2019-09-20 04:59:01', '2019-09-20 04:59:01'),
(1840, 6, 239, 'readonly', '2019-09-20 04:59:01', '2019-09-20 04:59:01'),
(1841, 6, 240, 'readonly', '2019-09-20 04:59:01', '2019-09-20 04:59:01'),
(1842, 6, 243, 'readonly', '2019-09-20 04:59:01', '2019-09-20 04:59:01'),
(1843, 6, 244, 'readonly', '2019-09-20 04:59:01', '2019-09-20 04:59:01'),
(1844, 6, 387, 'readonly', '2019-09-20 04:59:01', '2019-09-20 04:59:01'),
(1845, 6, 245, 'readonly', '2019-09-20 04:59:01', '2019-09-20 04:59:01'),
(1846, 6, 250, 'readonly', '2019-09-20 04:59:01', '2019-09-20 04:59:01'),
(1847, 6, 251, 'readonly', '2019-09-20 04:59:01', '2019-09-20 04:59:01'),
(1848, 6, 252, 'readonly', '2019-09-20 04:59:01', '2019-09-20 04:59:01'),
(1849, 6, 253, 'readonly', '2019-09-20 04:59:02', '2019-09-20 04:59:02'),
(1850, 6, 254, 'readonly', '2019-09-20 04:59:02', '2019-09-20 04:59:02'),
(1851, 6, 255, 'readonly', '2019-09-20 04:59:02', '2019-09-20 04:59:02'),
(1852, 6, 256, 'readonly', '2019-09-20 04:59:02', '2019-09-20 04:59:02'),
(1853, 6, 257, 'readonly', '2019-09-20 04:59:02', '2019-09-20 04:59:02'),
(1854, 6, 258, 'readonly', '2019-09-20 04:59:02', '2019-09-20 04:59:02'),
(1855, 6, 269, 'readonly', '2019-09-20 04:59:02', '2019-09-20 04:59:02'),
(1856, 6, 270, 'readonly', '2019-09-20 04:59:02', '2019-09-20 04:59:02'),
(1857, 6, 275, 'readonly', '2019-09-20 04:59:02', '2019-09-20 04:59:02'),
(1858, 6, 271, 'readonly', '2019-09-20 04:59:02', '2019-09-20 04:59:02'),
(1859, 6, 272, 'readonly', '2019-09-20 04:59:02', '2019-09-20 04:59:02'),
(1860, 6, 276, 'readonly', '2019-09-20 04:59:02', '2019-09-20 04:59:02'),
(1861, 6, 273, 'readonly', '2019-09-20 04:59:02', '2019-09-20 04:59:02'),
(1862, 6, 274, 'readonly', '2019-09-20 04:59:02', '2019-09-20 04:59:02'),
(1863, 6, 277, 'readonly', '2019-09-20 04:59:02', '2019-09-20 04:59:02'),
(1864, 6, 278, 'readonly', '2019-09-20 04:59:02', '2019-09-20 04:59:02'),
(1865, 6, 284, 'readonly', '2019-09-20 04:59:02', '2019-09-20 04:59:02'),
(1866, 6, 285, 'readonly', '2019-09-20 04:59:02', '2019-09-20 04:59:02'),
(1867, 6, 388, 'readonly', '2019-09-20 04:59:02', '2019-09-20 04:59:02'),
(1868, 6, 288, 'readonly', '2019-09-20 04:59:02', '2019-09-20 04:59:02'),
(1869, 6, 289, 'readonly', '2019-09-20 04:59:02', '2019-09-20 04:59:02'),
(1870, 6, 291, 'readonly', '2019-09-20 04:59:02', '2019-09-20 04:59:02'),
(1871, 6, 290, 'readonly', '2019-09-20 04:59:02', '2019-09-20 04:59:02'),
(1872, 6, 292, 'readonly', '2019-09-20 04:59:02', '2019-09-20 04:59:02'),
(1873, 6, 293, 'readonly', '2019-09-20 04:59:02', '2019-09-20 04:59:02'),
(1874, 6, 294, 'readonly', '2019-09-20 04:59:03', '2019-09-20 04:59:03'),
(1875, 6, 295, 'readonly', '2019-09-20 04:59:03', '2019-09-20 04:59:03'),
(1876, 6, 296, 'readonly', '2019-09-20 04:59:03', '2019-09-20 04:59:03'),
(1877, 6, 297, 'readonly', '2019-09-20 04:59:03', '2019-09-20 04:59:03'),
(1878, 6, 298, 'readonly', '2019-09-20 04:59:03', '2019-09-20 04:59:03'),
(1879, 6, 299, 'readonly', '2019-09-20 04:59:03', '2019-09-20 04:59:03'),
(1880, 6, 300, 'readonly', '2019-09-20 04:59:03', '2019-09-20 04:59:03'),
(1881, 6, 301, 'readonly', '2019-09-20 04:59:03', '2019-09-20 04:59:03'),
(1882, 6, 302, 'readonly', '2019-09-20 04:59:03', '2019-09-20 04:59:03'),
(1883, 6, 303, 'readonly', '2019-09-20 04:59:03', '2019-09-20 04:59:03'),
(1884, 6, 304, 'readonly', '2019-09-20 04:59:03', '2019-09-20 04:59:03'),
(1885, 6, 305, 'readonly', '2019-09-20 04:59:03', '2019-09-20 04:59:03'),
(1886, 6, 308, 'readonly', '2019-09-20 04:59:03', '2019-09-20 04:59:03'),
(1887, 6, 309, 'readonly', '2019-09-20 04:59:03', '2019-09-20 04:59:03'),
(1888, 6, 310, 'readonly', '2019-09-20 04:59:03', '2019-09-20 04:59:03'),
(1889, 6, 311, 'readonly', '2019-09-20 04:59:03', '2019-09-20 04:59:03'),
(1890, 6, 312, 'readonly', '2019-09-20 04:59:03', '2019-09-20 04:59:03'),
(1891, 6, 313, 'readonly', '2019-09-20 04:59:03', '2019-09-20 04:59:03'),
(1892, 6, 314, 'readonly', '2019-09-20 04:59:03', '2019-09-20 04:59:03'),
(1893, 6, 315, 'readonly', '2019-09-20 04:59:03', '2019-09-20 04:59:03'),
(1894, 6, 316, 'readonly', '2019-09-20 04:59:03', '2019-09-20 04:59:03'),
(1895, 6, 317, 'readonly', '2019-09-20 04:59:03', '2019-09-20 04:59:03'),
(1896, 6, 318, 'readonly', '2019-09-20 04:59:03', '2019-09-20 04:59:03'),
(1897, 6, 319, 'readonly', '2019-09-20 04:59:03', '2019-09-20 04:59:03'),
(1898, 6, 320, 'readonly', '2019-09-20 04:59:03', '2019-09-20 04:59:03'),
(1899, 6, 321, 'readonly', '2019-09-20 04:59:03', '2019-09-20 04:59:03'),
(1900, 6, 322, 'readonly', '2019-09-20 04:59:03', '2019-09-20 04:59:03'),
(1901, 6, 323, 'readonly', '2019-09-20 04:59:03', '2019-09-20 04:59:03'),
(1902, 6, 324, 'readonly', '2019-09-20 04:59:03', '2019-09-20 04:59:03'),
(1903, 6, 368, 'readonly', '2019-09-20 04:59:03', '2019-09-20 04:59:03'),
(1904, 6, 340, 'readonly', '2019-09-20 04:59:04', '2019-09-20 04:59:04'),
(1905, 6, 341, 'readonly', '2019-09-20 04:59:04', '2019-09-20 04:59:04'),
(1906, 6, 342, 'readonly', '2019-09-20 04:59:04', '2019-09-20 04:59:04'),
(1907, 6, 343, 'readonly', '2019-09-20 04:59:04', '2019-09-20 04:59:04'),
(1908, 6, 344, 'readonly', '2019-09-20 04:59:04', '2019-09-20 04:59:04'),
(1909, 6, 345, 'readonly', '2019-09-20 04:59:04', '2019-09-20 04:59:04'),
(1910, 6, 346, 'readonly', '2019-09-20 04:59:04', '2019-09-20 04:59:04'),
(1911, 6, 347, 'readonly', '2019-09-20 04:59:04', '2019-09-20 04:59:04'),
(1912, 6, 348, 'readonly', '2019-09-20 04:59:04', '2019-09-20 04:59:04'),
(1913, 6, 349, 'readonly', '2019-09-20 04:59:04', '2019-09-20 04:59:04'),
(1914, 6, 350, 'readonly', '2019-09-20 04:59:04', '2019-09-20 04:59:04'),
(1915, 6, 351, 'readonly', '2019-09-20 04:59:04', '2019-09-20 04:59:04'),
(1916, 6, 352, 'readonly', '2019-09-20 04:59:04', '2019-09-20 04:59:04'),
(1917, 6, 353, 'readonly', '2019-09-20 04:59:04', '2019-09-20 04:59:04'),
(1918, 6, 354, 'readonly', '2019-09-20 04:59:04', '2019-09-20 04:59:04'),
(1919, 6, 359, 'readonly', '2019-09-20 04:59:04', '2019-09-20 04:59:04'),
(1920, 6, 361, 'readonly', '2019-09-20 04:59:04', '2019-09-20 04:59:04'),
(1921, 6, 366, 'readonly', '2019-09-20 04:59:04', '2019-09-20 04:59:04'),
(1922, 6, 367, 'readonly', '2019-09-20 04:59:04', '2019-09-20 04:59:04'),
(1923, 6, 373, 'readonly', '2019-09-20 04:59:04', '2019-09-20 04:59:04'),
(1924, 6, 374, 'readonly', '2019-09-20 04:59:04', '2019-09-20 04:59:04'),
(1925, 6, 375, 'readonly', '2019-09-20 04:59:04', '2019-09-20 04:59:04'),
(1926, 6, 376, 'readonly', '2019-09-20 04:59:04', '2019-09-20 04:59:04'),
(1927, 6, 377, 'readonly', '2019-09-20 04:59:04', '2019-09-20 04:59:04'),
(1928, 6, 378, 'readonly', '2019-09-20 04:59:04', '2019-09-20 04:59:04'),
(1929, 6, 379, 'readonly', '2019-09-20 04:59:04', '2019-09-20 04:59:04'),
(1930, 6, 380, 'readonly', '2019-09-20 04:59:04', '2019-09-20 04:59:04'),
(1931, 6, 381, 'readonly', '2019-09-20 04:59:04', '2019-09-20 04:59:04'),
(1932, 6, 382, 'readonly', '2019-09-20 04:59:04', '2019-09-20 04:59:04'),
(1933, 6, 391, 'readonly', '2019-09-20 04:59:04', '2019-09-20 04:59:04'),
(1934, 6, 390, 'readonly', '2019-09-20 04:59:05', '2019-09-20 04:59:05'),
(1935, 6, 393, 'readonly', '2019-09-20 04:59:05', '2019-09-20 04:59:05'),
(1936, 7, 1, 'readonly', '2019-09-20 05:01:22', '2019-09-20 05:01:22'),
(1937, 7, 2, 'readonly', '2019-09-20 05:01:22', '2019-09-20 05:01:22'),
(1938, 7, 3, 'readonly', '2019-09-20 05:01:22', '2019-09-20 05:01:22'),
(1939, 7, 4, 'readonly', '2019-09-20 05:01:22', '2019-09-20 05:01:22'),
(1940, 7, 5, 'readonly', '2019-09-20 05:01:22', '2019-09-20 05:01:22'),
(1941, 7, 384, 'readonly', '2019-09-20 05:01:22', '2019-09-20 05:01:22'),
(1942, 7, 6, 'readonly', '2019-09-20 05:01:22', '2019-09-20 05:01:22'),
(1943, 7, 7, 'readonly', '2019-09-20 05:01:22', '2019-09-20 05:01:22'),
(1944, 7, 8, 'readonly', '2019-09-20 05:01:22', '2019-09-20 05:01:22'),
(1945, 7, 9, 'readonly', '2019-09-20 05:01:22', '2019-09-20 05:01:22'),
(1946, 7, 10, 'readonly', '2019-09-20 05:01:22', '2019-09-20 05:01:22'),
(1947, 7, 11, 'readonly', '2019-09-20 05:01:22', '2019-09-20 05:01:22'),
(1948, 7, 12, 'readonly', '2019-09-20 05:01:22', '2019-09-20 05:01:22'),
(1949, 7, 13, 'readonly', '2019-09-20 05:01:23', '2019-09-20 05:01:23'),
(1950, 7, 14, 'readonly', '2019-09-20 05:01:23', '2019-09-20 05:01:23'),
(1951, 7, 15, 'readonly', '2019-09-20 05:01:23', '2019-09-20 05:01:23'),
(1952, 7, 16, 'readonly', '2019-09-20 05:01:23', '2019-09-20 05:01:23'),
(1953, 7, 17, 'readonly', '2019-09-20 05:01:23', '2019-09-20 05:01:23'),
(1954, 7, 18, 'readonly', '2019-09-20 05:01:23', '2019-09-20 05:01:23'),
(1955, 7, 19, 'readonly', '2019-09-20 05:01:23', '2019-09-20 05:01:23'),
(1956, 7, 20, 'readonly', '2019-09-20 05:01:23', '2019-09-20 05:01:23'),
(1957, 7, 21, 'readonly', '2019-09-20 05:01:23', '2019-09-20 05:01:23'),
(1958, 7, 22, 'readonly', '2019-09-20 05:01:23', '2019-09-20 05:01:23'),
(1959, 7, 23, 'readonly', '2019-09-20 05:01:23', '2019-09-20 05:01:23'),
(1960, 7, 24, 'readonly', '2019-09-20 05:01:23', '2019-09-20 05:01:23'),
(1961, 7, 25, 'readonly', '2019-09-20 05:01:23', '2019-09-20 05:01:23'),
(1962, 7, 26, 'readonly', '2019-09-20 05:01:23', '2019-09-20 05:01:23'),
(1963, 7, 27, 'readonly', '2019-09-20 05:01:23', '2019-09-20 05:01:23'),
(1964, 7, 28, 'readonly', '2019-09-20 05:01:23', '2019-09-20 05:01:23'),
(1965, 7, 29, 'readonly', '2019-09-20 05:01:23', '2019-09-20 05:01:23'),
(1966, 7, 30, 'readonly', '2019-09-20 05:01:23', '2019-09-20 05:01:23'),
(1967, 7, 31, 'readonly', '2019-09-20 05:01:23', '2019-09-20 05:01:23'),
(1968, 7, 32, 'readonly', '2019-09-20 05:01:23', '2019-09-20 05:01:23'),
(1969, 7, 33, 'readonly', '2019-09-20 05:01:23', '2019-09-20 05:01:23'),
(1970, 7, 34, 'readonly', '2019-09-20 05:01:23', '2019-09-20 05:01:23'),
(1971, 7, 35, 'readonly', '2019-09-20 05:01:23', '2019-09-20 05:01:23'),
(1972, 7, 36, 'readonly', '2019-09-20 05:01:23', '2019-09-20 05:01:23'),
(1973, 7, 37, 'readonly', '2019-09-20 05:01:23', '2019-09-20 05:01:23'),
(1974, 7, 38, 'readonly', '2019-09-20 05:01:24', '2019-09-20 05:01:24'),
(1975, 7, 39, 'readonly', '2019-09-20 05:01:24', '2019-09-20 05:01:24'),
(1976, 7, 40, 'readonly', '2019-09-20 05:01:24', '2019-09-20 05:01:24'),
(1977, 7, 41, 'readonly', '2019-09-20 05:01:24', '2019-09-20 05:01:24'),
(1978, 7, 42, 'readonly', '2019-09-20 05:01:24', '2019-09-20 05:01:24'),
(1979, 7, 43, 'readonly', '2019-09-20 05:01:24', '2019-09-20 05:01:24'),
(1980, 7, 44, 'readonly', '2019-09-20 05:01:24', '2019-09-20 05:01:24'),
(1981, 7, 45, 'readonly', '2019-09-20 05:01:24', '2019-09-20 05:01:24'),
(1982, 7, 46, 'readonly', '2019-09-20 05:01:24', '2019-09-20 05:01:24'),
(1983, 7, 47, 'readonly', '2019-09-20 05:01:24', '2019-09-20 05:01:24'),
(1984, 7, 48, 'readonly', '2019-09-20 05:01:24', '2019-09-20 05:01:24'),
(1985, 7, 49, 'readonly', '2019-09-20 05:01:24', '2019-09-20 05:01:24'),
(1986, 7, 50, 'readonly', '2019-09-20 05:01:24', '2019-09-20 05:01:24'),
(1987, 7, 51, 'readonly', '2019-09-20 05:01:24', '2019-09-20 05:01:24'),
(1988, 7, 52, 'readonly', '2019-09-20 05:01:24', '2019-09-20 05:01:24'),
(1989, 7, 53, 'readonly', '2019-09-20 05:01:24', '2019-09-20 05:01:24'),
(1990, 7, 54, 'readonly', '2019-09-20 05:01:24', '2019-09-20 05:01:24'),
(1991, 7, 55, 'readonly', '2019-09-20 05:01:24', '2019-09-20 05:01:24'),
(1992, 7, 56, 'readonly', '2019-09-20 05:01:24', '2019-09-20 05:01:24'),
(1993, 7, 57, 'readonly', '2019-09-20 05:01:24', '2019-09-20 05:01:24'),
(1994, 7, 58, 'readonly', '2019-09-20 05:01:24', '2019-09-20 05:01:24'),
(1995, 7, 59, 'readonly', '2019-09-20 05:01:24', '2019-09-20 05:01:24'),
(1996, 7, 60, 'readonly', '2019-09-20 05:01:24', '2019-09-20 05:01:24'),
(1997, 7, 61, 'readonly', '2019-09-20 05:01:24', '2019-09-20 05:01:24'),
(1998, 7, 62, 'readonly', '2019-09-20 05:01:24', '2019-09-20 05:01:24'),
(1999, 7, 63, 'readonly', '2019-09-20 05:01:24', '2019-09-20 05:01:24'),
(2000, 7, 64, 'readonly', '2019-09-20 05:01:24', '2019-09-20 05:01:24'),
(2001, 7, 65, 'readonly', '2019-09-20 05:01:24', '2019-09-20 05:01:24'),
(2002, 7, 66, 'readonly', '2019-09-20 05:01:25', '2019-09-20 05:01:25'),
(2003, 7, 67, 'readonly', '2019-09-20 05:01:25', '2019-09-20 05:01:25'),
(2004, 7, 68, 'readonly', '2019-09-20 05:01:25', '2019-09-20 05:01:25'),
(2005, 7, 69, 'readonly', '2019-09-20 05:01:25', '2019-09-20 05:01:25'),
(2006, 7, 282, 'readonly', '2019-09-20 05:01:25', '2019-09-20 05:01:25'),
(2007, 7, 70, 'readonly', '2019-09-20 05:01:25', '2019-09-20 05:01:25'),
(2008, 7, 385, 'readonly', '2019-09-20 05:01:25', '2019-09-20 05:01:25'),
(2009, 7, 71, 'readonly', '2019-09-20 05:01:25', '2019-09-20 05:01:25'),
(2010, 7, 283, 'readonly', '2019-09-20 05:01:25', '2019-09-20 05:01:25'),
(2011, 7, 73, 'readonly', '2019-09-20 05:01:25', '2019-09-20 05:01:25'),
(2012, 7, 386, 'readonly', '2019-09-20 05:01:25', '2019-09-20 05:01:25'),
(2013, 7, 74, 'readonly', '2019-09-20 05:01:25', '2019-09-20 05:01:25'),
(2014, 7, 75, 'readonly', '2019-09-20 05:01:25', '2019-09-20 05:01:25'),
(2015, 7, 76, 'readonly', '2019-09-20 05:01:25', '2019-09-20 05:01:25'),
(2016, 7, 77, 'readonly', '2019-09-20 05:01:25', '2019-09-20 05:01:25'),
(2017, 7, 78, 'readonly', '2019-09-20 05:01:25', '2019-09-20 05:01:25'),
(2018, 7, 80, 'readonly', '2019-09-20 05:01:25', '2019-09-20 05:01:25'),
(2019, 7, 79, 'readonly', '2019-09-20 05:01:25', '2019-09-20 05:01:25'),
(2020, 7, 81, 'readonly', '2019-09-20 05:01:25', '2019-09-20 05:01:25'),
(2021, 7, 82, 'readonly', '2019-09-20 05:01:25', '2019-09-20 05:01:25'),
(2022, 7, 83, 'readonly', '2019-09-20 05:01:25', '2019-09-20 05:01:25'),
(2023, 7, 84, 'readonly', '2019-09-20 05:01:25', '2019-09-20 05:01:25'),
(2024, 7, 85, 'readonly', '2019-09-20 05:01:25', '2019-09-20 05:01:25'),
(2025, 7, 86, 'readonly', '2019-09-20 05:01:25', '2019-09-20 05:01:25'),
(2026, 7, 394, 'readonly', '2019-09-20 05:01:25', '2019-09-20 05:01:25'),
(2027, 7, 149, 'readonly', '2019-09-20 05:01:25', '2019-09-20 05:01:25'),
(2028, 7, 171, 'readonly', '2019-09-20 05:01:25', '2019-09-20 05:01:25'),
(2029, 7, 87, 'readonly', '2019-09-20 05:01:25', '2019-09-20 05:01:25'),
(2030, 7, 88, 'readonly', '2019-09-20 05:01:25', '2019-09-20 05:01:25'),
(2031, 7, 90, 'readonly', '2019-09-20 05:01:25', '2019-09-20 05:01:25'),
(2032, 7, 92, 'readonly', '2019-09-20 05:01:25', '2019-09-20 05:01:25'),
(2033, 7, 91, 'readonly', '2019-09-20 05:01:25', '2019-09-20 05:01:25'),
(2034, 7, 93, 'readonly', '2019-09-20 05:01:25', '2019-09-20 05:01:25'),
(2035, 7, 94, 'readonly', '2019-09-20 05:01:25', '2019-09-20 05:01:25'),
(2036, 7, 95, 'readonly', '2019-09-20 05:01:25', '2019-09-20 05:01:25'),
(2037, 7, 96, 'readonly', '2019-09-20 05:01:25', '2019-09-20 05:01:25'),
(2038, 7, 97, 'readonly', '2019-09-20 05:01:25', '2019-09-20 05:01:25'),
(2039, 7, 98, 'readonly', '2019-09-20 05:01:25', '2019-09-20 05:01:25'),
(2040, 7, 143, 'readonly', '2019-09-20 05:01:25', '2019-09-20 05:01:25'),
(2041, 7, 99, 'readonly', '2019-09-20 05:01:26', '2019-09-20 05:01:26'),
(2042, 7, 100, 'readonly', '2019-09-20 05:01:26', '2019-09-20 05:01:26'),
(2043, 7, 101, 'readonly', '2019-09-20 05:01:26', '2019-09-20 05:01:26'),
(2044, 7, 102, 'readonly', '2019-09-20 05:01:26', '2019-09-20 05:01:26'),
(2045, 7, 103, 'readonly', '2019-09-20 05:01:26', '2019-09-20 05:01:26'),
(2046, 7, 104, 'readonly', '2019-09-20 05:01:26', '2019-09-20 05:01:26'),
(2047, 7, 287, 'readonly', '2019-09-20 05:01:26', '2019-09-20 05:01:26'),
(2048, 7, 355, 'readonly', '2019-09-20 05:01:26', '2019-09-20 05:01:26'),
(2049, 7, 356, 'readonly', '2019-09-20 05:01:26', '2019-09-20 05:01:26'),
(2050, 7, 357, 'readonly', '2019-09-20 05:01:26', '2019-09-20 05:01:26'),
(2051, 7, 358, 'readonly', '2019-09-20 05:01:26', '2019-09-20 05:01:26'),
(2052, 7, 362, 'readonly', '2019-09-20 05:01:26', '2019-09-20 05:01:26'),
(2053, 7, 107, 'readonly', '2019-09-20 05:01:26', '2019-09-20 05:01:26'),
(2054, 7, 108, 'readonly', '2019-09-20 05:01:26', '2019-09-20 05:01:26'),
(2055, 7, 109, 'readonly', '2019-09-20 05:01:26', '2019-09-20 05:01:26'),
(2056, 7, 365, 'readonly', '2019-09-20 05:01:26', '2019-09-20 05:01:26'),
(2057, 7, 110, 'readonly', '2019-09-20 05:01:26', '2019-09-20 05:01:26'),
(2058, 7, 111, 'readonly', '2019-09-20 05:01:26', '2019-09-20 05:01:26'),
(2059, 7, 112, 'readonly', '2019-09-20 05:01:26', '2019-09-20 05:01:26'),
(2060, 7, 113, 'readonly', '2019-09-20 05:01:26', '2019-09-20 05:01:26'),
(2061, 7, 114, 'readonly', '2019-09-20 05:01:26', '2019-09-20 05:01:26'),
(2062, 7, 115, 'readonly', '2019-09-20 05:01:26', '2019-09-20 05:01:26'),
(2063, 7, 116, 'readonly', '2019-09-20 05:01:26', '2019-09-20 05:01:26'),
(2064, 7, 203, 'readonly', '2019-09-20 05:01:26', '2019-09-20 05:01:26'),
(2065, 7, 279, 'readonly', '2019-09-20 05:01:27', '2019-09-20 05:01:27'),
(2066, 7, 228, 'readonly', '2019-09-20 05:01:27', '2019-09-20 05:01:27'),
(2067, 7, 246, 'readonly', '2019-09-20 05:01:27', '2019-09-20 05:01:27'),
(2068, 7, 247, 'readonly', '2019-09-20 05:01:27', '2019-09-20 05:01:27'),
(2069, 7, 167, 'readonly', '2019-09-20 05:01:27', '2019-09-20 05:01:27'),
(2070, 7, 118, 'readonly', '2019-09-20 05:01:27', '2019-09-20 05:01:27'),
(2071, 7, 119, 'readonly', '2019-09-20 05:01:27', '2019-09-20 05:01:27'),
(2072, 7, 120, 'readonly', '2019-09-20 05:01:27', '2019-09-20 05:01:27'),
(2073, 7, 121, 'readonly', '2019-09-20 05:01:27', '2019-09-20 05:01:27'),
(2074, 7, 122, 'readonly', '2019-09-20 05:01:27', '2019-09-20 05:01:27'),
(2075, 7, 123, 'readonly', '2019-09-20 05:01:27', '2019-09-20 05:01:27'),
(2076, 7, 124, 'readonly', '2019-09-20 05:01:27', '2019-09-20 05:01:27'),
(2077, 7, 117, 'readonly', '2019-09-20 05:01:27', '2019-09-20 05:01:27'),
(2078, 7, 125, 'readonly', '2019-09-20 05:01:27', '2019-09-20 05:01:27'),
(2079, 7, 126, 'readonly', '2019-09-20 05:01:27', '2019-09-20 05:01:27'),
(2080, 7, 266, 'readonly', '2019-09-20 05:01:27', '2019-09-20 05:01:27'),
(2081, 7, 383, 'readonly', '2019-09-20 05:01:27', '2019-09-20 05:01:27'),
(2082, 7, 148, 'readonly', '2019-09-20 05:01:27', '2019-09-20 05:01:27'),
(2083, 7, 241, 'readonly', '2019-09-20 05:01:27', '2019-09-20 05:01:27'),
(2084, 7, 242, 'readonly', '2019-09-20 05:01:27', '2019-09-20 05:01:27'),
(2085, 7, 127, 'readonly', '2019-09-20 05:01:27', '2019-09-20 05:01:27'),
(2086, 7, 128, 'readonly', '2019-09-20 05:01:27', '2019-09-20 05:01:27'),
(2087, 7, 129, 'readonly', '2019-09-20 05:01:27', '2019-09-20 05:01:27'),
(2088, 7, 130, 'readonly', '2019-09-20 05:01:27', '2019-09-20 05:01:27'),
(2089, 7, 131, 'readonly', '2019-09-20 05:01:27', '2019-09-20 05:01:27'),
(2090, 7, 132, 'readonly', '2019-09-20 05:01:27', '2019-09-20 05:01:27'),
(2091, 7, 133, 'readonly', '2019-09-20 05:01:27', '2019-09-20 05:01:27'),
(2092, 7, 134, 'readonly', '2019-09-20 05:01:27', '2019-09-20 05:01:27'),
(2093, 7, 135, 'readonly', '2019-09-20 05:01:27', '2019-09-20 05:01:27'),
(2094, 7, 138, 'readonly', '2019-09-20 05:01:27', '2019-09-20 05:01:27'),
(2095, 7, 136, 'readonly', '2019-09-20 05:01:27', '2019-09-20 05:01:27'),
(2096, 7, 137, 'readonly', '2019-09-20 05:01:27', '2019-09-20 05:01:27'),
(2097, 7, 139, 'readonly', '2019-09-20 05:01:27', '2019-09-20 05:01:27'),
(2098, 7, 140, 'readonly', '2019-09-20 05:01:27', '2019-09-20 05:01:27'),
(2099, 7, 141, 'readonly', '2019-09-20 05:01:27', '2019-09-20 05:01:27'),
(2100, 7, 142, 'readonly', '2019-09-20 05:01:27', '2019-09-20 05:01:27'),
(2101, 7, 144, 'readonly', '2019-09-20 05:01:28', '2019-09-20 05:01:28'),
(2102, 7, 145, 'readonly', '2019-09-20 05:01:28', '2019-09-20 05:01:28'),
(2103, 7, 146, 'readonly', '2019-09-20 05:01:28', '2019-09-20 05:01:28'),
(2104, 7, 147, 'readonly', '2019-09-20 05:01:28', '2019-09-20 05:01:28'),
(2105, 7, 150, 'readonly', '2019-09-20 05:01:28', '2019-09-20 05:01:28'),
(2106, 7, 151, 'readonly', '2019-09-20 05:01:28', '2019-09-20 05:01:28'),
(2107, 7, 152, 'readonly', '2019-09-20 05:01:28', '2019-09-20 05:01:28'),
(2108, 7, 153, 'readonly', '2019-09-20 05:01:28', '2019-09-20 05:01:28'),
(2109, 7, 155, 'readonly', '2019-09-20 05:01:28', '2019-09-20 05:01:28'),
(2110, 7, 156, 'readonly', '2019-09-20 05:01:28', '2019-09-20 05:01:28'),
(2111, 7, 157, 'readonly', '2019-09-20 05:01:28', '2019-09-20 05:01:28'),
(2112, 7, 169, 'readonly', '2019-09-20 05:01:28', '2019-09-20 05:01:28'),
(2113, 7, 158, 'readonly', '2019-09-20 05:01:29', '2019-09-20 05:01:29'),
(2114, 7, 159, 'readonly', '2019-09-20 05:01:29', '2019-09-20 05:01:29'),
(2115, 7, 160, 'readonly', '2019-09-20 05:01:29', '2019-09-20 05:01:29'),
(2116, 7, 161, 'readonly', '2019-09-20 05:01:29', '2019-09-20 05:01:29'),
(2117, 7, 162, 'readonly', '2019-09-20 05:01:29', '2019-09-20 05:01:29'),
(2118, 7, 163, 'readonly', '2019-09-20 05:01:29', '2019-09-20 05:01:29'),
(2119, 7, 164, 'readonly', '2019-09-20 05:01:29', '2019-09-20 05:01:29'),
(2120, 7, 165, 'readonly', '2019-09-20 05:01:29', '2019-09-20 05:01:29'),
(2121, 7, 166, 'readonly', '2019-09-20 05:01:29', '2019-09-20 05:01:29'),
(2122, 7, 168, 'readonly', '2019-09-20 05:01:29', '2019-09-20 05:01:29'),
(2123, 7, 389, 'readonly', '2019-09-20 05:01:29', '2019-09-20 05:01:29'),
(2124, 7, 392, 'readonly', '2019-09-20 05:01:29', '2019-09-20 05:01:29'),
(2125, 7, 172, 'readonly', '2019-09-20 05:01:29', '2019-09-20 05:01:29'),
(2126, 7, 173, 'readonly', '2019-09-20 05:01:29', '2019-09-20 05:01:29'),
(2127, 7, 174, 'readonly', '2019-09-20 05:01:29', '2019-09-20 05:01:29'),
(2128, 7, 360, 'readonly', '2019-09-20 05:01:29', '2019-09-20 05:01:29'),
(2129, 7, 363, 'readonly', '2019-09-20 05:01:29', '2019-09-20 05:01:29'),
(2130, 7, 175, 'readonly', '2019-09-20 05:01:29', '2019-09-20 05:01:29'),
(2131, 7, 176, 'readonly', '2019-09-20 05:01:29', '2019-09-20 05:01:29'),
(2132, 7, 177, 'readonly', '2019-09-20 05:01:29', '2019-09-20 05:01:29'),
(2133, 7, 178, 'readonly', '2019-09-20 05:01:29', '2019-09-20 05:01:29'),
(2134, 7, 179, 'readonly', '2019-09-20 05:01:29', '2019-09-20 05:01:29'),
(2135, 7, 180, 'readonly', '2019-09-20 05:01:29', '2019-09-20 05:01:29'),
(2136, 7, 181, 'readonly', '2019-09-20 05:01:29', '2019-09-20 05:01:29'),
(2137, 7, 182, 'readonly', '2019-09-20 05:01:29', '2019-09-20 05:01:29'),
(2138, 7, 183, 'readonly', '2019-09-20 05:01:29', '2019-09-20 05:01:29'),
(2139, 7, 184, 'readonly', '2019-09-20 05:01:29', '2019-09-20 05:01:29'),
(2140, 7, 185, 'readonly', '2019-09-20 05:01:29', '2019-09-20 05:01:29'),
(2141, 7, 186, 'readonly', '2019-09-20 05:01:29', '2019-09-20 05:01:29'),
(2142, 7, 187, 'readonly', '2019-09-20 05:01:29', '2019-09-20 05:01:29'),
(2143, 7, 200, 'readonly', '2019-09-20 05:01:29', '2019-09-20 05:01:29'),
(2144, 7, 364, 'readonly', '2019-09-20 05:01:30', '2019-09-20 05:01:30'),
(2145, 7, 202, 'readonly', '2019-09-20 05:01:30', '2019-09-20 05:01:30'),
(2146, 7, 188, 'readonly', '2019-09-20 05:01:30', '2019-09-20 05:01:30'),
(2147, 7, 189, 'readonly', '2019-09-20 05:01:30', '2019-09-20 05:01:30'),
(2148, 7, 190, 'readonly', '2019-09-20 05:01:30', '2019-09-20 05:01:30'),
(2149, 7, 191, 'readonly', '2019-09-20 05:01:30', '2019-09-20 05:01:30'),
(2150, 7, 192, 'readonly', '2019-09-20 05:01:30', '2019-09-20 05:01:30'),
(2151, 7, 193, 'readonly', '2019-09-20 05:01:30', '2019-09-20 05:01:30'),
(2152, 7, 194, 'readonly', '2019-09-20 05:01:30', '2019-09-20 05:01:30'),
(2153, 7, 195, 'readonly', '2019-09-20 05:01:30', '2019-09-20 05:01:30'),
(2154, 7, 196, 'readonly', '2019-09-20 05:01:30', '2019-09-20 05:01:30'),
(2155, 7, 197, 'readonly', '2019-09-20 05:01:30', '2019-09-20 05:01:30'),
(2156, 7, 198, 'readonly', '2019-09-20 05:01:30', '2019-09-20 05:01:30'),
(2157, 7, 199, 'readonly', '2019-09-20 05:01:30', '2019-09-20 05:01:30'),
(2158, 7, 201, 'readonly', '2019-09-20 05:01:30', '2019-09-20 05:01:30'),
(2159, 7, 262, 'readonly', '2019-09-20 05:01:30', '2019-09-20 05:01:30'),
(2160, 7, 263, 'readonly', '2019-09-20 05:01:30', '2019-09-20 05:01:30');
INSERT INTO `role_module_fields` (`id`, `role_id`, `field_id`, `access`, `created_at`, `updated_at`) VALUES
(2161, 7, 267, 'readonly', '2019-09-20 05:01:30', '2019-09-20 05:01:30'),
(2162, 7, 280, 'readonly', '2019-09-20 05:01:30', '2019-09-20 05:01:30'),
(2163, 7, 204, 'readonly', '2019-09-20 05:01:30', '2019-09-20 05:01:30'),
(2164, 7, 205, 'readonly', '2019-09-20 05:01:30', '2019-09-20 05:01:30'),
(2165, 7, 206, 'readonly', '2019-09-20 05:01:30', '2019-09-20 05:01:30'),
(2166, 7, 207, 'readonly', '2019-09-20 05:01:30', '2019-09-20 05:01:30'),
(2167, 7, 208, 'readonly', '2019-09-20 05:01:30', '2019-09-20 05:01:30'),
(2168, 7, 209, 'readonly', '2019-09-20 05:01:30', '2019-09-20 05:01:30'),
(2169, 7, 227, 'readonly', '2019-09-20 05:01:30', '2019-09-20 05:01:30'),
(2170, 7, 248, 'readonly', '2019-09-20 05:01:30', '2019-09-20 05:01:30'),
(2171, 7, 259, 'readonly', '2019-09-20 05:01:31', '2019-09-20 05:01:31'),
(2172, 7, 268, 'readonly', '2019-09-20 05:01:31', '2019-09-20 05:01:31'),
(2173, 7, 281, 'readonly', '2019-09-20 05:01:31', '2019-09-20 05:01:31'),
(2174, 7, 211, 'readonly', '2019-09-20 05:01:31', '2019-09-20 05:01:31'),
(2175, 7, 212, 'readonly', '2019-09-20 05:01:31', '2019-09-20 05:01:31'),
(2176, 7, 213, 'readonly', '2019-09-20 05:01:31', '2019-09-20 05:01:31'),
(2177, 7, 214, 'readonly', '2019-09-20 05:01:31', '2019-09-20 05:01:31'),
(2178, 7, 215, 'readonly', '2019-09-20 05:01:31', '2019-09-20 05:01:31'),
(2179, 7, 216, 'readonly', '2019-09-20 05:01:31', '2019-09-20 05:01:31'),
(2180, 7, 217, 'readonly', '2019-09-20 05:01:31', '2019-09-20 05:01:31'),
(2181, 7, 218, 'readonly', '2019-09-20 05:01:31', '2019-09-20 05:01:31'),
(2182, 7, 219, 'readonly', '2019-09-20 05:01:31', '2019-09-20 05:01:31'),
(2183, 7, 220, 'readonly', '2019-09-20 05:01:31', '2019-09-20 05:01:31'),
(2184, 7, 229, 'readonly', '2019-09-20 05:01:31', '2019-09-20 05:01:31'),
(2185, 7, 249, 'readonly', '2019-09-20 05:01:31', '2019-09-20 05:01:31'),
(2186, 7, 260, 'readonly', '2019-09-20 05:01:31', '2019-09-20 05:01:31'),
(2187, 7, 261, 'readonly', '2019-09-20 05:01:31', '2019-09-20 05:01:31'),
(2188, 7, 264, 'readonly', '2019-09-20 05:01:31', '2019-09-20 05:01:31'),
(2189, 7, 265, 'readonly', '2019-09-20 05:01:31', '2019-09-20 05:01:31'),
(2190, 7, 221, 'readonly', '2019-09-20 05:01:31', '2019-09-20 05:01:31'),
(2191, 7, 222, 'readonly', '2019-09-20 05:01:31', '2019-09-20 05:01:31'),
(2192, 7, 223, 'readonly', '2019-09-20 05:01:31', '2019-09-20 05:01:31'),
(2193, 7, 224, 'readonly', '2019-09-20 05:01:31', '2019-09-20 05:01:31'),
(2194, 7, 225, 'readonly', '2019-09-20 05:01:31', '2019-09-20 05:01:31'),
(2195, 7, 226, 'readonly', '2019-09-20 05:01:31', '2019-09-20 05:01:31'),
(2196, 7, 230, 'readonly', '2019-09-20 05:01:31', '2019-09-20 05:01:31'),
(2197, 7, 231, 'readonly', '2019-09-20 05:01:31', '2019-09-20 05:01:31'),
(2198, 7, 232, 'readonly', '2019-09-20 05:01:31', '2019-09-20 05:01:31'),
(2199, 7, 233, 'readonly', '2019-09-20 05:01:32', '2019-09-20 05:01:32'),
(2200, 7, 234, 'readonly', '2019-09-20 05:01:32', '2019-09-20 05:01:32'),
(2201, 7, 238, 'readonly', '2019-09-20 05:01:32', '2019-09-20 05:01:32'),
(2202, 7, 239, 'readonly', '2019-09-20 05:01:32', '2019-09-20 05:01:32'),
(2203, 7, 240, 'readonly', '2019-09-20 05:01:32', '2019-09-20 05:01:32'),
(2204, 7, 243, 'readonly', '2019-09-20 05:01:32', '2019-09-20 05:01:32'),
(2205, 7, 244, 'readonly', '2019-09-20 05:01:32', '2019-09-20 05:01:32'),
(2206, 7, 387, 'readonly', '2019-09-20 05:01:32', '2019-09-20 05:01:32'),
(2207, 7, 245, 'readonly', '2019-09-20 05:01:32', '2019-09-20 05:01:32'),
(2208, 7, 250, 'readonly', '2019-09-20 05:01:32', '2019-09-20 05:01:32'),
(2209, 7, 251, 'readonly', '2019-09-20 05:01:32', '2019-09-20 05:01:32'),
(2210, 7, 252, 'readonly', '2019-09-20 05:01:32', '2019-09-20 05:01:32'),
(2211, 7, 253, 'readonly', '2019-09-20 05:01:32', '2019-09-20 05:01:32'),
(2212, 7, 254, 'readonly', '2019-09-20 05:01:32', '2019-09-20 05:01:32'),
(2213, 7, 255, 'readonly', '2019-09-20 05:01:32', '2019-09-20 05:01:32'),
(2214, 7, 256, 'readonly', '2019-09-20 05:01:32', '2019-09-20 05:01:32'),
(2215, 7, 257, 'readonly', '2019-09-20 05:01:32', '2019-09-20 05:01:32'),
(2216, 7, 258, 'readonly', '2019-09-20 05:01:32', '2019-09-20 05:01:32'),
(2217, 7, 269, 'readonly', '2019-09-20 05:01:33', '2019-09-20 05:01:33'),
(2218, 7, 270, 'readonly', '2019-09-20 05:01:33', '2019-09-20 05:01:33'),
(2219, 7, 275, 'readonly', '2019-09-20 05:01:33', '2019-09-20 05:01:33'),
(2220, 7, 271, 'readonly', '2019-09-20 05:01:33', '2019-09-20 05:01:33'),
(2221, 7, 272, 'readonly', '2019-09-20 05:01:33', '2019-09-20 05:01:33'),
(2222, 7, 276, 'readonly', '2019-09-20 05:01:33', '2019-09-20 05:01:33'),
(2223, 7, 273, 'readonly', '2019-09-20 05:01:33', '2019-09-20 05:01:33'),
(2224, 7, 274, 'readonly', '2019-09-20 05:01:33', '2019-09-20 05:01:33'),
(2225, 7, 277, 'readonly', '2019-09-20 05:01:33', '2019-09-20 05:01:33'),
(2226, 7, 278, 'readonly', '2019-09-20 05:01:33', '2019-09-20 05:01:33'),
(2227, 7, 284, 'readonly', '2019-09-20 05:01:33', '2019-09-20 05:01:33'),
(2228, 7, 285, 'readonly', '2019-09-20 05:01:33', '2019-09-20 05:01:33'),
(2229, 7, 388, 'readonly', '2019-09-20 05:01:33', '2019-09-20 05:01:33'),
(2230, 7, 288, 'readonly', '2019-09-20 05:01:33', '2019-09-20 05:01:33'),
(2231, 7, 289, 'readonly', '2019-09-20 05:01:33', '2019-09-20 05:01:33'),
(2232, 7, 291, 'readonly', '2019-09-20 05:01:33', '2019-09-20 05:01:33'),
(2233, 7, 290, 'readonly', '2019-09-20 05:01:33', '2019-09-20 05:01:33'),
(2234, 7, 292, 'readonly', '2019-09-20 05:01:33', '2019-09-20 05:01:33'),
(2235, 7, 293, 'readonly', '2019-09-20 05:01:33', '2019-09-20 05:01:33'),
(2236, 7, 294, 'readonly', '2019-09-20 05:01:33', '2019-09-20 05:01:33'),
(2237, 7, 295, 'readonly', '2019-09-20 05:01:33', '2019-09-20 05:01:33'),
(2238, 7, 296, 'readonly', '2019-09-20 05:01:34', '2019-09-20 05:01:34'),
(2239, 7, 297, 'readonly', '2019-09-20 05:01:34', '2019-09-20 05:01:34'),
(2240, 7, 298, 'readonly', '2019-09-20 05:01:34', '2019-09-20 05:01:34'),
(2241, 7, 299, 'readonly', '2019-09-20 05:01:34', '2019-09-20 05:01:34'),
(2242, 7, 300, 'readonly', '2019-09-20 05:01:34', '2019-09-20 05:01:34'),
(2243, 7, 301, 'readonly', '2019-09-20 05:01:34', '2019-09-20 05:01:34'),
(2244, 7, 302, 'readonly', '2019-09-20 05:01:34', '2019-09-20 05:01:34'),
(2245, 7, 303, 'readonly', '2019-09-20 05:01:34', '2019-09-20 05:01:34'),
(2246, 7, 304, 'readonly', '2019-09-20 05:01:34', '2019-09-20 05:01:34'),
(2247, 7, 305, 'readonly', '2019-09-20 05:01:34', '2019-09-20 05:01:34'),
(2248, 7, 308, 'readonly', '2019-09-20 05:01:34', '2019-09-20 05:01:34'),
(2249, 7, 309, 'readonly', '2019-09-20 05:01:34', '2019-09-20 05:01:34'),
(2250, 7, 310, 'readonly', '2019-09-20 05:01:34', '2019-09-20 05:01:34'),
(2251, 7, 311, 'readonly', '2019-09-20 05:01:34', '2019-09-20 05:01:34'),
(2252, 7, 312, 'readonly', '2019-09-20 05:01:34', '2019-09-20 05:01:34'),
(2253, 7, 313, 'readonly', '2019-09-20 05:01:34', '2019-09-20 05:01:34'),
(2254, 7, 314, 'readonly', '2019-09-20 05:01:34', '2019-09-20 05:01:34'),
(2255, 7, 315, 'readonly', '2019-09-20 05:01:34', '2019-09-20 05:01:34'),
(2256, 7, 316, 'readonly', '2019-09-20 05:01:34', '2019-09-20 05:01:34'),
(2257, 7, 317, 'readonly', '2019-09-20 05:01:34', '2019-09-20 05:01:34'),
(2258, 7, 318, 'readonly', '2019-09-20 05:01:34', '2019-09-20 05:01:34'),
(2259, 7, 319, 'readonly', '2019-09-20 05:01:34', '2019-09-20 05:01:34'),
(2260, 7, 320, 'readonly', '2019-09-20 05:01:34', '2019-09-20 05:01:34'),
(2261, 7, 321, 'readonly', '2019-09-20 05:01:34', '2019-09-20 05:01:34'),
(2262, 7, 322, 'readonly', '2019-09-20 05:01:34', '2019-09-20 05:01:34'),
(2263, 7, 323, 'readonly', '2019-09-20 05:01:34', '2019-09-20 05:01:34'),
(2264, 7, 324, 'readonly', '2019-09-20 05:01:34', '2019-09-20 05:01:34'),
(2265, 7, 368, 'readonly', '2019-09-20 05:01:34', '2019-09-20 05:01:34'),
(2266, 7, 340, 'readonly', '2019-09-20 05:01:35', '2019-09-20 05:01:35'),
(2267, 7, 341, 'readonly', '2019-09-20 05:01:35', '2019-09-20 05:01:35'),
(2268, 7, 342, 'readonly', '2019-09-20 05:01:35', '2019-09-20 05:01:35'),
(2269, 7, 343, 'readonly', '2019-09-20 05:01:35', '2019-09-20 05:01:35'),
(2270, 7, 344, 'readonly', '2019-09-20 05:01:35', '2019-09-20 05:01:35'),
(2271, 7, 345, 'readonly', '2019-09-20 05:01:35', '2019-09-20 05:01:35'),
(2272, 7, 346, 'readonly', '2019-09-20 05:01:35', '2019-09-20 05:01:35'),
(2273, 7, 347, 'readonly', '2019-09-20 05:01:35', '2019-09-20 05:01:35'),
(2274, 7, 348, 'readonly', '2019-09-20 05:01:35', '2019-09-20 05:01:35'),
(2275, 7, 349, 'readonly', '2019-09-20 05:01:35', '2019-09-20 05:01:35'),
(2276, 7, 350, 'readonly', '2019-09-20 05:01:35', '2019-09-20 05:01:35'),
(2277, 7, 351, 'readonly', '2019-09-20 05:01:35', '2019-09-20 05:01:35'),
(2278, 7, 352, 'readonly', '2019-09-20 05:01:35', '2019-09-20 05:01:35'),
(2279, 7, 353, 'readonly', '2019-09-20 05:01:35', '2019-09-20 05:01:35'),
(2280, 7, 354, 'readonly', '2019-09-20 05:01:35', '2019-09-20 05:01:35'),
(2281, 7, 359, 'readonly', '2019-09-20 05:01:35', '2019-09-20 05:01:35'),
(2282, 7, 361, 'readonly', '2019-09-20 05:01:35', '2019-09-20 05:01:35'),
(2283, 7, 366, 'readonly', '2019-09-20 05:01:35', '2019-09-20 05:01:35'),
(2284, 7, 367, 'readonly', '2019-09-20 05:01:35', '2019-09-20 05:01:35'),
(2285, 7, 373, 'readonly', '2019-09-20 05:01:36', '2019-09-20 05:01:36'),
(2286, 7, 374, 'readonly', '2019-09-20 05:01:36', '2019-09-20 05:01:36'),
(2287, 7, 375, 'readonly', '2019-09-20 05:01:36', '2019-09-20 05:01:36'),
(2288, 7, 376, 'readonly', '2019-09-20 05:01:36', '2019-09-20 05:01:36'),
(2289, 7, 377, 'readonly', '2019-09-20 05:01:36', '2019-09-20 05:01:36'),
(2290, 7, 378, 'readonly', '2019-09-20 05:01:36', '2019-09-20 05:01:36'),
(2291, 7, 379, 'readonly', '2019-09-20 05:01:36', '2019-09-20 05:01:36'),
(2292, 7, 380, 'readonly', '2019-09-20 05:01:36', '2019-09-20 05:01:36'),
(2293, 7, 381, 'readonly', '2019-09-20 05:01:36', '2019-09-20 05:01:36'),
(2294, 7, 382, 'readonly', '2019-09-20 05:01:36', '2019-09-20 05:01:36'),
(2295, 7, 391, 'readonly', '2019-09-20 05:01:36', '2019-09-20 05:01:36'),
(2296, 7, 390, 'readonly', '2019-09-20 05:01:36', '2019-09-20 05:01:36'),
(2297, 7, 393, 'readonly', '2019-09-20 05:01:36', '2019-09-20 05:01:36'),
(2298, 2, 390, 'invisible', '2019-10-14 09:22:14', '2019-10-14 09:22:14'),
(2299, 3, 390, 'invisible', '2019-10-14 09:22:14', '2019-10-14 09:22:14'),
(2300, 4, 390, 'invisible', '2019-10-14 09:22:14', '2019-10-14 09:22:14'),
(2301, 5, 390, 'invisible', '2019-10-14 09:22:14', '2019-10-14 09:22:14'),
(2302, 2, 387, 'invisible', '2019-10-14 09:28:38', '2019-10-14 09:28:38'),
(2303, 3, 387, 'invisible', '2019-10-14 09:28:38', '2019-10-14 09:28:38'),
(2304, 3, 245, 'invisible', '2019-10-14 09:28:38', '2019-10-14 09:28:38'),
(2305, 4, 387, 'invisible', '2019-10-14 09:28:38', '2019-10-14 09:28:38'),
(2306, 4, 245, 'invisible', '2019-10-14 09:28:38', '2019-10-14 09:28:38'),
(2307, 5, 387, 'invisible', '2019-10-14 09:28:38', '2019-10-14 09:28:38'),
(2308, 5, 245, 'invisible', '2019-10-14 09:28:38', '2019-10-14 09:28:38'),
(2309, 2, 393, 'invisible', '2019-10-14 09:34:30', '2019-10-14 09:34:30'),
(2310, 3, 393, 'invisible', '2019-10-14 09:34:30', '2019-10-14 09:34:30'),
(2311, 4, 393, 'invisible', '2019-10-14 09:34:30', '2019-10-14 09:34:30'),
(2312, 5, 393, 'invisible', '2019-10-14 09:34:30', '2019-10-14 09:34:30'),
(2313, 2, 374, 'invisible', '2019-10-14 09:58:14', '2019-10-14 09:58:14'),
(2314, 2, 375, 'invisible', '2019-10-14 09:58:14', '2019-10-14 09:58:14'),
(2315, 2, 376, 'invisible', '2019-10-14 09:58:14', '2019-10-14 09:58:14'),
(2316, 2, 377, 'invisible', '2019-10-14 09:58:14', '2019-10-14 09:58:14'),
(2317, 2, 378, 'invisible', '2019-10-14 09:58:14', '2019-10-14 09:58:14'),
(2318, 2, 379, 'invisible', '2019-10-14 09:58:14', '2019-10-14 09:58:14'),
(2319, 2, 380, 'invisible', '2019-10-14 09:58:14', '2019-10-14 09:58:14'),
(2320, 2, 381, 'invisible', '2019-10-14 09:58:14', '2019-10-14 09:58:14'),
(2321, 2, 382, 'invisible', '2019-10-14 09:58:14', '2019-10-14 09:58:14'),
(2322, 2, 391, 'invisible', '2019-10-14 09:58:14', '2019-10-14 09:58:14'),
(2323, 3, 374, 'invisible', '2019-10-14 09:58:14', '2019-10-14 09:58:14'),
(2324, 3, 375, 'invisible', '2019-10-14 09:58:14', '2019-10-14 09:58:14'),
(2325, 3, 376, 'invisible', '2019-10-14 09:58:14', '2019-10-14 09:58:14'),
(2326, 3, 377, 'invisible', '2019-10-14 09:58:14', '2019-10-14 09:58:14'),
(2327, 3, 378, 'invisible', '2019-10-14 09:58:14', '2019-10-14 09:58:14'),
(2328, 3, 379, 'invisible', '2019-10-14 09:58:14', '2019-10-14 09:58:14'),
(2329, 3, 380, 'invisible', '2019-10-14 09:58:14', '2019-10-14 09:58:14'),
(2330, 3, 381, 'invisible', '2019-10-14 09:58:14', '2019-10-14 09:58:14'),
(2331, 3, 382, 'invisible', '2019-10-14 09:58:14', '2019-10-14 09:58:14'),
(2332, 3, 391, 'invisible', '2019-10-14 09:58:14', '2019-10-14 09:58:14'),
(2333, 4, 374, 'invisible', '2019-10-14 09:58:14', '2019-10-14 09:58:14'),
(2334, 4, 375, 'invisible', '2019-10-14 09:58:14', '2019-10-14 09:58:14'),
(2335, 4, 376, 'invisible', '2019-10-14 09:58:14', '2019-10-14 09:58:14'),
(2336, 4, 377, 'invisible', '2019-10-14 09:58:14', '2019-10-14 09:58:14'),
(2337, 4, 378, 'invisible', '2019-10-14 09:58:14', '2019-10-14 09:58:14'),
(2338, 4, 379, 'invisible', '2019-10-14 09:58:14', '2019-10-14 09:58:14'),
(2339, 4, 380, 'invisible', '2019-10-14 09:58:14', '2019-10-14 09:58:14'),
(2340, 4, 381, 'invisible', '2019-10-14 09:58:14', '2019-10-14 09:58:14'),
(2341, 4, 382, 'invisible', '2019-10-14 09:58:14', '2019-10-14 09:58:14'),
(2342, 4, 391, 'invisible', '2019-10-14 09:58:14', '2019-10-14 09:58:14'),
(2343, 5, 374, 'invisible', '2019-10-14 09:58:14', '2019-10-14 09:58:14'),
(2344, 5, 375, 'invisible', '2019-10-14 09:58:14', '2019-10-14 09:58:14'),
(2345, 5, 376, 'invisible', '2019-10-14 09:58:14', '2019-10-14 09:58:14'),
(2346, 5, 377, 'invisible', '2019-10-14 09:58:14', '2019-10-14 09:58:14'),
(2347, 5, 378, 'invisible', '2019-10-14 09:58:14', '2019-10-14 09:58:14'),
(2348, 5, 379, 'invisible', '2019-10-14 09:58:14', '2019-10-14 09:58:14'),
(2349, 5, 380, 'invisible', '2019-10-14 09:58:14', '2019-10-14 09:58:14'),
(2350, 5, 381, 'invisible', '2019-10-14 09:58:14', '2019-10-14 09:58:14'),
(2351, 5, 382, 'invisible', '2019-10-14 09:58:14', '2019-10-14 09:58:14'),
(2352, 5, 391, 'invisible', '2019-10-14 09:58:14', '2019-10-14 09:58:14'),
(2354, 1, 396, 'invisible', '2019-10-15 09:49:26', '2019-10-15 09:49:26'),
(2355, 2, 396, 'invisible', '2019-10-15 09:49:26', '2019-10-15 09:49:26'),
(2356, 3, 396, 'invisible', '2019-10-15 09:49:26', '2019-10-15 09:49:26'),
(2357, 4, 396, 'invisible', '2019-10-15 09:49:26', '2019-10-15 09:49:26'),
(2358, 5, 396, 'invisible', '2019-10-15 09:49:26', '2019-10-15 09:49:26'),
(2359, 6, 396, 'invisible', '2019-10-15 09:49:26', '2019-10-15 09:49:26'),
(2360, 7, 396, 'invisible', '2019-10-15 09:49:26', '2019-10-15 09:49:26'),
(2361, 1, 395, 'invisible', '2019-10-15 10:11:41', '2019-10-15 10:11:41'),
(2362, 2, 395, 'invisible', '2019-10-15 10:11:41', '2019-10-15 10:11:41'),
(2363, 3, 395, 'invisible', '2019-10-15 10:11:41', '2019-10-15 10:11:41'),
(2364, 4, 395, 'invisible', '2019-10-15 10:11:41', '2019-10-15 10:11:41'),
(2365, 5, 395, 'invisible', '2019-10-15 10:11:41', '2019-10-15 10:11:41'),
(2366, 6, 395, 'invisible', '2019-10-15 10:11:41', '2019-10-15 10:11:41'),
(2367, 7, 395, 'invisible', '2019-10-15 10:11:41', '2019-10-15 10:11:41'),
(2368, 1, 397, 'write', '2019-11-02 04:34:32', '2019-11-02 04:34:32'),
(2369, 2, 397, 'invisible', '2019-11-02 04:58:30', '2019-11-02 04:58:30'),
(2370, 3, 397, 'invisible', '2019-11-02 04:58:30', '2019-11-02 04:58:30'),
(2371, 4, 397, 'invisible', '2019-11-02 04:58:30', '2019-11-02 04:58:30'),
(2372, 5, 397, 'invisible', '2019-11-02 04:58:30', '2019-11-02 04:58:30'),
(2373, 6, 397, 'invisible', '2019-11-02 04:58:30', '2019-11-02 04:58:30'),
(2374, 7, 397, 'invisible', '2019-11-02 04:58:30', '2019-11-02 04:58:30'),
(2375, 1, 398, 'write', '2019-11-07 03:49:02', '2019-11-07 03:49:02'),
(2376, 1, 399, 'write', '2019-11-07 03:51:34', '2019-11-07 03:51:34'),
(2377, 1, 400, 'write', '2019-11-07 05:20:17', '2019-11-07 05:20:17'),
(2378, 1, 401, 'write', '2019-11-07 05:22:25', '2019-11-07 05:22:25'),
(2380, 1, 403, 'write', '2019-11-07 05:27:14', '2019-11-07 05:27:14'),
(2381, 1, 404, 'write', '2019-11-07 05:28:47', '2019-11-07 05:28:47'),
(2382, 2, 398, 'invisible', '2019-11-07 06:04:11', '2019-11-07 06:04:11'),
(2383, 3, 398, 'invisible', '2019-11-07 06:04:11', '2019-11-07 06:04:11'),
(2384, 4, 398, 'invisible', '2019-11-07 06:04:11', '2019-11-07 06:04:11'),
(2385, 5, 398, 'invisible', '2019-11-07 06:04:11', '2019-11-07 06:04:11'),
(2386, 6, 398, 'invisible', '2019-11-07 06:04:11', '2019-11-07 06:04:11'),
(2387, 7, 398, 'invisible', '2019-11-07 06:04:11', '2019-11-07 06:04:11'),
(2388, 2, 399, 'invisible', '2019-11-07 06:14:23', '2019-11-07 06:14:23'),
(2389, 3, 399, 'invisible', '2019-11-07 06:14:23', '2019-11-07 06:14:23'),
(2390, 4, 399, 'invisible', '2019-11-07 06:14:23', '2019-11-07 06:14:23'),
(2391, 5, 399, 'invisible', '2019-11-07 06:14:23', '2019-11-07 06:14:23'),
(2392, 6, 399, 'invisible', '2019-11-07 06:14:23', '2019-11-07 06:14:23'),
(2393, 7, 399, 'invisible', '2019-11-07 06:14:23', '2019-11-07 06:14:23'),
(2394, 2, 400, 'invisible', '2019-11-07 06:16:17', '2019-11-07 06:16:17'),
(2395, 3, 400, 'invisible', '2019-11-07 06:16:17', '2019-11-07 06:16:17'),
(2396, 4, 400, 'invisible', '2019-11-07 06:16:17', '2019-11-07 06:16:17'),
(2397, 5, 400, 'invisible', '2019-11-07 06:16:17', '2019-11-07 06:16:17'),
(2398, 6, 400, 'invisible', '2019-11-07 06:16:17', '2019-11-07 06:16:17'),
(2399, 7, 400, 'invisible', '2019-11-07 06:16:17', '2019-11-07 06:16:17'),
(2400, 2, 401, 'invisible', '2019-11-07 06:17:06', '2019-11-07 06:17:06'),
(2401, 3, 401, 'invisible', '2019-11-07 06:17:06', '2019-11-07 06:17:06'),
(2402, 4, 401, 'invisible', '2019-11-07 06:17:06', '2019-11-07 06:17:06'),
(2403, 5, 401, 'invisible', '2019-11-07 06:17:06', '2019-11-07 06:17:06'),
(2404, 6, 401, 'invisible', '2019-11-07 06:17:06', '2019-11-07 06:17:06'),
(2405, 7, 401, 'invisible', '2019-11-07 06:17:06', '2019-11-07 06:17:06'),
(2406, 2, 403, 'invisible', '2019-11-07 06:17:33', '2019-11-07 06:17:33'),
(2407, 3, 403, 'invisible', '2019-11-07 06:17:33', '2019-11-07 06:17:33'),
(2408, 4, 403, 'invisible', '2019-11-07 06:17:33', '2019-11-07 06:17:33'),
(2409, 5, 403, 'invisible', '2019-11-07 06:17:33', '2019-11-07 06:17:33'),
(2410, 6, 403, 'invisible', '2019-11-07 06:17:33', '2019-11-07 06:17:33'),
(2411, 7, 403, 'invisible', '2019-11-07 06:17:33', '2019-11-07 06:17:33'),
(2412, 2, 404, 'invisible', '2019-11-07 06:18:02', '2019-11-07 06:18:02'),
(2413, 3, 404, 'invisible', '2019-11-07 06:18:02', '2019-11-07 06:18:02'),
(2414, 4, 404, 'invisible', '2019-11-07 06:18:02', '2019-11-07 06:18:02'),
(2415, 5, 404, 'invisible', '2019-11-07 06:18:02', '2019-11-07 06:18:02'),
(2416, 6, 404, 'invisible', '2019-11-07 06:18:02', '2019-11-07 06:18:02'),
(2417, 7, 404, 'invisible', '2019-11-07 06:18:02', '2019-11-07 06:18:02'),
(2426, 1, 407, 'write', '2019-11-08 02:10:12', '2019-11-08 02:10:12'),
(2427, 2, 407, 'invisible', '2019-11-08 02:11:30', '2019-11-08 02:11:30'),
(2428, 3, 407, 'invisible', '2019-11-08 02:11:30', '2019-11-08 02:11:30'),
(2429, 4, 407, 'invisible', '2019-11-08 02:11:30', '2019-11-08 02:11:30'),
(2430, 5, 407, 'invisible', '2019-11-08 02:11:30', '2019-11-08 02:11:30'),
(2431, 6, 407, 'invisible', '2019-11-08 02:11:30', '2019-11-08 02:11:30'),
(2432, 7, 407, 'invisible', '2019-11-08 02:11:30', '2019-11-08 02:11:30'),
(2433, 1, 408, 'write', '2019-11-08 03:38:14', '2019-11-08 03:38:14'),
(2434, 2, 408, 'invisible', '2019-11-08 03:45:55', '2019-11-08 03:45:55'),
(2435, 3, 408, 'invisible', '2019-11-08 03:45:55', '2019-11-08 03:45:55'),
(2436, 4, 408, 'invisible', '2019-11-08 03:45:55', '2019-11-08 03:45:55'),
(2437, 5, 408, 'invisible', '2019-11-08 03:45:55', '2019-11-08 03:45:55'),
(2438, 6, 408, 'invisible', '2019-11-08 03:45:55', '2019-11-08 03:45:55'),
(2439, 7, 408, 'invisible', '2019-11-08 03:45:55', '2019-11-08 03:45:55'),
(2440, 1, 409, 'write', '2019-11-08 03:47:49', '2019-11-08 03:47:49'),
(2441, 2, 409, 'invisible', '2019-11-08 03:50:11', '2019-11-08 03:50:11'),
(2442, 3, 409, 'invisible', '2019-11-08 03:50:11', '2019-11-08 03:50:11'),
(2443, 4, 409, 'invisible', '2019-11-08 03:50:11', '2019-11-08 03:50:11'),
(2444, 5, 409, 'invisible', '2019-11-08 03:50:11', '2019-11-08 03:50:11'),
(2445, 6, 409, 'invisible', '2019-11-08 03:50:11', '2019-11-08 03:50:11'),
(2446, 7, 409, 'invisible', '2019-11-08 03:50:11', '2019-11-08 03:50:11'),
(2447, 1, 410, 'write', '2019-11-08 03:51:54', '2019-11-08 03:51:54'),
(2448, 2, 410, 'invisible', '2019-11-08 03:52:05', '2019-11-08 03:52:05'),
(2449, 3, 410, 'invisible', '2019-11-08 03:52:05', '2019-11-08 03:52:05'),
(2450, 4, 410, 'invisible', '2019-11-08 03:52:05', '2019-11-08 03:52:05'),
(2451, 5, 410, 'invisible', '2019-11-08 03:52:05', '2019-11-08 03:52:05'),
(2452, 6, 410, 'invisible', '2019-11-08 03:52:05', '2019-11-08 03:52:05'),
(2453, 7, 410, 'invisible', '2019-11-08 03:52:05', '2019-11-08 03:52:05'),
(2454, 1, 411, 'write', '2019-11-08 04:03:08', '2019-11-08 04:03:08'),
(2455, 2, 411, 'invisible', '2019-11-08 04:03:25', '2019-11-08 04:03:25'),
(2456, 3, 411, 'invisible', '2019-11-08 04:03:25', '2019-11-08 04:03:25'),
(2457, 4, 411, 'invisible', '2019-11-08 04:03:25', '2019-11-08 04:03:25'),
(2458, 5, 411, 'invisible', '2019-11-08 04:03:25', '2019-11-08 04:03:25'),
(2459, 6, 411, 'invisible', '2019-11-08 04:03:25', '2019-11-08 04:03:25'),
(2460, 7, 411, 'invisible', '2019-11-08 04:03:25', '2019-11-08 04:03:25'),
(2461, 1, 412, 'write', '2019-11-08 04:12:59', '2019-11-08 04:12:59'),
(2462, 2, 412, 'invisible', '2019-11-08 04:13:53', '2019-11-08 04:13:53'),
(2463, 3, 412, 'invisible', '2019-11-08 04:13:53', '2019-11-08 04:13:53'),
(2464, 4, 412, 'invisible', '2019-11-08 04:13:53', '2019-11-08 04:13:53'),
(2465, 5, 412, 'invisible', '2019-11-08 04:13:53', '2019-11-08 04:13:53'),
(2466, 6, 412, 'invisible', '2019-11-08 04:13:53', '2019-11-08 04:13:53'),
(2467, 7, 412, 'invisible', '2019-11-08 04:13:53', '2019-11-08 04:13:53'),
(2469, 1, 414, 'write', '2019-11-08 04:18:13', '2019-11-08 04:18:13'),
(2470, 2, 414, 'invisible', '2019-11-08 04:18:35', '2019-11-08 04:18:35'),
(2471, 3, 414, 'invisible', '2019-11-08 04:18:35', '2019-11-08 04:18:35'),
(2472, 4, 414, 'invisible', '2019-11-08 04:18:35', '2019-11-08 04:18:35'),
(2473, 5, 414, 'invisible', '2019-11-08 04:18:35', '2019-11-08 04:18:35'),
(2474, 6, 414, 'invisible', '2019-11-08 04:18:35', '2019-11-08 04:18:35'),
(2475, 7, 414, 'invisible', '2019-11-08 04:18:35', '2019-11-08 04:18:35'),
(2476, 1, 415, 'write', '2019-11-08 04:19:09', '2019-11-08 04:19:09'),
(2477, 2, 415, 'invisible', '2019-11-08 04:19:27', '2019-11-08 04:19:27'),
(2478, 3, 415, 'invisible', '2019-11-08 04:19:27', '2019-11-08 04:19:27'),
(2479, 4, 415, 'invisible', '2019-11-08 04:19:27', '2019-11-08 04:19:27'),
(2480, 5, 415, 'invisible', '2019-11-08 04:19:27', '2019-11-08 04:19:27'),
(2481, 6, 415, 'invisible', '2019-11-08 04:19:27', '2019-11-08 04:19:27'),
(2482, 7, 415, 'invisible', '2019-11-08 04:19:27', '2019-11-08 04:19:27'),
(2483, 1, 416, 'write', '2019-11-08 04:31:01', '2019-11-08 04:31:01'),
(2484, 2, 416, 'invisible', '2019-11-08 04:31:43', '2019-11-08 04:31:43'),
(2485, 3, 416, 'invisible', '2019-11-08 04:31:43', '2019-11-08 04:31:43'),
(2486, 4, 416, 'invisible', '2019-11-08 04:31:43', '2019-11-08 04:31:43'),
(2487, 5, 416, 'invisible', '2019-11-08 04:31:43', '2019-11-08 04:31:43'),
(2488, 6, 416, 'invisible', '2019-11-08 04:31:43', '2019-11-08 04:31:43'),
(2489, 7, 416, 'invisible', '2019-11-08 04:31:43', '2019-11-08 04:31:43'),
(2490, 1, 417, 'write', '2019-11-08 04:32:57', '2019-11-08 04:32:57'),
(2491, 2, 417, 'invisible', '2019-11-08 04:33:07', '2019-11-08 04:33:07'),
(2492, 3, 417, 'invisible', '2019-11-08 04:33:07', '2019-11-08 04:33:07'),
(2493, 4, 417, 'invisible', '2019-11-08 04:33:07', '2019-11-08 04:33:07'),
(2494, 5, 417, 'invisible', '2019-11-08 04:33:07', '2019-11-08 04:33:07'),
(2495, 6, 417, 'invisible', '2019-11-08 04:33:07', '2019-11-08 04:33:07'),
(2496, 7, 417, 'invisible', '2019-11-08 04:33:07', '2019-11-08 04:33:07'),
(2497, 1, 418, 'write', '2019-11-08 04:34:29', '2019-11-08 04:34:29'),
(2498, 2, 418, 'invisible', '2019-11-08 04:34:54', '2019-11-08 04:34:54'),
(2499, 3, 418, 'invisible', '2019-11-08 04:34:54', '2019-11-08 04:34:54'),
(2500, 4, 418, 'invisible', '2019-11-08 04:34:54', '2019-11-08 04:34:54'),
(2501, 5, 418, 'invisible', '2019-11-08 04:34:54', '2019-11-08 04:34:54'),
(2502, 6, 418, 'invisible', '2019-11-08 04:34:54', '2019-11-08 04:34:54'),
(2503, 7, 418, 'invisible', '2019-11-08 04:34:54', '2019-11-08 04:34:54'),
(2504, 1, 419, 'write', '2019-11-08 04:58:07', '2019-11-08 04:58:07'),
(2505, 2, 419, 'invisible', '2019-11-08 04:58:19', '2019-11-08 04:58:19'),
(2506, 3, 419, 'invisible', '2019-11-08 04:58:19', '2019-11-08 04:58:19'),
(2507, 4, 419, 'invisible', '2019-11-08 04:58:19', '2019-11-08 04:58:19'),
(2508, 5, 419, 'invisible', '2019-11-08 04:58:19', '2019-11-08 04:58:19'),
(2509, 6, 419, 'invisible', '2019-11-08 04:58:19', '2019-11-08 04:58:19'),
(2510, 7, 419, 'invisible', '2019-11-08 04:58:19', '2019-11-08 04:58:19'),
(2511, 1, 420, 'write', '2019-11-08 04:59:49', '2019-11-08 04:59:49'),
(2512, 2, 420, 'invisible', '2019-11-08 05:00:14', '2019-11-08 05:00:14'),
(2513, 3, 420, 'invisible', '2019-11-08 05:00:14', '2019-11-08 05:00:14'),
(2514, 4, 420, 'invisible', '2019-11-08 05:00:14', '2019-11-08 05:00:14'),
(2515, 5, 420, 'invisible', '2019-11-08 05:00:14', '2019-11-08 05:00:14'),
(2516, 6, 420, 'invisible', '2019-11-08 05:00:14', '2019-11-08 05:00:14'),
(2517, 7, 420, 'invisible', '2019-11-08 05:00:14', '2019-11-08 05:00:14'),
(2518, 1, 421, 'write', '2019-11-08 05:01:15', '2019-11-08 05:01:15'),
(2519, 2, 421, 'invisible', '2019-11-08 05:01:34', '2019-11-08 05:01:34'),
(2520, 3, 421, 'invisible', '2019-11-08 05:01:34', '2019-11-08 05:01:34'),
(2521, 4, 421, 'invisible', '2019-11-08 05:01:34', '2019-11-08 05:01:34'),
(2522, 5, 421, 'invisible', '2019-11-08 05:01:34', '2019-11-08 05:01:34'),
(2523, 6, 421, 'invisible', '2019-11-08 05:01:34', '2019-11-08 05:01:34'),
(2524, 7, 421, 'invisible', '2019-11-08 05:01:34', '2019-11-08 05:01:34'),
(2525, 1, 422, 'write', '2019-11-11 06:48:16', '2019-11-11 06:48:16'),
(2526, 2, 422, 'invisible', '2019-11-11 06:48:48', '2019-11-11 06:48:48'),
(2527, 3, 422, 'invisible', '2019-11-11 06:48:48', '2019-11-11 06:48:48'),
(2528, 4, 422, 'invisible', '2019-11-11 06:48:48', '2019-11-11 06:48:48'),
(2529, 5, 422, 'invisible', '2019-11-11 06:48:48', '2019-11-11 06:48:48'),
(2530, 6, 422, 'invisible', '2019-11-11 06:48:48', '2019-11-11 06:48:48'),
(2531, 7, 422, 'invisible', '2019-11-11 06:48:48', '2019-11-11 06:48:48'),
(2532, 1, 423, 'write', '2019-11-11 06:49:27', '2019-11-11 06:49:27'),
(2533, 2, 423, 'invisible', '2019-11-11 06:49:44', '2019-11-11 06:49:44'),
(2534, 3, 423, 'invisible', '2019-11-11 06:49:44', '2019-11-11 06:49:44'),
(2535, 4, 423, 'invisible', '2019-11-11 06:49:44', '2019-11-11 06:49:44'),
(2536, 5, 423, 'invisible', '2019-11-11 06:49:44', '2019-11-11 06:49:44'),
(2537, 6, 423, 'invisible', '2019-11-11 06:49:44', '2019-11-11 06:49:44'),
(2538, 7, 423, 'invisible', '2019-11-11 06:49:44', '2019-11-11 06:49:44'),
(2539, 1, 424, 'write', '2019-11-11 06:51:01', '2019-11-11 06:51:01'),
(2540, 1, 425, 'write', '2019-11-11 07:04:19', '2019-11-11 07:04:19'),
(2541, 2, 425, 'invisible', '2019-11-11 07:04:32', '2019-11-11 07:04:32'),
(2542, 3, 425, 'invisible', '2019-11-11 07:04:32', '2019-11-11 07:04:32'),
(2543, 4, 425, 'invisible', '2019-11-11 07:04:32', '2019-11-11 07:04:32'),
(2544, 5, 425, 'invisible', '2019-11-11 07:04:32', '2019-11-11 07:04:32'),
(2545, 6, 425, 'invisible', '2019-11-11 07:04:32', '2019-11-11 07:04:32'),
(2546, 7, 425, 'invisible', '2019-11-11 07:04:32', '2019-11-11 07:04:32'),
(2547, 2, 424, 'invisible', '2019-11-11 07:08:55', '2019-11-11 07:08:55'),
(2548, 3, 424, 'invisible', '2019-11-11 07:08:55', '2019-11-11 07:08:55'),
(2549, 4, 424, 'invisible', '2019-11-11 07:08:55', '2019-11-11 07:08:55'),
(2550, 5, 424, 'invisible', '2019-11-11 07:08:55', '2019-11-11 07:08:55'),
(2551, 6, 424, 'invisible', '2019-11-11 07:08:55', '2019-11-11 07:08:55'),
(2552, 7, 424, 'invisible', '2019-11-11 07:08:55', '2019-11-11 07:08:55'),
(2553, 2, 388, 'invisible', '2019-11-12 11:50:07', '2019-11-12 11:50:07'),
(2554, 3, 388, 'invisible', '2019-11-12 11:50:07', '2019-11-12 11:50:07'),
(2555, 4, 388, 'invisible', '2019-11-12 11:50:07', '2019-11-12 11:50:07'),
(2556, 5, 388, 'invisible', '2019-11-12 11:50:07', '2019-11-12 11:50:07'),
(2557, 1, 426, 'write', '2019-11-23 14:18:39', '2019-11-23 14:18:39'),
(2558, 1, 427, 'write', '2019-11-27 01:46:36', '2019-11-27 01:46:36'),
(2559, 1, 428, 'write', '2019-11-27 02:01:51', '2019-11-27 02:01:51'),
(2560, 1, 429, 'write', '2019-11-27 02:03:10', '2019-11-27 02:03:10');

-- --------------------------------------------------------

--
-- Table structure for table `role_user`
--

CREATE TABLE `role_user` (
  `id` int(10) UNSIGNED NOT NULL,
  `role_id` int(10) UNSIGNED NOT NULL,
  `user_id` int(10) UNSIGNED NOT NULL,
  `created_at` timestamp NULL DEFAULT NULL,
  `updated_at` timestamp NULL DEFAULT NULL
) ENGINE=InnoDB DEFAULT CHARSET=utf8 COLLATE=utf8_unicode_ci;

--
-- Dumping data for table `role_user`
--

INSERT INTO `role_user` (`id`, `role_id`, `user_id`, `created_at`, `updated_at`) VALUES
(1, 1, 1, NULL, NULL),
(7, 2, 15, '2018-12-17 01:08:59', '2018-12-17 01:08:59'),
(8, 2, 16, '2018-12-25 01:37:37', '2018-12-25 01:37:37'),
(9, 4, 17, '2018-12-27 01:58:39', '2018-12-27 01:58:39'),
(10, 3, 18, '2018-12-29 09:10:40', '2018-12-29 09:10:40'),
(11, 3, 19, '2018-12-29 09:12:20', '2018-12-29 09:12:20'),
(12, 2, 20, '2019-01-22 12:28:44', '2019-01-22 12:28:44'),
(13, 3, 21, '2019-02-08 09:22:19', '2019-02-08 09:22:19'),
(14, 3, 22, '2019-02-08 12:29:39', '2019-02-08 12:29:39'),
(15, 4, 23, '2019-02-13 06:23:06', '2019-02-13 06:23:06'),
(16, 5, 25, '2019-04-03 01:30:53', '2019-04-03 01:30:53'),
(17, 4, 26, '2019-04-03 01:37:37', '2019-04-03 01:37:37'),
(18, 4, 27, '2019-08-10 11:29:48', '2019-08-10 11:29:48'),
(19, 4, 28, '2019-08-10 11:52:40', '2019-08-10 11:52:40'),
(20, 6, 29, '2019-08-13 05:27:19', '2019-08-13 05:27:19'),
(21, 2, 30, '2019-08-22 04:42:25', '2019-08-22 04:42:25'),
(22, 2, 31, '2019-08-22 04:51:57', '2019-08-22 04:51:57'),
(23, 2, 32, '2019-08-22 05:27:39', '2019-08-22 05:27:39'),
(24, 2, 33, '2019-08-22 06:38:38', '2019-08-22 06:38:38'),
(25, 2, 34, '2019-08-28 12:08:09', '2019-08-28 12:08:09'),
(26, 2, 35, '2019-08-28 12:11:14', '2019-08-28 12:11:14'),
(27, 3, 36, '2019-08-29 05:39:59', '2019-08-29 05:39:59'),
(28, 7, 37, '2019-08-29 06:04:09', '2019-08-29 06:04:09'),
(29, 3, 38, '2019-08-29 06:08:31', '2019-08-29 06:08:31'),
(32, 2, 41, '2019-08-30 01:56:59', '2019-08-30 01:56:59'),
(33, 2, 42, '2019-08-30 02:13:03', '2019-08-30 02:13:03'),
(34, 2, 43, '2019-08-30 02:19:45', '2019-08-30 02:19:45'),
(35, 2, 44, '2019-08-30 02:22:54', '2019-08-30 02:22:54'),
(36, 2, 45, '2019-08-31 09:09:20', '2019-08-31 09:09:20'),
(37, 5, 46, '2019-08-31 01:29:52', '2019-08-31 01:29:52'),
(38, 2, 47, '2019-08-31 02:05:40', '2019-08-31 02:05:40'),
(39, 3, 48, '2019-10-03 07:33:21', '2019-10-03 07:33:21'),
(40, 4, 49, '2019-10-03 07:39:27', '2019-10-03 07:39:27'),
(41, 4, 50, '2019-10-03 08:44:16', '2019-10-03 08:44:16'),
(42, 5, 51, '2019-10-03 08:47:10', '2019-10-03 08:47:10'),
(43, 5, 52, '2019-10-03 08:48:13', '2019-10-03 08:48:13'),
(44, 5, 53, '2019-10-03 08:49:52', '2019-10-03 08:49:52'),
(45, 5, 54, '2019-10-03 08:50:55', '2019-10-03 08:50:55'),
(46, 6, 55, '2019-10-03 08:52:14', '2019-10-03 08:52:14'),
(47, 6, 56, '2019-10-03 08:53:14', '2019-10-03 08:53:14'),
(48, 7, 57, '2019-10-12 10:18:19', '2019-10-12 10:18:19'),
(49, 2, 58, '2019-10-31 08:55:30', '2019-10-31 08:55:30'),
(50, 1, 59, '0000-00-00 00:00:00', '0000-00-00 00:00:00'),
(51, 2, 60, '0000-00-00 00:00:00', '0000-00-00 00:00:00'),
(52, 4, 61, '0000-00-00 00:00:00', '0000-00-00 00:00:00'),
(53, 2, 62, '0000-00-00 00:00:00', '0000-00-00 00:00:00'),
(54, 4, 63, '0000-00-00 00:00:00', '0000-00-00 00:00:00'),
(55, 4, 64, '0000-00-00 00:00:00', '0000-00-00 00:00:00'),
(56, 6, 65, '2019-12-03 09:27:50', '2019-12-03 09:27:50');

-- --------------------------------------------------------

--
-- Table structure for table `sections`
--

CREATE TABLE `sections` (
  `id` int(10) UNSIGNED NOT NULL,
  `section_name` varchar(256) COLLATE utf8_unicode_ci NOT NULL,
  `dept_id` int(10) UNSIGNED NOT NULL DEFAULT '1',
  `enable` varchar(255) COLLATE utf8_unicode_ci NOT NULL DEFAULT 'yes',
  `deleted_at` timestamp NULL DEFAULT NULL,
  `created_at` timestamp NULL DEFAULT NULL,
  `updated_at` timestamp NULL DEFAULT NULL
) ENGINE=InnoDB DEFAULT CHARSET=utf8 COLLATE=utf8_unicode_ci;

--
-- Dumping data for table `sections`
--

INSERT INTO `sections` (`id`, `section_name`, `dept_id`, `enable`, `deleted_at`, `created_at`, `updated_at`) VALUES
(1, 'SEO Web Site', 1, 'Yes', '2019-05-04 07:14:08', '2018-12-05 04:58:12', '2019-05-04 07:14:08'),
(2, 'test section', 11, 'Yes', '2019-05-04 07:14:07', '2018-12-12 03:25:16', '2019-05-04 07:14:07'),
(3, 'Q A Automation testing', 3, 'yes', '2019-05-04 07:14:05', '2018-12-12 03:25:56', '2019-05-04 07:14:05'),
(4, 'F Salary', 5, 'yes', '2019-02-12 12:20:05', '2018-12-12 07:08:10', '2019-02-12 12:20:05'),
(5, 'CI Section1', 4, 'yes', '2019-05-04 07:14:03', '2019-01-22 10:57:30', '2019-05-04 07:14:03'),
(6, 'F Section1', 6, 'yes', '2019-05-04 07:14:02', '2019-01-22 10:57:44', '2019-05-04 07:14:02'),
(7, 'SEO software', 1, 'yes', '2019-05-04 07:13:59', '2019-02-12 12:18:16', '2019-05-04 07:13:59'),
(8, 'P D CI', 2, 'yes', '2019-05-04 07:13:57', '2019-02-12 12:19:14', '2019-05-04 07:13:57'),
(9, 'Q A Automation Development', 3, 'yes', '2019-05-04 07:13:55', '2019-02-12 12:19:56', '2019-05-04 07:13:55'),
(10, 'test section', 10, 'Yes', '2019-05-04 07:13:54', '2019-02-12 12:20:39', '2019-05-04 07:13:54'),
(11, 'test section', 11, 'Yes', '2019-05-04 07:13:45', '2019-02-12 12:21:44', '2019-05-04 07:13:45'),
(12, 'Testing Section1', 7, 'yes', '2019-05-04 07:13:46', '2019-03-01 13:05:17', '2019-05-04 07:13:46'),
(13, 'Testing Section2', 7, 'yes', '2019-05-04 07:13:47', '2019-03-01 13:05:35', '2019-05-04 07:13:47'),
(14, 'Java Section1', 8, 'yes', '2019-05-04 07:13:48', '2019-03-01 13:06:02', '2019-05-04 07:13:48'),
(15, 'Java Section2', 8, 'yes', '2019-05-04 07:13:50', '2019-03-01 13:06:12', '2019-05-04 07:13:50'),
(16, 'Assembly', 9, 'Yes', '2019-05-04 07:13:51', '2019-05-04 04:40:06', '2019-05-04 07:13:51'),
(17, 'Metallurgy', 7, 'Yes', '2019-05-04 07:13:52', '2019-05-04 04:40:45', '2019-05-04 07:13:52'),
(18, 'Accounting ', 25, 'Yes', NULL, '2019-05-04 08:28:48', '2019-05-04 08:28:48'),
(19, 'Audit', 25, 'Yes', NULL, '2019-05-04 08:29:16', '2019-05-04 08:29:16'),
(20, 'Financial Management', 25, 'Yes', NULL, '2019-05-04 08:30:43', '2019-06-06 13:17:27'),
(21, 'Market Research', 24, 'Yes', NULL, '2019-05-04 08:31:41', '2019-05-04 08:31:41'),
(22, 'Product Planning ', 24, 'Yes', NULL, '2019-05-04 08:32:21', '2019-05-04 08:32:21'),
(23, 'Tranning', 22, 'Yes', NULL, '2019-05-04 08:33:03', '2019-05-04 08:33:03'),
(24, 'Salary & Compensation', 22, 'Yes', NULL, '2019-05-04 08:34:16', '2019-06-06 13:15:44'),
(25, 'Industrial Relation', 22, 'Yes', NULL, '2019-05-04 08:34:58', '2019-06-06 13:15:51'),
(26, 'Administration', 22, 'Yes', NULL, '2019-05-04 08:35:26', '2019-06-06 13:16:04'),
(27, 'Production', 21, 'Yes', NULL, '2019-05-04 08:36:08', '2019-06-06 13:15:12'),
(28, 'Maintenance', 21, 'Yes', NULL, '2019-05-04 08:36:40', '2019-05-04 08:36:40'),
(29, 'production Engineering', 21, 'Yes', NULL, '2019-05-04 08:38:11', '2019-06-06 13:15:24'),
(30, 'Safety', 21, 'Yes', NULL, '2019-05-04 08:38:40', '2019-05-04 08:38:40'),
(31, 'Design', 23, 'Yes', NULL, '2019-05-04 08:39:11', '2019-05-04 08:39:11'),
(32, 'Validation', 23, 'Yes', NULL, '2019-05-04 08:39:40', '2019-06-06 13:16:19'),
(33, 'Prototyping', 23, 'Yes', NULL, '2019-05-04 08:40:28', '2019-06-06 13:16:27'),
(34, 'Testing', 20, 'Yes', NULL, '2019-05-04 08:41:05', '2019-06-06 13:11:50'),
(35, 'Line Quality', 20, 'Yes', NULL, '2019-05-04 08:41:30', '2019-06-06 13:11:56'),
(36, 'Metrology', 20, 'Yes', NULL, '2019-05-04 08:42:06', '2019-05-04 08:42:06'),
(37, 'Branding', 19, 'Yes', NULL, '2019-05-04 08:42:33', '2019-06-06 13:10:12'),
(38, 'Sales Promotion', 19, 'Yes', NULL, '2019-05-04 08:43:06', '2019-06-06 13:11:28'),
(39, 'Marketing', 19, 'Yes', NULL, '2019-05-04 08:43:29', '2019-06-06 13:11:34'),
(40, 'After Sales Service', 19, 'Yes', NULL, '2019-05-04 08:44:02', '2019-05-04 08:44:02'),
(41, 'Market Research', 28, 'Yes', NULL, '2019-05-05 13:16:04', '2019-05-05 13:16:04'),
(42, 'Product Planning	', 28, 'Yes', NULL, '2019-05-05 13:16:17', '2019-05-05 13:16:17'),
(43, 'Financial Management', 26, 'Yes', NULL, '2019-05-05 13:16:53', '2019-06-06 13:12:53'),
(44, 'Accounting', 26, 'Yes', NULL, '2019-05-05 13:17:11', '2019-06-06 13:17:14'),
(45, 'Audit', 26, 'Yes', NULL, '2019-05-05 13:17:24', '2019-06-06 13:17:07'),
(46, 'Tranning', 27, 'Yes', NULL, '2019-05-05 13:17:41', '2019-05-05 13:17:41'),
(47, 'Production', 29, 'Yes', NULL, '2019-05-05 13:21:51', '2019-06-06 13:12:26'),
(48, 'Maintenance', 29, 'Yes', NULL, '2019-05-05 13:22:04', '2019-06-06 13:12:18'),
(49, 'production Engineering', 29, 'Yes', NULL, '2019-05-05 13:22:20', '2019-06-06 13:12:13'),
(50, 'safety', 29, 'Yes', NULL, '2019-05-05 13:22:35', '2019-05-05 13:22:35'),
(51, 'Salary & Compensation', 27, 'Yes', NULL, '2019-05-05 13:22:54', '2019-06-06 13:12:40'),
(56, 'Perfromance Management', 27, 'Yes', NULL, '2019-05-07 15:10:01', '2019-05-07 15:10:01'),
(57, 'New Product Planning', 28, 'Yes', NULL, '2019-05-07 15:27:11', '2019-05-07 15:27:11'),
(58, 'Manufacturing  Engineering', 29, 'Yes', NULL, '2019-06-05 14:48:37', '2019-06-05 14:48:37'),
(61, 'test section', 46, 'Yes', NULL, '2019-08-31 10:08:37', '2019-08-31 10:08:37'),
(62, 'test 3', 46, 'Yes', '2019-08-31 10:51:26', '2019-08-31 10:51:08', '2019-08-31 10:51:20'),
(63, 'aSAsaS', 54, 'Yes', '2019-09-26 02:10:23', '2019-09-26 14:02:54', '2019-09-26 14:02:54'),
(64, 'aSAs', 54, 'Yes', '2019-09-26 02:10:20', '2019-09-26 14:10:06', '2019-09-26 14:10:06'),
(65, 'testSection', 22, 'Yes', NULL, '2019-09-27 06:01:11', '2019-09-27 06:01:11'),
(66, 'Marketing', 55, 'Yes', NULL, '2019-10-03 07:36:08', '2019-10-03 07:36:08');

-- --------------------------------------------------------

--
-- Table structure for table `settings`
--

CREATE TABLE `settings` (
  `id` int(10) UNSIGNED NOT NULL,
  `deleted_at` timestamp NULL DEFAULT NULL,
  `created_at` timestamp NULL DEFAULT NULL,
  `updated_at` timestamp NULL DEFAULT NULL,
  `business_start_month` int(11) NOT NULL DEFAULT '1'
) ENGINE=InnoDB DEFAULT CHARSET=utf8 COLLATE=utf8_unicode_ci;

-- --------------------------------------------------------

--
-- Table structure for table `set_business_plans`
--

CREATE TABLE `set_business_plans` (
  `id` int(10) UNSIGNED NOT NULL,
  `deleted_at` timestamp NULL DEFAULT NULL,
  `created_at` timestamp NULL DEFAULT NULL,
  `updated_at` timestamp NULL DEFAULT NULL,
  `menu` varchar(15) COLLATE utf8_unicode_ci NOT NULL
) ENGINE=InnoDB DEFAULT CHARSET=utf8 COLLATE=utf8_unicode_ci;

-- --------------------------------------------------------

--
-- Table structure for table `software_developments`
--

CREATE TABLE `software_developments` (
  `id` int(10) UNSIGNED NOT NULL,
  `deleted_at` timestamp NULL DEFAULT NULL,
  `created_at` timestamp NULL DEFAULT NULL,
  `updated_at` timestamp NULL DEFAULT NULL,
  `test_software` varchar(256) COLLATE utf8_unicode_ci NOT NULL DEFAULT '20'
) ENGINE=InnoDB DEFAULT CHARSET=utf8 COLLATE=utf8_unicode_ci;

-- --------------------------------------------------------

--
-- Table structure for table `statuses`
--

CREATE TABLE `statuses` (
  `id` int(10) UNSIGNED NOT NULL,
  `status_name` varchar(256) COLLATE utf8_unicode_ci NOT NULL DEFAULT '',
  `deleted_at` timestamp NULL DEFAULT NULL,
  `created_at` timestamp NULL DEFAULT NULL,
  `updated_at` timestamp NULL DEFAULT NULL
) ENGINE=InnoDB DEFAULT CHARSET=utf8 COLLATE=utf8_unicode_ci;

--
-- Dumping data for table `statuses`
--

INSERT INTO `statuses` (`id`, `status_name`, `deleted_at`, `created_at`, `updated_at`) VALUES
(1, 'Open', NULL, '2018-12-12 06:12:46', '2019-01-16 04:00:43'),
(2, 'Delayed', NULL, '2018-12-12 06:12:59', '2019-01-16 05:13:48'),
(3, 'Closed', NULL, '2018-12-12 06:13:13', '2019-01-16 04:01:42'),
(4, 'Closed With Delay', NULL, '2018-12-12 06:13:47', '2019-11-26 14:01:39'),
(5, 'On Hold', NULL, '2018-12-12 06:14:41', '2019-11-26 14:02:13');

-- --------------------------------------------------------

--
-- Table structure for table `status_strategic_objs`
--

CREATE TABLE `status_strategic_objs` (
  `id` int(10) UNSIGNED NOT NULL,
  `deleted_at` timestamp NULL DEFAULT NULL,
  `created_at` timestamp NULL DEFAULT NULL,
  `updated_at` timestamp NULL DEFAULT NULL,
  `name` varchar(256) COLLATE utf8_unicode_ci NOT NULL
) ENGINE=InnoDB DEFAULT CHARSET=utf8 COLLATE=utf8_unicode_ci;

-- --------------------------------------------------------

--
-- Table structure for table `strategic_objectives`
--

CREATE TABLE `strategic_objectives` (
  `id` int(10) UNSIGNED NOT NULL,
  `description` varchar(10000) COLLATE utf8_unicode_ci NOT NULL,
  `target` varchar(256) COLLATE utf8_unicode_ci NOT NULL,
  `start_date` date NOT NULL,
  `end_date` date NOT NULL,
  `unit_id` int(10) UNSIGNED NOT NULL DEFAULT '1',
  `department_id` int(10) UNSIGNED NOT NULL DEFAULT '1',
  `functions_id` int(10) UNSIGNED NOT NULL DEFAULT '1',
  `tracking_frequency` varchar(255) COLLATE utf8_unicode_ci NOT NULL,
  `deleted_at` timestamp NULL DEFAULT NULL,
  `created_at` timestamp NULL DEFAULT NULL,
  `updated_at` timestamp NULL DEFAULT NULL,
  `user_id` int(10) UNSIGNED NOT NULL DEFAULT '1',
  `status` int(10) UNSIGNED NOT NULL DEFAULT '1',
  `unit_of_measurement` int(10) UNSIGNED NOT NULL DEFAULT '1',
  `percentage` varchar(256) COLLATE utf8_unicode_ci NOT NULL,
  `previous_status` int(10) UNSIGNED NOT NULL
) ENGINE=InnoDB DEFAULT CHARSET=utf8 COLLATE=utf8_unicode_ci;

--
-- Dumping data for table `strategic_objectives`
--

INSERT INTO `strategic_objectives` (`id`, `description`, `target`, `start_date`, `end_date`, `unit_id`, `department_id`, `functions_id`, `tracking_frequency`, `deleted_at`, `created_at`, `updated_at`, `user_id`, `status`, `unit_of_measurement`, `percentage`, `previous_status`) VALUES
(2, 'A data management  ', '1strategic objectives second', '0000-00-00', '0000-00-00', 3, 3, 1, 'weekly', '2019-02-28 05:21:57', '2018-12-24 06:14:50', '2019-02-21 01:37:04', 15, 1, 1, '0', 0),
(3, 'A data management 2', 'strategic objectives second', '0000-00-00', '0000-00-00', 2, 1, 1, 'weekly', '2019-02-28 05:25:36', '2018-12-24 06:19:11', '2019-02-19 00:10:36', 15, 1, 1, '0', 0),
(4, '2adsasdasd', 'ssssssss', '0000-00-00', '0000-00-00', 2, 1, 1, 'weekly', '2019-02-28 05:25:32', '2019-01-23 06:19:46', '2019-01-23 06:19:46', 15, 1, 1, '0', 0),
(6, 'sssssss', '1', '0000-00-00', '0000-00-00', 2, 2, 1, 'weekly', '2019-02-28 05:25:29', '2019-01-24 03:21:16', '2019-01-24 03:21:16', 15, 1, 1, '0', 0),
(7, 'sssssss', '1', '0000-00-00', '0000-00-00', 2, 3, 1, 'weekly', '2019-02-28 05:25:25', '2019-01-24 03:21:16', '2019-01-24 03:21:16', 15, 1, 1, '0', 0),
(8, 'Strategic first', '2', '0000-00-00', '0000-00-00', 3, 3, 1, 'Weekly', '2019-03-01 01:51:57', '2019-01-30 10:30:48', '2019-01-30 10:30:48', 20, 1, 1, '0', 0),
(9, 'Strategic second', 'hh', '0000-00-00', '0000-00-00', 3, 2, 1, 'Monthly', '2019-03-01 12:57:38', '2019-01-30 10:31:35', '2019-01-30 10:37:22', 20, 1, 1, '0', 0),
(10, 'Strategic 3', '1', '0000-00-00', '0000-00-00', 3, 3, 1, 'Yearly', '2019-01-30 10:35:39', '2019-01-30 10:32:05', '2019-01-30 10:32:05', 20, 1, 1, '0', 0),
(11, 'hhhhh', 'hhhh', '0000-00-00', '0000-00-00', 3, 3, 1, 'Monthly', '2019-01-30 11:32:54', '2019-01-30 10:46:52', '2019-01-30 10:46:52', 20, 1, 1, '0', 0),
(12, 'hhhhh', 'hhhh', '0000-00-00', '0000-00-00', 3, 4, 1, 'Monthly', '2019-01-30 11:33:25', '2019-01-30 10:46:52', '2019-01-30 10:46:52', 20, 1, 1, '0', 0),
(13, 'hhhhh', 'hhhh', '0000-00-00', '0000-00-00', 3, 5, 1, 'Monthly', '2019-01-30 11:34:06', '2019-01-30 10:46:52', '2019-01-30 10:46:52', 20, 1, 1, '0', 0),
(14, 'Sell 50 K vehiles', '30 k', '0000-00-00', '0000-00-00', 2, 3, 1, 'Quarterly', '2019-02-28 05:25:24', '2019-02-03 10:53:13', '2019-02-03 10:53:13', 15, 1, 1, '0', 0),
(15, 'Sell 50 K vehiles', '30 k', '0000-00-00', '0000-00-00', 2, 3, 1, 'Quarterly', '2019-02-28 05:25:20', '2019-02-03 10:53:16', '2019-02-03 10:53:16', 15, 1, 1, '0', 0),
(16, 'Sell 50k mobile phone  in next 3 year', '30 k', '0000-00-00', '0000-00-00', 1, 5, 1, 'Yearly', '2019-02-28 05:26:08', '2019-02-05 15:30:41', '2019-02-05 15:30:41', 15, 1, 1, '0', 0),
(17, 'Sell 50 K Mobile in 3 years', '30k', '0000-00-00', '0000-00-00', 3, 2, 1, 'Yearly', '2019-02-28 05:21:48', '2019-02-05 18:02:05', '2019-02-05 18:02:05', 15, 1, 1, '0', 0),
(18, 'Improve market share by 10% wihin 3 years', '6', '0000-00-00', '0000-00-00', 1, 4, 1, 'Yearly', '2019-02-28 05:26:12', '2019-02-07 11:46:45', '2019-02-07 11:46:45', 15, 1, 1, '0', 0),
(19, 'Improve market share by 10% wihin 3 years', '6', '0000-00-00', '0000-00-00', 1, 4, 1, 'Yearly', '2019-02-28 05:26:04', '2019-02-07 11:46:46', '2019-02-07 11:46:46', 15, 1, 1, '0', 0),
(20, '121212121wewewewewwwwwww', '12', '0000-00-00', '0000-00-00', 1, 5, 1, 'Quarterly', '2019-02-28 06:22:25', '2019-02-08 09:27:06', '2019-02-28 06:22:25', 21, 1, 1, '0', 0),
(21, 'fdsfdsfcsd', '2111', '0000-00-00', '0000-00-00', 3, 1, 1, 'Monthly', '2019-02-28 05:21:43', '2019-02-08 12:46:13', '2019-02-08 12:46:13', 15, 1, 1, '0', 0),
(22, 'fdsfdsfcsd', '2111', '0000-00-00', '0000-00-00', 3, 2, 1, 'Monthly', '2019-02-28 05:21:40', '2019-02-08 12:46:13', '2019-02-08 12:46:13', 15, 1, 1, '0', 0),
(23, 'fdsfdsfcsd', '2111', '0000-00-00', '0000-00-00', 3, 1, 1, 'Monthly', '2019-02-28 05:21:35', '2019-02-08 12:46:14', '2019-02-08 12:46:14', 15, 1, 1, '0', 0),
(24, 'fdsfdsfcsd', '2111', '0000-00-00', '0000-00-00', 3, 2, 1, 'Monthly', '2019-02-28 05:21:33', '2019-02-08 12:46:14', '2019-02-08 12:46:14', 15, 1, 1, '0', 0),
(25, 'qwewdewdsc', '1212', '0000-00-00', '0000-00-00', 3, 1, 1, 'Monthly', '2019-02-28 05:21:25', '2019-02-08 12:47:37', '2019-02-08 12:47:37', 15, 1, 1, '0', 0),
(26, 'qwewdewdsc', '1212', '0000-00-00', '0000-00-00', 3, 2, 1, 'Monthly', '2019-02-28 05:21:28', '2019-02-08 12:47:37', '2019-02-08 12:47:37', 15, 1, 1, '0', 0),
(27, 'qwewdewdsc999', '1212', '0000-00-00', '0000-00-00', 3, 3, 1, 'Monthly', '2019-02-28 05:21:22', '2019-02-08 12:47:37', '2019-02-12 13:14:13', 15, 1, 1, '0', 0),
(28, 'aaaaaaaaaaaaaa', 'aaaaaaaaaaaaaa', '0000-00-00', '0000-00-00', 3, 2, 1, 'Monthly', '2019-02-12 12:38:23', '2019-02-12 12:38:15', '2019-02-12 12:38:15', 15, 1, 1, '0', 0),
(29, 'test', 'aSas', '0000-00-00', '0000-00-00', 2, 2, 1, 'Monthly', '2019-02-25 01:58:26', '2019-02-25 13:58:13', '2019-02-25 13:58:13', 20, 1, 1, '0', 0),
(30, 'Strategic  1', 'aaaaaaa1', '0000-00-00', '0000-00-00', 3, 6, 1, 'Weekly', '2019-03-01 12:57:43', '2019-03-01 12:40:59', '2019-03-01 12:40:59', 20, 1, 1, '0', 0),
(31, 'Strategic  1', '1', '0000-00-00', '0000-00-00', 3, 1, 1, 'Weekly', '2019-03-01 12:57:54', '2019-03-01 12:41:17', '2019-03-01 12:41:17', 20, 1, 1, '0', 0),
(32, 'Strategic  1', '1', '0000-00-00', '0000-00-00', 3, 2, 1, 'Monthly', '2019-03-01 12:57:49', '2019-03-01 12:41:31', '2019-03-01 12:41:31', 20, 1, 1, '0', 0),
(33, 'Strategic 1', '1', '0000-00-00', '0000-00-00', 3, 4, 1, 'Monthly', '2019-03-01 01:51:54', '2019-03-01 12:41:49', '2019-03-01 12:41:49', 20, 1, 1, '0', 0),
(34, 'Strategic first', '2', '0000-00-00', '0000-00-00', 3, 7, 1, 'Weekly', '2019-03-01 01:51:51', '2019-03-01 13:03:05', '2019-03-01 13:03:05', 20, 1, 1, '0', 0),
(35, 'Strategic 2', '1', '0000-00-00', '0000-00-00', 3, 8, 1, 'Weekly', '2019-03-01 01:51:47', '2019-03-01 13:03:20', '2019-03-01 13:03:20', 20, 1, 1, '0', 0),
(36, 'Strategic 1', '1', '0000-00-00', '0000-00-00', 3, 3, 1, 'Monthly', '2019-03-01 02:12:32', '2019-03-01 13:52:46', '2019-03-01 14:10:01', 20, 1, 1, '0', 0),
(37, 'Strategic 2', '1', '0000-00-00', '0000-00-00', 3, 4, 1, 'Weekly', '2019-03-01 02:12:26', '2019-03-01 13:55:42', '2019-03-01 14:06:05', 20, 1, 1, '0', 0),
(38, 'Strategic 3', '1', '0000-00-00', '0000-00-00', 3, 7, 1, 'Monthly', '2019-03-01 02:12:22', '2019-03-01 13:56:04', '2019-03-01 14:06:11', 20, 1, 1, '0', 0),
(39, 'A data management plan is a document', '1', '0000-00-00', '0000-00-00', 3, 3, 1, 'typeee', '2019-03-06 00:00:00', '2019-03-01 14:13:23', '2019-03-19 10:14:12', 15, 1, 1, '0', 0),
(40, 'Strategic 2', '1', '0000-00-00', '0000-00-00', 3, 4, 1, 'Monthly', '2019-03-19 10:24:50', '2019-03-01 14:17:15', '2019-03-19 10:21:28', 20, 1, 1, '0', 0),
(41, 'Strategic 4', '1', '0000-00-00', '0000-00-00', 3, 7, 1, 'Monthly', '2019-03-18 00:00:00', '2019-03-01 14:17:15', '2019-03-19 10:21:15', 20, 1, 1, '0', 0),
(42, 'Strategic 3', '1', '0000-00-00', '0000-00-00', 3, 8, 1, 'Monthly', '2019-03-19 10:24:40', '2019-03-01 14:17:15', '2019-03-19 10:21:00', 20, 1, 1, '0', 0),
(43, 'Add more dealers ', '20', '0000-00-00', '0000-00-00', 3, 7, 1, 'Quarterly', '2019-03-05 00:00:00', '2019-03-02 16:22:37', '2019-03-19 10:25:54', 15, 1, 1, '0', 0),
(44, 'Add more dealers in the network', '20', '0000-00-00', '0000-00-00', 3, 7, 1, 'Monthly', '2019-03-20 07:21:36', '2019-03-19 10:25:39', '2019-03-19 01:00:32', 20, 1, 1, '0', 0),
(45, 'Expand market in India and achieve 10% Market share', '5%', '0000-00-00', '0000-00-00', 3, 8, 1, 'Quarterly', '2019-03-20 07:21:32', '2019-03-19 16:08:03', '2019-03-19 16:08:03', 20, 1, 1, '0', 0),
(46, 'Successful launch of a new product', 'SOP Nov 19', '0000-00-00', '0000-00-00', 3, 4, 1, 'Monthly', '2019-03-20 07:21:27', '2019-03-19 16:09:48', '2019-03-19 16:10:37', 20, 1, 1, '0', 0),
(47, 'Deliver new launches, tools and services considering safety as an overriding priority not only  \nfor design activity, but also as shared operational responsibility. ', 'hhhhh', '2019-03-27', '2021-01-05', 3, 4, 1, 'Quarterly', '2019-05-04 07:02:58', '2019-03-20 07:24:03', '2019-05-04 05:00:21', 20, 1, 1, '0', 0),
(48, 'Achieve global leadership in initial, long term and perceptual quality, product and processes utilizing GMS and empowered teams', '5', '2019-03-27', '2022-01-03', 3, 4, 1, 'Yearly', '2019-05-04 07:03:03', '2019-03-20 07:24:59', '2019-03-27 10:00:39', 20, 1, 1, '0', 0),
(49, 'Develope Product measurement tool', 'CPIP', '2019-03-27', '2022-01-03', 3, 7, 1, 'Quarterly', '2019-05-04 07:03:07', '2019-03-20 16:02:08', '2019-03-27 10:02:53', 20, 1, 1, '0', 0),
(50, 'Enhance Production capacity to 200 MT', '150', '2019-03-27', '2021-01-05', 3, 9, 1, 'Quarterly', '2019-05-04 07:03:12', '2019-03-21 11:44:20', '2019-03-27 10:00:54', 20, 1, 1, '0', 0),
(51, 'Test  Production capacity to 200 MT', '20', '2019-03-23', '2019-04-18', 3, 3, 1, 'Monthly', '2019-03-23 10:30:33', '2019-03-23 08:36:27', '2019-03-23 10:07:31', 20, 1, 2, '0', 0),
(52, 'S O 1', '200', '2019-03-29', '2021-11-11', 3, 3, 1, 'Monthly', '2019-05-04 07:03:18', '2019-03-23 10:31:41', '2019-05-04 05:01:47', 20, 1, 1, '0', 0),
(53, 'S O 1', '200', '2019-03-27', '2022-01-04', 3, 4, 1, 'Monthly', '2019-04-27 04:30:31', '2019-03-23 10:31:41', '2019-03-27 10:03:48', 20, 1, 1, '0', 0),
(54, 'Have a new Green Field plant ', 'Pilot production ', '2019-03-30', '2021-01-04', 3, 9, 1, 'Quarterly', '2019-05-04 07:03:23', '2019-03-23 15:05:08', '2019-03-30 11:37:02', 20, 1, 3, '0', 0),
(55, 'Strategic Objective for XYZ', '20', '2019-04-01', '2021-04-01', 3, 4, 1, 'Quarterly', '2019-05-04 07:03:36', '2019-03-24 04:48:41', '2019-03-30 11:35:49', 20, 1, 1, '0', 0),
(56, 'Strategic Objective for XYZ', '20', '2019-03-27', '2021-12-06', 3, 7, 1, 'Quarterly', '2019-05-04 07:03:28', '2019-03-24 04:48:41', '2019-03-27 10:01:27', 20, 1, 1, '0', 0),
(57, 'Strategic Objective for XYZ', '20', '2019-03-30', '2020-12-02', 3, 9, 1, 'Quarterly', '2019-05-04 07:03:32', '2019-03-24 04:48:41', '2019-03-30 11:35:36', 20, 1, 1, '0', 0),
(58, 'Improve Employees satisfaction survey to 90%', '90', '2019-04-01', '2020-03-31', 3, 12, 1, 'Quarterly', '2019-04-26 06:21:26', '2019-03-29 16:31:13', '2019-03-29 16:32:04', 20, 1, 1, '0', 0),
(59, 'test Strategic', '55', '2019-04-26', '2020-02-11', 1, 6, 1, 'Monthly', '2019-05-04 07:24:52', '2019-04-26 07:38:00', '2019-05-04 07:24:52', 20, 1, 3, '0', 0),
(60, 'test Strategic', '55', '1970-01-01', '1970-01-01', 1, 2, 1, 'Monthly', '2019-05-04 07:24:55', '2019-04-26 07:38:01', '2019-05-04 07:24:55', 20, 1, 3, '0', 0),
(61, 'test', '33', '2019-04-26', '2021-02-02', 3, 4, 1, 'Monthly', '2019-05-04 07:03:46', '2019-04-26 07:40:44', '2019-04-26 07:40:44', 20, 1, 2, '0', 0),
(62, 'test', '33', '2020-02-04', '2022-01-03', 3, 3, 1, 'Monthly', '2019-05-04 07:03:40', '2019-04-26 07:40:44', '2019-05-01 06:05:51', 20, 1, 2, '0', 0),
(63, 'hdjskaksowowkks', '350', '2019-04-30', '2019-10-31', 3, 3, 1, 'Quarterly', '2019-05-04 07:03:49', '2019-04-30 18:00:41', '2019-04-30 18:00:41', 20, 1, 1, '0', 0),
(64, 'ahsjskslslsk', '500', '2019-05-03', '2019-10-31', 3, 12, 1, 'Monthly', '2019-05-04 07:03:54', '2019-05-03 17:03:29', '2019-05-03 17:03:29', 20, 1, 1, '0', 0),
(65, 'Deliver new launches, tools and services considering Quality as top priority in entire value chain ', 'Next 3 years', '2019-01-02', '2021-03-31', 3, 20, 1, 'Monthly', NULL, '2019-05-04 09:04:11', '2019-10-30 14:15:06', 20, 2, 2, '0', 2),
(66, 'Create a winning Operations team focused on high performance and high engagement. ', 'SOP new launches on time', '2019-01-01', '2021-01-18', 3, 29, 1, 'Quarterly', NULL, '2019-05-04 09:05:14', '2019-10-17 17:43:22', 20, 1, 2, '0', 5),
(67, 'Achieve global leadership in initial, long term and perceptual quality, product and processes utilizing QMS and empowered teams', 'No 1 in Quality Survey', '2019-05-01', '2021-12-01', 3, 20, 1, 'Quarterly', NULL, '2019-05-04 09:06:42', '2019-10-30 02:16:12', 20, 5, 1, '89', 5),
(68, 'Launch 25 new product with New technology', 'SOP on time', '2019-02-05', '2022-03-31', 3, 23, 1, 'Quarterly', NULL, '2019-05-04 16:24:27', '2019-10-30 02:10:17', 20, 4, 3, '90', 4),
(69, 'sssssssssssss', 'ssssssssssss', '2019-05-07', '2021-06-21', 3, 28, 1, 'Monthly', '2019-05-07 06:10:17', '2019-05-07 06:09:55', '2019-05-07 06:09:55', 20, 1, 1, '0', 1),
(70, 'sssssssssssss', 'ssssssssssss', '1970-01-01', '1970-01-01', 3, 26, 1, 'Monthly', '2019-05-07 06:10:11', '2019-05-07 06:09:55', '2019-05-07 06:09:55', 20, 1, 1, '0', 1),
(71, 'Increase plat capacity to achieve 500000 units per anuum', 'Dec 2019', '2019-05-07', '2020-10-31', 3, 29, 1, 'Quarterly', NULL, '2019-05-07 14:56:03', '2019-11-01 07:26:58', 20, 5, 2, '89', 5),
(72, 'Create a high performing organization  ', 'Lean organizatiin', '2019-01-01', '2019-12-31', 3, 27, 1, 'Monthly', NULL, '2019-05-07 15:07:56', '2019-11-28 07:00:09', 20, 4, 2, '93', 4),
(73, '20% Annual Growth in Top line with CAGR 15 % plus', '20%', '2019-04-01', '2021-03-31', 3, 26, 1, 'Monthly', NULL, '2019-05-07 15:17:46', '2019-11-25 06:11:20', 20, 3, 2, '100', 3),
(74, 'Prepare a long term Quality Organization', 'Prepare and roll out to employees', '2019-05-07', '2020-03-31', 3, 20, 1, 'Quarterly', '2019-06-05 03:10:09', '2019-05-07 15:24:45', '2019-05-07 15:24:45', 20, 1, 2, '0', 1),
(75, 'Prepare a long term plan for penetrating the rural and urban market with new product portfolio', 'Business plan and execution', '2019-01-03', '2021-03-31', 3, 28, 1, 'Quarterly', NULL, '2019-05-07 15:29:05', '2019-11-23 05:34:39', 20, 3, 2, '100', 3),
(76, 'Continue to build strong team with stability. Reduce attrition.', '<5', '2019-02-12', '2020-12-09', 3, 27, 1, 'Monthly', '2019-07-02 03:52:19', NULL, '2019-06-22 16:12:00', 1, 1, 1, '0', 1),
(77, 'Initiate activities to make Company a Great Place to work', 'Next 2 years', '2019-03-06', '2021-03-31', 3, 27, 1, 'Quarterly', '2019-09-28 12:22:54', NULL, '2019-08-02 02:52:45', 1, 1, 2, '0', 1),
(78, 'ssssssssssssssss', '45', '2019-03-06', '2021-08-06', 3, 20, 1, 'Monthly', '2019-06-03 07:04:37', NULL, NULL, 1, 1, 1, '0', 1),
(79, 'gggggg', '34', '2019-03-06', '1970-01-01', 3, 20, 1, 'Quarterly', '2019-06-03 06:07:40', NULL, NULL, 1, 1, 1, '0', 1),
(80, 'gggggg', '34', '2019-03-06', '1970-01-01', 3, 20, 1, 'Quarterly', '2019-06-03 06:59:15', NULL, NULL, 1, 1, 1, '0', 1),
(81, 'gggggg', '34', '2019-03-06', '1970-01-01', 3, 19, 1, 'Quarterly', '2019-06-03 06:59:21', NULL, NULL, 1, 1, 1, '0', 1),
(82, 'fico', '45', '2019-03-06', '2021-08-06', 3, 20, 1, 'Monthly', '2019-06-03 07:04:28', NULL, NULL, 1, 1, 1, '0', 1),
(83, 'fico multipal', '45', '2019-03-06', '2021-08-06', 3, 20, 1, 'Monthly', '2019-06-03 07:03:49', NULL, NULL, 1, 1, 1, '0', 1),
(84, 'fico multipal', '45', '2019-03-06', '2021-08-06', 3, 20, 1, 'Monthly', '2019-06-03 07:03:57', NULL, NULL, 1, 1, 1, '0', 1),
(85, 'fico multipal', '45', '2019-03-06', '2021-08-06', 3, 21, 1, 'Monthly', '2019-06-03 07:03:43', NULL, NULL, 1, 1, 1, '0', 1),
(86, 'Multiple Strategic', '400', '2019-03-06', '2021-09-11', 3, 20, 1, 'Monthly', '2019-06-03 07:15:30', NULL, NULL, 1, 1, 1, '0', 1),
(87, 'Multiple Strategic', '400', '2019-03-06', '2021-09-11', 3, 20, 1, 'Monthly', '2019-06-03 07:15:44', NULL, NULL, 1, 1, 1, '0', 1),
(88, 'Multiple Strategic', '400', '2019-03-06', '2021-09-11', 3, 23, 1, 'Monthly', '2019-06-03 07:15:22', NULL, NULL, 1, 1, 1, '0', 1),
(89, 'Multiple Strategic', '400', '2019-03-06', '2021-03-11', 3, 26, 1, 'Quarterly', '2019-06-03 05:17:02', '2019-06-03 07:16:19', '2019-06-03 07:16:19', 1, 1, 1, '0', 1),
(90, 'Multiple Strategic', '400', '2019-03-06', '2021-03-11', 3, 20, 1, 'Quarterly', '2019-06-03 05:17:10', '2019-06-03 07:16:19', '2019-06-03 07:16:19', 1, 1, 1, '0', 1),
(91, 'Achieve 15%  Market share in mobile application technology', '10%', '2019-03-06', '2020-03-31', 3, 19, 1, 'Monthly', NULL, '2019-06-03 05:28:16', '2019-11-27 02:01:26', 1, 4, 1, '95', 4),
(92, 'Ensure Safe and Healthy work place with complete regulatory complianceses', '100', '2019-07-06', '2020-03-31', 3, 29, 1, 'Monthly', NULL, '2019-06-07 04:09:28', '2019-11-02 12:14:38', 1, 4, 1, '90', 4),
(93, 'testn description', '2019', '1970-01-01', '1970-01-01', 3, 23, 1, '', '2019-09-25 07:26:29', '2019-09-05 20:05:47', '2019-09-05 20:05:47', 1, 1, 1, '0', 1),
(94, 'testn description', '2019', '1970-01-01', '1970-01-01', 3, 23, 1, '', '2019-09-25 07:26:22', '2019-09-05 20:06:24', '2019-09-05 20:06:24', 1, 1, 1, '0', 1),
(95, 'testn description', '2019', '1970-01-01', '1970-01-01', 3, 23, 1, '', '2019-09-25 07:26:15', '2019-09-07 00:22:48', '2019-09-07 00:22:48', 1, 1, 1, '0', 1),
(96, 'testn description', '2019', '1970-01-01', '1970-01-01', 3, 23, 1, '', '2019-09-25 07:25:30', '2019-09-20 05:09:31', '2019-09-20 05:09:31', 1, 1, 1, '0', 1),
(97, 'rajendrsdd ddhdhdhd', '2012', '1970-01-01', '1970-01-01', 3, 28, 1, '', '2019-09-25 07:25:37', '2019-09-23 04:56:16', '2019-09-23 04:56:16', 1, 1, 1, '0', 1),
(98, 'rajendrsdd ddhdhdhd', '2012', '1970-01-01', '1970-01-01', 3, 26, 1, '', '2019-09-25 07:25:52', '2019-09-23 04:56:16', '2019-09-23 04:56:16', 1, 1, 1, '0', 1),
(99, 'rajendrsdd ddhdhdhd', '2012', '1970-01-01', '1970-01-01', 3, 27, 1, '', '2019-09-25 07:25:56', '2019-09-23 04:56:16', '2019-09-23 04:56:16', 1, 1, 1, '0', 1),
(100, 'rajendrsdd ddhdhdhd', '2012', '1970-01-01', '1970-01-01', 3, 20, 1, '', '2019-09-25 07:26:03', '2019-09-23 04:56:16', '2019-09-23 04:56:16', 1, 1, 1, '0', 1),
(101, 'rajendrsdd ddhdhdhd', '2012', '1970-01-01', '1970-01-01', 3, 19, 1, '', '2019-09-25 07:26:08', '2019-09-23 04:56:16', '2019-09-23 04:56:16', 1, 1, 1, '0', 1),
(102, 'bbb', '2019', '1970-01-01', '1970-01-01', 3, 26, 1, '', '2019-09-27 06:59:40', '2019-09-26 09:32:58', '2019-09-26 09:32:58', 1, 1, 1, '0', 1),
(103, 'bbb', '2019', '1970-01-01', '1970-01-01', 3, 27, 1, '', '2019-09-27 06:59:31', '2019-09-26 09:32:58', '2019-09-26 09:32:58', 1, 1, 1, '0', 1),
(104, 'bbb', '2019', '1970-01-01', '1970-01-01', 3, 29, 1, '', '2019-09-27 06:59:20', '2019-09-26 09:32:58', '2019-09-26 09:32:58', 1, 1, 1, '0', 1),
(105, 'asdsadsad', 'sadsadsad', '1970-01-01', '1970-01-01', 3, 28, 1, '', '2019-09-28 12:22:47', '2019-09-28 12:22:32', '2019-09-28 12:22:32', 1, 1, 1, '0', 1),
(106, 'asdsadsad', 'sadsadsad', '1970-01-01', '1970-01-01', 3, 28, 1, '', '2019-09-28 12:23:21', '2019-09-28 12:22:36', '2019-09-28 12:22:36', 1, 1, 1, '0', 1),
(107, 'Deliver new launches, tools and services considering Quality as top priority in entire value chain ', 'Next 3 years', '2019-01-07', '2021-04-01', 2, 21, 1, '', NULL, '2019-10-01 01:22:51', '2019-10-03 10:18:01', 1, 1, 2, '0', 1),
(108, 'ddddddddddd', 'ddddddddddddd', '2019-01-01', '2021-02-02', 3, 23, 1, '', '2019-10-03 07:23:59', '2019-10-03 07:23:41', '2019-10-03 07:23:41', 1, 1, 1, '0', 1),
(109, 'ddddddddddd', 'ddddddddddddd', '2019-01-01', '2021-02-02', 3, 19, 1, '', '2019-10-03 07:23:52', '2019-10-03 07:23:41', '2019-10-03 07:23:41', 1, 1, 1, '0', 1),
(110, 'dddddddddd', 'dddddddddddd', '2019-01-01', '2021-02-02', 3, 28, 1, '', '2019-10-03 09:32:14', '2019-10-03 07:26:54', '2019-10-03 07:26:54', 1, 1, 1, '0', 1),
(111, 'dddddddddd', 'dddddddddddd', '2019-01-01', '2021-02-02', 3, 27, 1, '', '2019-10-03 09:32:08', '2019-10-03 07:26:54', '2019-10-03 07:26:54', 1, 1, 1, '0', 1),
(112, 'Create a winning ME global culture focused on high performance and high engagement.\n', 'SOP new launches on time', '2019-01-01', '2021-10-02', 2, 21, 1, '', NULL, '2019-10-03 09:39:50', '2019-10-03 09:39:50', 1, 1, 1, '0', 1),
(113, 'Achieve global leadership in initial, long term and perceptual quality, product and processes utilizing QMS and empowered teams', 'No 1 in Quality Survey', '2019-01-09', '2022-01-03', 2, 21, 1, '', NULL, '2019-10-03 09:42:38', '2019-10-05 10:12:59', 1, 1, 1, '0', 1),
(114, 'Launch 25 new product with New technology\n', 'SOP on time', '2019-04-02', '2022-02-08', 2, 24, 1, '', NULL, '2019-10-03 09:50:15', '2019-10-03 09:54:45', 1, 1, 1, '0', 1),
(115, 'Increase plat capacity to achieve 200000 units per annum\n\n', 'Dec-19', '2019-04-02', '2021-04-15', 2, 24, 1, '', NULL, '2019-10-03 09:50:17', '2019-10-03 09:57:43', 1, 1, 2, '0', 1),
(116, 'Create a high performing organization\n', 'Lean organizatiin', '2019-01-01', '2022-12-30', 2, 22, 1, '', NULL, '2019-10-03 09:59:11', '2019-10-05 10:51:03', 1, 1, 1, '0', 5),
(117, 'Create a high performing organization\n', 'Lean organizatiin', '1970-01-01', '1970-01-01', 2, 22, 1, '', '2019-10-03 10:07:04', '2019-10-03 09:59:19', '2019-10-03 09:59:19', 1, 1, 1, '0', 1),
(118, 'Create a high performing organization\n', 'Lean organizatiin', '1970-01-01', '1970-01-01', 2, 22, 1, '', '2019-10-03 10:06:56', '2019-10-03 09:59:24', '2019-10-03 09:59:24', 1, 1, 1, '0', 1),
(119, 'Create a high performing organization\n', 'Lean organizatiin', '1970-01-01', '1970-01-01', 2, 22, 1, '', '2019-10-03 10:07:27', '2019-10-03 09:59:28', '2019-10-03 09:59:28', 1, 1, 1, '0', 1),
(120, 'Create a high performing organization\n', 'Lean organizatiin', '1970-01-01', '1970-01-01', 2, 22, 1, '', '2019-10-03 10:07:18', '2019-10-03 09:59:34', '2019-10-03 09:59:34', 1, 1, 1, '0', 1),
(121, 'Create a high performing organization\n', 'Lean organizatiin', '1970-01-01', '1970-01-01', 2, 22, 1, '', '2019-10-03 10:07:11', '2019-10-03 09:59:34', '2019-10-03 09:59:34', 1, 1, 1, '0', 1),
(122, 'egfdsgsg', 'dsgsgsgsg', '2019-03-10', '1970-01-01', 3, 28, 1, '', '2019-10-03 10:09:35', '2019-10-03 10:02:26', '2019-10-03 10:02:26', 1, 1, 1, '0', 1),
(123, 'ewfrewfrewrf', 'ewrewrewr', '1970-01-01', '1970-01-01', 3, 26, 1, '', '2019-10-03 10:09:28', '2019-10-03 10:03:04', '2019-10-03 10:03:04', 1, 1, 1, '0', 1),
(124, '20% Annual Growth in Top line with CAGR 15 % plus\n', '20%', '2019-02-05', '2022-10-03', 2, 22, 1, '', NULL, '2019-10-03 10:04:53', '2019-10-05 10:33:44', 1, 1, 1, '0', 5),
(125, 'Prepare a long term plan for penetrating the rural and urban market with new product portfolio\n', 'Business plan and execution', '2019-01-02', '2022-10-31', 2, 55, 1, '', NULL, '2019-10-03 10:10:45', '2019-10-05 10:49:22', 1, 1, 1, '0', 5),
(126, 'Achieve 15% Market share in mobile application technology\n', '10%', '2019-03-03', '2022-07-28', 2, 24, 1, '', NULL, '2019-10-03 10:12:52', '2019-10-05 10:13:49', 1, 1, 1, '0', 1),
(127, 'Ensure Safe and Healthy work place with complete regulatory complianceses\n', '100', '2019-01-17', '2022-11-15', 2, 55, 1, '', NULL, '2019-10-03 10:17:30', '2019-10-05 10:48:39', 1, 1, 1, '0', 5),
(128, 'aaaaaaaaa', 'aaaaaaaaaaaa', '2019-04-10', '2019-04-10', 3, 28, 1, '', '2019-10-04 12:46:54', '2019-10-04 12:46:43', '2019-10-04 12:46:43', 1, 1, 1, '0', 1),
(129, 'test', 'test', '2019-04-10', '2019-10-10', 3, 28, 1, '', '2019-10-04 01:56:19', '2019-10-04 01:54:00', '2019-10-04 01:54:00', 1, 1, 1, '0', 1),
(130, 'test', 'test', '2019-04-10', '2019-10-10', 3, 28, 1, '', '2019-10-04 01:56:27', '2019-10-04 01:54:05', '2019-10-04 01:54:05', 1, 1, 1, '0', 1),
(131, 'aaaaaaaaaaaaaaa', 'aaaaaaaaaaaaa', '2019-05-10', '2021-12-10', 3, 28, 1, '', '2019-10-05 09:44:43', '2019-10-05 09:44:32', '2019-10-05 09:44:32', 1, 1, 1, '0', 1),
(132, 'aaaaaaaa', 'aaaaaaa', '2019-05-10', '2019-09-10', 3, 28, 1, '', '2019-10-05 10:10:37', '2019-10-05 10:09:18', '2019-10-05 10:09:18', 1, 1, 1, '0', 1),
(133, 'aaaaaaaaaaaaaaaaaa', 'adwetgfwegfwegweg', '2019-05-10', '2019-11-10', 3, 26, 1, '', '2019-10-05 10:10:30', '2019-10-05 10:09:58', '2019-10-05 10:09:58', 1, 1, 1, '0', 1);

-- --------------------------------------------------------

--
-- Table structure for table `strategic_obj_statuses`
--

CREATE TABLE `strategic_obj_statuses` (
  `id` int(10) UNSIGNED NOT NULL,
  `deleted_at` timestamp NULL DEFAULT NULL,
  `created_at` timestamp NULL DEFAULT NULL,
  `updated_at` timestamp NULL DEFAULT NULL,
  `s_o_id` int(10) UNSIGNED NOT NULL DEFAULT '1',
  `status_id` int(10) UNSIGNED NOT NULL DEFAULT '1',
  `percentage` varchar(10) COLLATE utf8_unicode_ci NOT NULL
) ENGINE=InnoDB DEFAULT CHARSET=utf8 COLLATE=utf8_unicode_ci;

--
-- Dumping data for table `strategic_obj_statuses`
--

INSERT INTO `strategic_obj_statuses` (`id`, `deleted_at`, `created_at`, `updated_at`, `s_o_id`, `status_id`, `percentage`) VALUES
(1, NULL, '2019-10-30 02:00:24', '2019-10-30 02:00:24', 73, 4, '90'),
(2, NULL, '2019-10-30 02:00:50', '2019-10-30 02:00:50', 73, 4, '95'),
(3, NULL, '2019-10-30 02:02:54', '2019-10-30 02:02:54', 73, 4, '95'),
(4, NULL, '2019-10-30 02:03:36', '2019-10-30 02:03:36', 73, 4, '95'),
(5, NULL, '2019-10-30 02:04:06', '2019-10-30 02:04:06', 73, 4, '95'),
(6, NULL, '2019-10-30 02:04:37', '2019-10-30 02:04:37', 73, 4, '95'),
(7, NULL, '2019-10-30 02:05:23', '2019-10-30 02:05:23', 75, 4, '90'),
(8, NULL, '2019-10-30 02:05:47', '2019-10-30 02:05:47', 75, 4, '90'),
(9, NULL, '2019-10-30 02:06:12', '2019-10-30 02:06:12', 75, 4, '95'),
(10, NULL, '2019-10-30 02:06:38', '2019-10-30 02:06:38', 75, 3, '100'),
(11, NULL, '2019-10-30 02:08:51', '2019-10-30 02:08:51', 73, 3, '100'),
(12, NULL, '2019-10-30 02:09:25', '2019-10-30 02:09:25', 68, 4, '90'),
(13, NULL, '2019-10-30 02:09:52', '2019-10-30 02:09:52', 68, 4, '90'),
(14, NULL, '2019-10-30 02:10:17', '2019-10-30 02:10:17', 68, 4, '90'),
(15, NULL, '2019-10-30 02:16:12', '2019-10-30 02:16:12', 67, 5, '89'),
(16, NULL, '2019-10-30 02:16:43', '2019-10-30 02:16:43', 92, 3, '179'),
(17, NULL, '2019-10-30 02:20:15', '2019-10-30 02:20:15', 92, 3, '179'),
(18, NULL, '2019-10-30 02:21:02', '2019-10-30 02:21:02', 92, 3, '179'),
(19, NULL, '2019-10-30 02:22:23', '2019-10-30 02:22:23', 71, 3, '356'),
(20, NULL, '2019-10-31 05:17:22', '2019-10-31 05:17:22', 91, 3, '292'),
(21, NULL, '2019-11-01 01:52:14', '2019-11-01 01:52:14', 91, 3, '114'),
(22, NULL, '2019-11-01 01:55:08', '2019-11-01 01:55:08', 91, 3, '114'),
(23, NULL, '2019-11-01 01:57:51', '2019-11-01 01:57:51', 91, 3, '114'),
(24, NULL, '2019-11-01 02:01:13', '2019-11-01 02:01:13', 91, 3, '114'),
(25, NULL, '2019-11-01 02:01:38', '2019-11-01 02:01:38', 91, 3, '114'),
(26, NULL, '2019-11-01 02:08:33', '2019-11-01 02:08:33', 73, 3, '100'),
(27, NULL, '2019-11-01 02:09:31', '2019-11-01 02:09:31', 73, 3, '100'),
(28, NULL, '2019-11-01 02:10:26', '2019-11-01 02:10:26', 73, 3, '100'),
(29, NULL, '2019-11-01 02:12:13', '2019-11-01 02:12:13', 73, 3, '100'),
(30, NULL, '2019-11-01 02:12:42', '2019-11-01 02:12:42', 73, 3, '100'),
(31, NULL, '2019-11-01 03:17:18', '2019-11-01 03:17:18', 73, 3, '100'),
(32, NULL, '2019-11-01 03:21:34', '2019-11-01 03:21:34', 73, 3, '100'),
(33, NULL, '2019-11-01 03:25:52', '2019-11-01 03:25:52', 73, 3, '100'),
(34, NULL, '2019-11-01 03:26:37', '2019-11-01 03:26:37', 73, 3, '100'),
(35, NULL, '2019-11-01 03:37:38', '2019-11-01 03:37:38', 73, 3, '100'),
(36, NULL, '2019-11-01 04:24:37', '2019-11-01 04:24:37', 73, 3, '100'),
(37, NULL, '2019-11-01 04:32:28', '2019-11-01 04:32:28', 73, 3, '100'),
(38, NULL, '2019-11-01 05:01:00', '2019-11-01 05:01:00', 73, 3, '100'),
(39, NULL, '2019-11-01 05:18:46', '2019-11-01 05:18:46', 73, 3, '100'),
(40, NULL, '2019-11-01 05:35:22', '2019-11-01 05:35:22', 73, 3, '100'),
(41, NULL, '2019-11-01 05:42:45', '2019-11-01 05:42:45', 73, 3, '100'),
(42, NULL, '2019-11-01 05:52:08', '2019-11-01 05:52:08', 73, 3, '100'),
(43, NULL, '2019-11-01 05:52:52', '2019-11-01 05:52:52', 73, 3, '100'),
(44, NULL, '2019-11-01 05:58:19', '2019-11-01 05:58:19', 73, 3, '100'),
(45, NULL, '2019-11-01 06:01:35', '2019-11-01 06:01:35', 73, 3, '100'),
(46, NULL, '2019-11-01 06:04:03', '2019-11-01 06:04:03', 73, 3, '100'),
(47, NULL, '2019-11-01 06:09:43', '2019-11-01 06:09:43', 73, 3, '100'),
(48, NULL, '2019-11-01 06:10:39', '2019-11-01 06:10:39', 73, 3, '100'),
(49, NULL, '2019-11-01 06:21:09', '2019-11-01 06:21:09', 73, 3, '100'),
(50, NULL, '2019-11-01 06:23:29', '2019-11-01 06:23:29', 73, 3, '100'),
(51, NULL, '2019-11-01 06:28:57', '2019-11-01 06:28:57', 73, 3, '100'),
(52, NULL, '2019-11-01 06:30:21', '2019-11-01 06:30:21', 71, 3, '356'),
(53, NULL, '2019-11-01 06:40:35', '2019-11-01 06:40:35', 73, 3, '100'),
(54, NULL, '2019-11-01 06:40:50', '2019-11-01 06:40:50', 71, 3, '356'),
(55, NULL, '2019-11-01 06:44:41', '2019-11-01 06:44:41', 71, 3, '356'),
(56, NULL, '2019-11-01 06:49:43', '2019-11-01 06:49:43', 71, 3, '356'),
(57, NULL, '2019-11-01 06:57:19', '2019-11-01 06:57:19', 71, 3, '356'),
(58, NULL, '2019-11-01 06:57:55', '2019-11-01 06:57:55', 71, 3, '356'),
(59, NULL, '2019-11-01 06:59:13', '2019-11-01 06:59:13', 71, 3, '356'),
(60, NULL, '2019-11-01 07:01:59', '2019-11-01 07:01:59', 71, 3, '356'),
(61, NULL, '2019-11-01 07:04:59', '2019-11-01 07:04:59', 71, 3, '356'),
(62, NULL, '2019-11-01 07:06:14', '2019-11-01 07:06:14', 71, 3, '356'),
(63, NULL, '2019-11-01 07:08:03', '2019-11-01 07:08:03', 71, 3, '356'),
(64, NULL, '2019-11-01 07:08:35', '2019-11-01 07:08:35', 71, 3, '356'),
(65, NULL, '2019-11-01 07:09:02', '2019-11-01 07:09:02', 71, 3, '356'),
(66, NULL, '2019-11-01 07:12:22', '2019-11-01 07:12:22', 71, 3, '356'),
(67, NULL, '2019-11-01 07:13:49', '2019-11-01 07:13:49', 71, 3, '356'),
(68, NULL, '2019-11-01 07:14:11', '2019-11-01 07:14:11', 71, 3, '356'),
(69, NULL, '2019-11-01 07:15:30', '2019-11-01 07:15:30', 71, 3, '356'),
(70, NULL, '2019-11-01 07:19:03', '2019-11-01 07:19:03', 71, 3, '356'),
(71, NULL, '2019-11-01 07:19:59', '2019-11-01 07:19:59', 71, 3, '356'),
(72, NULL, '2019-11-01 07:20:41', '2019-11-01 07:20:41', 71, 3, '356'),
(73, NULL, '2019-11-01 07:26:58', '2019-11-01 07:26:58', 71, 5, '89'),
(74, NULL, '2019-11-02 12:14:38', '2019-11-02 12:14:38', 92, 4, '90'),
(75, NULL, '2019-11-02 12:15:33', '2019-11-02 12:15:33', 91, 4, '95'),
(76, NULL, '2019-11-23 05:27:18', '2019-11-23 05:27:18', 72, 5, '89'),
(77, NULL, '2019-11-23 05:34:39', '2019-11-23 05:34:39', 75, 3, '100'),
(78, NULL, '2019-11-25 06:11:20', '2019-11-25 06:11:20', 73, 3, '100'),
(79, NULL, '2019-11-27 02:01:26', '2019-11-27 02:01:26', 91, 4, '95'),
(80, NULL, '2019-11-28 07:00:09', '2019-11-28 07:00:09', 72, 4, '93');

-- --------------------------------------------------------

--
-- Table structure for table `strengths`
--

CREATE TABLE `strengths` (
  `id` int(10) UNSIGNED NOT NULL,
  `deleted_at` timestamp NULL DEFAULT NULL,
  `created_at` timestamp NULL DEFAULT NULL,
  `updated_at` timestamp NULL DEFAULT NULL,
  `strength` text COLLATE utf8_unicode_ci NOT NULL,
  `keywords` text COLLATE utf8_unicode_ci NOT NULL
) ENGINE=InnoDB DEFAULT CHARSET=utf8 COLLATE=utf8_unicode_ci;

--
-- Dumping data for table `strengths`
--

INSERT INTO `strengths` (`id`, `deleted_at`, `created_at`, `updated_at`, `strength`, `keywords`) VALUES
(1, '2019-05-22 20:11:22', '2019-05-23 07:33:25', '2019-05-23 07:41:53', 'test update', 'test keywords update'),
(2, '2019-05-24 02:55:28', '2019-05-24 09:10:14', '2019-05-24 09:10:14', 'test', 'test'),
(3, '2019-05-24 02:55:23', '2019-05-24 09:10:33', '2019-05-24 09:10:33', 'aaaaa', 'aaaaa'),
(4, '2019-05-24 09:56:32', '2019-05-24 09:53:11', '2019-05-24 09:56:28', 'aaaaaaaaaaaaaa', 'aaaaa'),
(5, NULL, '2019-05-24 14:54:14', '2019-05-24 14:54:14', 'We have strong technical team and skill sets to execute', 'Team and skill available'),
(6, NULL, '2019-05-24 14:54:48', '2019-05-24 14:54:48', 'We are doing business in the sunrise domain area now', 'Presence in Domain'),
(7, NULL, '2019-05-29 15:16:53', '2019-05-29 15:16:53', 'Location in Central India - Aproachable', 'Location Indore');

-- --------------------------------------------------------

--
-- Table structure for table `str_object_gards`
--

CREATE TABLE `str_object_gards` (
  `id` int(10) UNSIGNED NOT NULL,
  `deleted_at` timestamp NULL DEFAULT NULL,
  `created_at` timestamp NULL DEFAULT NULL,
  `updated_at` timestamp NULL DEFAULT NULL,
  `name` varchar(256) COLLATE utf8_unicode_ci NOT NULL
) ENGINE=InnoDB DEFAULT CHARSET=utf8 COLLATE=utf8_unicode_ci;

-- --------------------------------------------------------

--
-- Table structure for table `str_obj_edit_comments`
--

CREATE TABLE `str_obj_edit_comments` (
  `id` int(10) UNSIGNED NOT NULL,
  `deleted_at` timestamp NULL DEFAULT NULL,
  `created_at` timestamp NULL DEFAULT NULL,
  `updated_at` timestamp NULL DEFAULT NULL,
  `user_id` int(10) UNSIGNED NOT NULL DEFAULT '1',
  `comment` text COLLATE utf8_unicode_ci NOT NULL,
  `str_obj_id` int(10) UNSIGNED NOT NULL DEFAULT '1'
) ENGINE=InnoDB DEFAULT CHARSET=utf8 COLLATE=utf8_unicode_ci;

--
-- Dumping data for table `str_obj_edit_comments`
--

INSERT INTO `str_obj_edit_comments` (`id`, `deleted_at`, `created_at`, `updated_at`, `user_id`, `comment`, `str_obj_id`) VALUES
(1, NULL, '2019-05-01 06:13:30', '2019-05-01 06:13:30', 20, 'hhhhh', 61),
(2, NULL, '2019-05-01 06:25:22', '2019-05-01 06:25:22', 20, 'hhhh', 47),
(3, NULL, '2019-05-02 09:50:18', '2019-05-02 09:50:18', 20, 'hhhhh', 47),
(4, NULL, '2019-05-02 09:50:24', '2019-05-02 09:50:24', 20, 'hhhhhh', 47),
(5, NULL, '2019-05-04 04:59:23', '2019-05-04 04:59:23', 20, 'hhhhh', 47),
(6, NULL, '2019-05-04 05:00:21', '2019-05-04 05:00:21', 20, 'hhhh', 47),
(7, NULL, '2019-05-04 05:01:47', '2019-05-04 05:01:47', 20, 'hhhhh', 52),
(8, NULL, '2019-05-04 09:36:33', '2019-05-04 09:36:33', 20, 'hhhh', 66),
(9, NULL, '2019-05-04 09:37:36', '2019-05-04 09:37:36', 20, 'hhhhhhhhhhhh', 66),
(10, NULL, '2019-05-05 11:34:00', '2019-05-05 11:34:00', 20, 'hhhiiiiii', 65),
(11, NULL, '2019-05-05 11:34:24', '2019-05-05 11:34:24', 20, 'hhhhhhh', 66),
(12, NULL, '2019-05-05 11:34:54', '2019-05-05 11:34:54', 20, 'hhiiiii', 67),
(13, NULL, '2019-05-05 11:35:21', '2019-05-05 11:35:21', 20, 'hhiiii', 68),
(14, NULL, '2019-05-05 11:59:51', '2019-05-05 11:59:51', 20, 'hhhiii', 68),
(15, NULL, '2019-05-07 15:54:51', '2019-05-07 15:54:51', 20, 'test', 75),
(16, NULL, '2019-05-08 06:26:13', '2019-05-08 06:26:13', 20, 'hhhhiiiiii', 65),
(17, NULL, '2019-05-08 06:27:37', '2019-05-08 06:27:37', 20, 'hiii', 65),
(18, NULL, '2019-05-08 06:51:51', '2019-05-08 06:51:51', 20, 'hhii', 65),
(19, NULL, '2019-05-08 06:52:22', '2019-05-08 06:52:22', 20, 'hhiiiii', 65),
(20, NULL, '2019-05-08 06:52:46', '2019-05-08 06:52:46', 20, 'hhii', 65),
(21, NULL, '2019-05-08 07:05:17', '2019-05-08 07:05:17', 20, 'hhiii', 65),
(22, NULL, '2019-05-08 07:06:58', '2019-05-08 07:06:58', 20, 'hhii', 65),
(23, NULL, '2019-05-08 09:39:25', '2019-05-08 09:39:25', 20, 'data big', 73),
(24, NULL, '2019-05-08 13:06:37', '2019-05-08 13:06:37', 20, 'test', 65),
(25, NULL, '2019-05-09 08:28:25', '2019-05-09 08:28:25', 20, 'hiii', 65),
(26, NULL, '2019-05-09 08:32:23', '2019-05-09 08:32:23', 20, 'hiii', 68),
(27, NULL, '2019-05-09 08:35:05', '2019-05-09 08:35:05', 20, 'hiii', 68),
(28, NULL, '2019-05-09 08:36:50', '2019-05-09 08:36:50', 20, 'hiii', 68),
(29, NULL, '2019-05-09 08:39:14', '2019-05-09 08:39:14', 20, 'hiii', 68),
(30, NULL, '2019-05-09 08:41:37', '2019-05-09 08:41:37', 20, 'hiii', 68),
(31, NULL, '2019-05-09 08:42:00', '2019-05-09 08:42:00', 20, 'hiii', 68),
(32, NULL, '2019-05-09 08:42:31', '2019-05-09 08:42:31', 20, 'hiii', 68),
(33, NULL, '2019-05-09 08:50:28', '2019-05-09 08:50:28', 20, 'hiii', 68),
(34, NULL, '2019-05-09 08:52:02', '2019-05-09 08:52:02', 20, 'hiii', 68),
(35, NULL, '2019-05-09 08:53:36', '2019-05-09 08:53:36', 20, 'hiii', 68),
(36, NULL, '2019-05-09 08:54:06', '2019-05-09 08:54:06', 20, 'hiii', 68),
(37, NULL, '2019-05-16 13:03:50', '2019-05-16 13:03:50', 20, 'hhiii', 67),
(38, NULL, '2019-05-16 13:03:50', '2019-05-16 13:03:50', 20, 'hhiii', 67),
(39, NULL, '2019-05-28 09:20:18', '2019-05-28 09:20:18', 20, 'hhii', 65),
(40, NULL, '2019-06-03 05:23:44', '2019-06-03 05:23:44', 1, 'hhhhh', 76),
(41, NULL, '2019-06-03 05:24:22', '2019-06-03 05:24:22', 1, 'hhhii', 77),
(42, NULL, '2019-06-03 05:27:14', '2019-06-03 05:27:14', 1, 'hhiii', 77),
(43, NULL, '2019-06-03 16:54:06', '2019-06-03 16:54:06', 1, 'Correction', 76),
(44, NULL, '2019-06-03 16:54:08', '2019-06-03 16:54:08', 1, 'Correction', 76),
(45, NULL, '2019-06-03 16:54:08', '2019-06-03 16:54:08', 1, 'Correction', 76),
(46, NULL, '2019-06-03 16:56:47', '2019-06-03 16:56:47', 1, 'Correction', 77),
(47, NULL, '2019-06-03 16:59:19', '2019-06-03 16:59:19', 20, 'Correction', 65),
(48, NULL, '2019-06-03 16:59:48', '2019-06-03 16:59:48', 20, 'Correction', 65),
(49, NULL, '2019-06-03 17:01:59', '2019-06-03 17:01:59', 20, 'Correction', 66),
(50, NULL, '2019-06-03 17:03:24', '2019-06-03 17:03:24', 20, 'Correction', 67),
(51, NULL, '2019-06-03 17:04:26', '2019-06-03 17:04:26', 20, 'Correction', 68),
(52, NULL, '2019-06-03 17:13:50', '2019-06-03 17:13:50', 20, 'Correction', 71),
(53, NULL, '2019-06-03 17:14:53', '2019-06-03 17:14:53', 20, 'Correction', 72),
(54, NULL, '2019-06-03 17:16:44', '2019-06-03 17:16:44', 20, 'Correction', 73),
(55, NULL, '2019-06-03 17:26:02', '2019-06-03 17:26:02', 20, 'Correction', 75),
(56, NULL, '2019-06-05 14:58:50', '2019-06-05 14:58:50', 20, 'Correction', 65),
(57, NULL, '2019-06-05 15:00:56', '2019-06-05 15:00:56', 20, 'Correction', 65),
(58, NULL, '2019-06-06 11:18:23', '2019-06-06 11:18:23', 1, 'test', 76),
(59, NULL, '2019-06-06 11:18:45', '2019-06-06 11:18:45', 1, 'test', 76),
(60, NULL, '2019-06-06 11:19:01', '2019-06-06 11:19:01', 1, 'test', 76),
(61, NULL, '2019-06-06 11:20:02', '2019-06-06 11:20:02', 1, 'test', 76),
(62, NULL, '2019-06-06 11:20:13', '2019-06-06 11:20:13', 1, 'test', 76),
(63, NULL, '2019-06-07 05:20:06', '2019-06-07 05:20:06', 1, 'test', 76),
(64, NULL, '2019-06-07 15:04:09', '2019-06-07 15:04:09', 1, 'Correction', 91),
(65, NULL, '2019-06-07 16:12:01', '2019-06-07 16:12:01', 1, 'Correction', 92),
(66, NULL, '2019-06-22 16:12:00', '2019-06-22 16:12:00', 1, 'Correction', 76),
(67, NULL, '2019-06-30 19:02:04', '2019-06-30 19:02:04', 20, 'Correction', 65),
(68, NULL, '2019-06-30 19:03:34', '2019-06-30 19:03:34', 20, 'Correction', 66),
(69, NULL, '2019-06-30 19:05:39', '2019-06-30 19:05:39', 20, 'Correction', 65),
(70, NULL, '2019-06-30 19:06:00', '2019-06-30 19:06:00', 20, 'Correction', 66),
(71, NULL, '2019-07-30 12:00:13', '2019-07-30 12:00:13', 20, 'test', 65),
(72, NULL, '2019-08-01 16:52:26', '2019-08-01 16:52:26', 20, 'hhhiii', 71),
(73, NULL, '2019-08-01 16:52:36', '2019-08-01 16:52:36', 20, 'hhhiii', 73),
(74, NULL, '2019-08-01 16:52:47', '2019-08-01 16:52:47', 1, 'hhhiiii', 92),
(75, NULL, '2019-08-01 16:53:09', '2019-08-01 16:53:09', 20, 'hhhii', 68),
(76, NULL, '2019-08-02 02:52:45', '2019-08-02 02:52:45', 1, 'On Hold for now', 77),
(77, NULL, '2019-08-13 09:18:18', '2019-08-13 09:18:18', 1, 'cccc', 77),
(78, NULL, '2019-10-03 09:11:42', '2019-10-03 09:11:42', 1, 'test', 107),
(79, NULL, '2019-10-03 09:54:45', '2019-10-03 09:54:45', 1, 'test date', 114),
(80, NULL, '2019-10-03 09:55:29', '2019-10-03 09:55:29', 1, 'date change', 115),
(81, NULL, '2019-10-03 09:56:01', '2019-10-03 09:56:01', 1, 'change', 113),
(82, NULL, '2019-10-03 09:56:08', '2019-10-03 09:56:08', 1, 'change', 113),
(83, NULL, '2019-10-03 09:57:43', '2019-10-03 09:57:43', 1, 'description change', 115),
(84, NULL, '2019-10-03 10:01:35', '2019-10-03 10:01:35', 1, 'hhii', 121),
(85, NULL, '2019-10-03 10:01:50', '2019-10-03 10:01:50', 1, 'hhii', 121),
(86, NULL, '2019-10-03 10:18:01', '2019-10-03 10:18:01', 1, 'test', 107),
(87, NULL, '2019-10-03 11:17:40', '2019-10-03 11:17:40', 1, 'date change ', 116),
(88, NULL, '2019-10-03 11:28:31', '2019-10-03 11:28:31', 1, 'change', 125),
(89, NULL, '2019-10-03 11:29:39', '2019-10-03 11:29:39', 1, 'change', 126),
(90, NULL, '2019-10-03 11:30:20', '2019-10-03 11:30:20', 1, 'test', 127),
(91, NULL, '2019-10-05 10:12:59', '2019-10-05 10:12:59', 1, 'test', 113),
(92, NULL, '2019-10-05 10:13:21', '2019-10-05 10:13:21', 1, 'test', 124),
(93, NULL, '2019-10-05 10:13:49', '2019-10-05 10:13:49', 1, 'test', 126),
(94, NULL, '2019-10-17 17:41:18', '2019-10-17 17:41:18', 20, 'Correction', 65),
(95, NULL, '2019-10-17 17:41:43', '2019-10-17 17:41:43', 20, 'Change', 65),
(96, NULL, '2019-10-17 17:43:22', '2019-10-17 17:43:22', 20, 'Modified', 66),
(97, NULL, '2019-10-17 17:44:38', '2019-10-17 17:44:38', 20, 'Change', 71),
(98, NULL, '2019-10-30 14:15:06', '2019-10-30 14:15:06', 20, 'reviewed', 65),
(99, NULL, '2019-11-07 06:19:10', '2019-11-07 06:19:10', 20, 'change for date', 72);

-- --------------------------------------------------------

--
-- Table structure for table `str_obj_statuses`
--

CREATE TABLE `str_obj_statuses` (
  `id` int(10) UNSIGNED NOT NULL,
  `deleted_at` timestamp NULL DEFAULT NULL,
  `created_at` timestamp NULL DEFAULT NULL,
  `updated_at` timestamp NULL DEFAULT NULL,
  `status_name` varchar(256) COLLATE utf8_unicode_ci NOT NULL DEFAULT '',
  `accuracy_percentage` int(10) UNSIGNED NOT NULL DEFAULT '0'
) ENGINE=InnoDB DEFAULT CHARSET=utf8 COLLATE=utf8_unicode_ci;

--
-- Dumping data for table `str_obj_statuses`
--

INSERT INTO `str_obj_statuses` (`id`, `deleted_at`, `created_at`, `updated_at`, `status_name`, `accuracy_percentage`) VALUES
(1, NULL, '2019-03-15 01:35:57', '2019-03-15 03:12:29', 'Gray (Started)', 0),
(2, NULL, '2019-03-15 01:40:23', '2019-03-15 01:40:23', 'Blue (Hold)', 0),
(3, NULL, '2019-03-15 01:41:11', '2019-03-15 01:41:11', 'Green', 100),
(4, NULL, '2019-03-15 01:41:31', '2019-03-15 01:42:07', 'Yellow', 90),
(5, NULL, '2019-03-15 01:41:56', '2019-03-15 01:41:56', 'Red', 90),
(6, NULL, NULL, NULL, 'Open(Un Hold)', 0);

-- --------------------------------------------------------

--
-- Table structure for table `swot_analyses`
--

CREATE TABLE `swot_analyses` (
  `id` int(10) UNSIGNED NOT NULL,
  `deleted_at` timestamp NULL DEFAULT NULL,
  `created_at` timestamp NULL DEFAULT NULL,
  `updated_at` timestamp NULL DEFAULT NULL,
  `menu` varchar(15) COLLATE utf8_unicode_ci NOT NULL
) ENGINE=InnoDB DEFAULT CHARSET=utf8 COLLATE=utf8_unicode_ci;

-- --------------------------------------------------------

--
-- Table structure for table `tasks`
--

CREATE TABLE `tasks` (
  `id` int(10) UNSIGNED NOT NULL,
  `task_name` varchar(256) COLLATE utf8_unicode_ci NOT NULL DEFAULT '',
  `event_id` int(10) UNSIGNED NOT NULL DEFAULT '1',
  `project_id` int(10) UNSIGNED NOT NULL DEFAULT '1',
  `department_master_id` int(10) UNSIGNED NOT NULL DEFAULT '1',
  `unit_id` int(10) UNSIGNED NOT NULL DEFAULT '1',
  `user_id` int(10) UNSIGNED NOT NULL DEFAULT '1',
  `start_date` date NOT NULL,
  `end_date` date NOT NULL,
  `completion_date` date NOT NULL,
  `status_id` int(10) UNSIGNED NOT NULL DEFAULT '1',
  `enable` varchar(255) COLLATE utf8_unicode_ci NOT NULL DEFAULT 'yes',
  `deleted_at` timestamp NULL DEFAULT NULL,
  `created_at` timestamp NULL DEFAULT NULL,
  `updated_at` timestamp NULL DEFAULT NULL,
  `assign_to` varchar(256) COLLATE utf8_unicode_ci NOT NULL DEFAULT '[]',
  `task_owner_id` int(10) UNSIGNED NOT NULL DEFAULT '1',
  `reminder_frequency` varchar(255) COLLATE utf8_unicode_ci NOT NULL DEFAULT '',
  `priority_id` int(10) UNSIGNED NOT NULL DEFAULT '1'
) ENGINE=InnoDB DEFAULT CHARSET=utf8 COLLATE=utf8_unicode_ci;

--
-- Dumping data for table `tasks`
--

INSERT INTO `tasks` (`id`, `task_name`, `event_id`, `project_id`, `department_master_id`, `unit_id`, `user_id`, `start_date`, `end_date`, `completion_date`, `status_id`, `enable`, `deleted_at`, `created_at`, `updated_at`, `assign_to`, `task_owner_id`, `reminder_frequency`, `priority_id`) VALUES
(1, 'task1111', 3, 3, 1, 2, 15, '1970-01-01', '1970-01-01', '1970-01-01', 1, 'yes', '2018-12-22 07:15:15', '2018-12-19 05:17:44', '2018-12-20 13:33:22', '[1]', 3, '', 1),
(2, 'task00', 2, 2, 2, 1, 15, '1970-01-01', '1970-01-01', '1970-01-01', 2, 'yes', '2018-12-26 09:44:40', '2018-12-20 01:50:24', '2018-12-25 03:49:59', '["2","13","14"]', 1, '', 2),
(3, 'aaaaaaaaa', 2, 1, 1, 1, 15, '1970-01-01', '1970-01-01', '1970-01-01', 2, 'yes', '2018-12-22 07:16:17', '2018-12-20 01:50:52', '2018-12-20 14:38:32', '[3,15]', 1, '', 2),
(4, 'testttttttt', 1, 3, 1, 1, 15, '2011-12-20', '2011-12-20', '2011-12-20', 2, 'no', '2018-12-22 07:19:37', '2018-12-20 10:02:01', '2018-12-22 03:21:04', '[15]', 3, '', 1),
(5, 'tttttttt', 2, 3, 1, 2, 15, '1970-01-01', '1970-01-01', '1970-01-01', 1, 'yes', '2018-12-26 09:44:38', '2018-12-20 10:03:55', '2018-12-20 10:03:55', '[1,2,3,15]', 2, '', 2),
(6, 'tttttttt', 1, 3, 1, 1, 15, '1970-01-01', '1970-01-01', '1970-01-01', 1, 'yes', '2018-12-26 09:44:45', '2018-12-20 10:07:12', '2018-12-20 10:07:12', '[1,2,3,15]', 1, '', 1),
(7, 'ttttttt', 2, 3, 1, 1, 15, '1970-01-01', '1970-01-01', '1970-01-01', 1, 'yes', '2018-12-26 09:44:48', '2018-12-20 10:10:38', '2018-12-26 06:05:37', '[3,15]', 1, '', 2),
(8, 'task00', 1, 3, 1, 2, 15, '1970-01-01', '1970-01-01', '1970-01-01', 2, 'yes', '2018-12-26 09:44:50', '2018-12-20 13:28:16', '2018-12-20 13:28:16', '[3,15]', 1, '', 1),
(9, 'test', 1, 4, 4, 3, 15, '2011-12-20', '2011-12-20', '2011-12-20', 3, 'no', '2018-12-26 11:41:36', '2018-12-22 03:17:29', '2018-12-25 12:46:37', '[15,16]', 16, '', 3),
(10, 'sdfsfd', 1, 2, 2, 1, 1, '0000-00-00', '0000-00-00', '0000-00-00', 1, 'yes', '2019-05-04 07:22:47', '2018-12-25 00:44:13', '2019-05-04 07:22:47', '["2","13"]', 1, '', 1),
(11, 'cfsfdsf', 1, 2, 1, 2, 1, '2018-11-30', '2018-12-13', '2018-12-20', 1, 'yes', '2019-05-04 07:22:45', '2018-12-25 00:47:18', '2019-05-04 07:22:45', '["2","13"]', 1, '', 1),
(12, 'cfsfdsf', 1, 2, 1, 2, 1, '2018-11-30', '2018-12-13', '2018-12-20', 1, 'yes', '2019-05-04 07:22:43', '2018-12-25 00:48:14', '2019-05-04 07:22:43', '[]', 1, '', 1),
(13, 'sdcfsf', 1, 2, 2, 1, 1, '0000-00-00', '0000-00-00', '0000-00-00', 1, 'yes', '2019-05-04 07:22:41', '2018-12-25 00:49:09', '2019-05-04 07:22:41', '["13"]', 1, '', 1),
(14, 'sdcsfdsd', 1, 2, 2, 1, 1, '0000-00-00', '0000-00-00', '0000-00-00', 1, 'yes', '2019-05-04 07:22:39', '2018-12-25 01:25:13', '2019-05-04 07:22:39', '["2","13"]', 1, '', 1),
(15, 'sdsfsdfs', 1, 2, 2, 1, 1, '0000-00-00', '0000-00-00', '0000-00-00', 1, 'yes', '2019-05-04 07:22:38', '2018-12-25 01:28:23', '2019-05-04 07:22:38', '["13"]', 1, '', 1),
(16, 'xcsxz', 1, 2, 2, 1, 1, '0000-00-00', '0000-00-00', '0000-00-00', 1, 'yes', '2019-05-04 07:22:36', '2018-12-25 01:29:11', '2019-05-04 07:22:36', '["2"]', 1, '', 1),
(17, 'zxfccsdf', 1, 2, 2, 1, 1, '0000-00-00', '0000-00-00', '0000-00-00', 1, 'yes', '2019-05-04 07:22:34', '2018-12-25 01:32:11', '2019-05-04 07:22:34', '["2","13"]', 1, '', 1),
(18, 'csx', 1, 2, 2, 1, 1, '0000-00-00', '0000-00-00', '0000-00-00', 1, 'yes', '2019-05-04 07:22:33', '2018-12-25 01:38:08', '2019-05-04 07:22:33', '["2","14"]', 1, '', 1),
(19, 'sdfsf', 1, 2, 2, 1, 1, '0000-00-00', '0000-00-00', '0000-00-00', 1, 'yes', '2019-05-04 07:22:30', '2018-12-25 03:54:17', '2019-05-04 07:22:30', '["2","13","14"]', 1, '', 1),
(20, 'qqqq', 1, 2, 2, 1, 1, '0000-00-00', '0000-00-00', '0000-00-00', 1, 'yes', '2019-05-04 07:22:29', '2018-12-25 03:59:01', '2019-05-04 07:22:29', '["2","13","14"]', 1, '', 1),
(21, 'task3', 2, 1, 2, 1, 15, '2018-12-10', '2018-12-15', '2019-01-04', 3, 'yes', '2019-05-04 07:22:27', '2018-12-25 04:42:17', '2019-05-04 07:22:27', '[3,2,1]', 2, '', 2),
(22, 'my task', 2, 3, 1, 3, 15, '1970-01-01', '1970-01-01', '1970-01-01', 2, 'yes', '2018-12-26 09:45:01', '2018-12-25 13:06:01', '2018-12-26 06:07:18', '[16]', 15, '', 2),
(23, 'my test task', 3, 4, 1, 3, 15, '1970-01-01', '1970-01-01', '1970-01-01', 3, 'yes', '2018-12-26 09:45:11', '2018-12-26 06:10:29', '2018-12-26 06:10:29', '[15,16]', 2, '', 3),
(24, 'sssss', 2, 4, 1, 2, 15, '1970-01-01', '1970-01-01', '1970-01-01', 2, 'no', '2018-12-26 09:44:35', '2018-12-26 06:13:28', '2018-12-26 06:13:28', '[3,15,16]', 2, '', 2),
(25, ' ggggggggggg', 2, 4, 1, 1, 15, '2018-12-10', '2018-12-10', '2018-12-10', 2, '2', '2018-12-26 11:41:49', '2018-12-26 06:29:57', '2018-12-26 06:29:57', '"1"', 2, '', 2),
(26, ' ggggggggggg', 2, 4, 1, 1, 15, '1970-01-01', '1970-01-01', '1970-01-01', 2, 'yes', '2018-12-26 09:59:12', '2018-12-26 06:30:35', '2018-12-26 09:57:28', '[15]', 2, '', 2),
(27, 'vvvvvvvvvvvvv', 2, 3, 1, 2, 15, '1970-01-01', '1970-01-01', '1970-01-01', 2, 'no', '2018-12-26 09:44:29', '2018-12-26 06:34:12', '2018-12-26 06:34:12', '[15,16]', 2, '', 2),
(28, 'rajesh', 2, 3, 1, 2, 15, '1970-01-01', '1970-01-01', '1970-01-01', 4, 'yes', '2018-12-26 09:44:32', '2018-12-26 06:37:12', '2018-12-26 06:37:12', '[1,16]', 2, '', 2),
(29, 'sssssssssss', 1, 4, 1, 2, 15, '2018-12-26', '1970-01-01', '1970-01-01', 3, 'yes', '2018-12-26 09:44:24', '2018-12-26 06:39:39', '2018-12-26 06:39:39', '[15,16]', 15, '', 1),
(30, 'ttttttttttt', 2, 4, 1, 3, 15, '1970-01-01', '1970-01-01', '1970-01-01', 2, 'yes', '2018-12-26 09:44:21', '2018-12-26 09:41:25', '2018-12-26 09:41:25', '[3,15,16]', 3, '', 2),
(31, 'hari om ', 3, 4, 1, 3, 15, '1970-01-01', '1970-01-01', '1970-01-01', 3, 'no', '2018-12-26 09:56:39', '2018-12-26 09:45:55', '2018-12-26 09:45:55', '[3,15,16]', 2, '', 2),
(32, 'zzzzzzzzz', 3, 4, 1, 3, 15, '1970-01-01', '1970-01-01', '1970-01-01', 2, 'yes', '2018-12-26 09:56:30', '2018-12-26 09:50:04', '2018-12-26 09:50:04', '[3,15,16]', 15, '', 3),
(33, 'ttttt', 1, 3, 1, 3, 15, '1970-01-01', '1970-01-01', '1970-01-01', 1, 'yes', '2018-12-26 11:41:44', '2018-12-26 10:01:03', '2018-12-26 10:01:03', '[15,16]', 2, '', 1),
(34, 'hariom ', 2, 4, 1, 3, 15, '2018-12-26', '1970-01-01', '1970-01-01', 2, 'no', '2019-05-04 07:22:25', '2018-12-26 10:45:31', '2019-05-04 07:22:25', '[3,15,16]', 1, '', 1),
(35, 'hariom', 2, 4, 1, 3, 15, '2018-12-26', '2018-12-26', '2018-12-26', 2, 'yes', '2019-05-04 07:22:23', '2018-12-26 10:46:57', '2019-05-04 07:22:23', '[15,16]', 2, '', 3),
(36, 'test', 1, 4, 1, 2, 15, '2018-12-26', '2018-12-26', '2018-12-26', 3, 'yes', '2018-12-27 09:35:55', '2018-12-26 11:42:27', '2018-12-26 11:42:27', '[15,16]', 2, '', 3),
(37, 'ssssssssssss', 3, 4, 1, 3, 15, '2018-12-26', '2018-12-26', '2018-12-26', 2, 'yes', '2019-02-25 06:39:26', '2018-12-26 11:45:43', '2018-12-26 11:45:43', '[15,16]', 2, '', 3),
(38, 'fffff', 3, 4, 1, 3, 15, '2018-12-19', '2018-12-20', '2018-12-21', 1, 'yes', '2019-02-25 07:38:33', '2018-12-26 12:14:47', '2018-12-28 09:52:17', '[3,15,16]', 1, '', 1),
(39, 'hhh', 1, 3, 1, 2, 17, '2018-12-27', '2018-12-28', '2018-12-29', 2, 'yes', '2019-05-04 07:22:21', '2018-12-27 14:02:14', '2019-05-04 07:22:21', '[3,15,16]', 16, '', 2),
(40, 'task2', 2, 4, 1, 2, 19, '2018-12-03', '2018-12-04', '2018-12-27', 3, 'yes', '2019-05-04 07:22:19', '2018-12-29 09:17:32', '2019-05-04 07:22:19', '[2]', 15, '', 1),
(41, 'task2', 2, 3, 1, 2, 19, '2018-12-26', '2018-12-18', '2018-12-20', 3, 'yes', '2018-12-29 10:06:15', '2018-12-29 09:25:42', '2018-12-29 09:25:42', '[3]', 3, '', 1),
(42, 'task2', 2, 3, 1, 2, 19, '2018-12-26', '2018-12-18', '2018-12-20', 3, 'yes', '2018-12-29 10:06:09', '2018-12-29 09:25:44', '2018-12-29 10:06:06', '[{"id":3,"name":"sotam"}]', 3, '', 1),
(43, 'task', 1, 4, 1, 1, 15, '2019-01-17', '2019-01-20', '0000-00-00', 4, 'yes', '2019-05-04 07:22:03', '2019-01-16 13:04:58', '2019-05-04 07:22:03', '[3,16]', 2, 'Weekly', 1),
(44, 'task2', 1, 5, 1, 1, 15, '2019-01-18', '2019-01-21', '0000-00-00', 1, 'yes', '2019-02-04 03:16:53', '2019-01-16 13:05:41', '2019-01-16 13:05:41', '[17,19]', 16, 'Daily', 2),
(45, 'task1', 1, 5, 1, 1, 15, '2019-01-17', '2019-01-31', '0000-00-00', 1, 'yes', '2019-05-04 07:21:59', '2019-01-16 13:06:13', '2019-05-04 07:21:59', '[16,17,19]', 2, 'Monthly', 1),
(46, 'aaaa', 1, 2, 1, 3, 15, '2019-02-09', '2019-02-11', '0000-00-00', 1, 'yes', '2019-02-25 06:13:08', '2019-02-07 13:34:46', '2019-02-07 13:34:46', '[16]', 2, 'Weekly', 2),
(47, 'Create Sales Data base', 1, 3, 1, 2, 15, '2019-02-12', '2019-02-27', '0000-00-00', 1, 'yes', '2019-02-25 09:34:52', '2019-02-10 19:13:17', '2019-02-10 19:13:17', '[15]', 16, 'Monthly', 1),
(48, 'Create Sales Data base', 1, 3, 1, 2, 15, '2019-02-12', '2019-02-27', '0000-00-00', 1, 'yes', '2019-05-04 07:22:18', '2019-02-10 19:13:19', '2019-05-04 07:22:18', '[15]', 16, 'Monthly', 1),
(49, 'My First Task', 1, 3, 1, 2, 23, '2019-02-14', '2019-02-28', '0000-00-00', 1, 'yes', '2019-05-04 07:22:16', '2019-02-13 09:09:30', '2019-05-04 07:22:16', '[3,15,16]', 23, 'Weekly', 1),
(50, 'My Second Task erfsfsdf dwwdfsdfsdf sdfsfsdf sdfsfds sddfsfd sddfsdf ', 1, 3, 1, 2, 23, '2019-02-13', '2019-02-28', '0000-00-00', 5, 'yes', '2019-05-04 07:22:14', '2019-02-13 09:11:44', '2019-05-04 07:22:14', '[20,22,23]', 23, 'Weekly', 1),
(51, 'aaaa', 1, 3, 1, 3, 20, '2019-02-15', '2019-02-22', '0000-00-00', 4, 'yes', '2019-02-25 09:25:02', '2019-02-15 14:20:26', '2019-02-15 14:20:26', '[2]', 22, 'Weekly', 1),
(52, 'bbbb', 1, 3, 1, 3, 20, '2019-02-16', '2019-02-17', '0000-00-00', 1, 'yes', '2019-02-16 12:08:34', '2019-02-16 09:43:11', '2019-02-16 11:56:41', '[15,16]', 22, 'Weekly', 1),
(53, 'QSAqsAQSas', 1, 7, 1, 3, 20, '2019-01-04', '2019-02-13', '0000-00-00', 1, 'yes', '2019-02-16 11:37:34', '2019-02-16 11:37:20', '2019-02-16 11:37:20', '[22,23]', 20, 'Weekly', 1),
(54, 'QSAqsAQSas', 1, 7, 1, 3, 20, '2019-01-04', '2019-02-13', '0000-00-00', 1, 'yes', '2019-02-16 11:37:36', '2019-02-16 11:37:22', '2019-02-16 11:37:22', '[22,23]', 20, 'Weekly', 1),
(55, 'asdsad', 1, 5, 1, 3, 20, '2019-02-15', '2019-02-12', '0000-00-00', 1, 'yes', '2019-02-16 01:08:54', '2019-02-16 12:53:22', '2019-02-16 13:06:52', '[1,16]', 22, 'Monthly', 1),
(56, 'ssssss', 1, 5, 1, 3, 20, '2019-02-16', '2019-02-15', '0000-00-00', 1, 'yes', '2019-02-16 12:56:58', '2019-02-16 12:56:46', '2019-02-16 12:56:46', '[15,16]', 17, 'Weekly', 1),
(57, 'wwwww', 1, 3, 1, 3, 15, '2019-02-25', '2019-02-26', '0000-00-00', 1, 'yes', '2019-02-25 06:57:46', '2019-02-25 06:12:44', '2019-02-25 06:12:44', '[3,15]', 16, 'Weekly', 1),
(58, 'ttttttttttttt', 1, 3, 1, 3, 15, '2019-02-26', '2019-02-27', '0000-00-00', 1, 'yes', '2019-02-25 07:33:21', '2019-02-25 07:32:17', '2019-02-25 07:32:17', '[16]', 16, 'Monthly', 1),
(59, 'wwwwwww', 1, 3, 1, 3, 15, '2019-02-26', '2019-02-26', '0000-00-00', 1, 'yes', '2019-02-25 08:51:58', '2019-02-25 08:38:46', '2019-02-25 08:38:46', '[16]', 15, 'Monthly', 1),
(60, 'hhhhh', 1, 3, 1, 3, 15, '2019-02-19', '2019-02-26', '0000-00-00', 1, 'yes', '2019-02-25 08:50:26', '2019-02-25 08:39:08', '2019-02-25 08:39:08', '[16]', 16, 'Monthly', 1),
(61, 'wwwww', 1, 3, 1, 3, 15, '2019-02-28', '2019-02-28', '0000-00-00', 1, 'yes', '2019-02-25 08:47:04', '2019-02-25 08:39:26', '2019-02-25 08:39:26', '[16]', 15, 'Monthly', 1),
(62, 'wwwwww', 1, 3, 1, 3, 15, '2019-02-25', '2019-02-27', '0000-00-00', 1, 'yes', '2019-02-25 08:39:52', '2019-02-25 08:39:39', '2019-02-25 08:39:39', '[16]', 16, 'Monthly', 1),
(63, 'tttttt', 1, 3, 1, 3, 15, '2019-02-25', '2019-02-26', '0000-00-00', 1, 'yes', '2019-02-25 09:02:17', '2019-02-25 09:02:03', '2019-02-25 09:02:03', '[16]', 16, 'Weekly', 1),
(64, 'wedasfdsad', 1, 3, 1, 3, 15, '2019-02-25', '2019-02-26', '0000-00-00', 1, 'yes', '2019-02-25 09:05:07', '2019-02-25 09:04:48', '2019-02-25 09:04:48', '[16]', 16, 'Weekly', 1),
(65, 'wwww', 1, 3, 1, 3, 15, '2019-02-25', '2019-02-26', '0000-00-00', 1, 'yes', '2019-05-04 07:22:12', '2019-02-25 09:10:11', '2019-05-04 07:22:12', '[16]', 16, 'Weekly', 1),
(66, 'wwww', 1, 3, 1, 3, 15, '2019-02-25', '2019-02-26', '0000-00-00', 4, 'yes', '2019-02-26 07:36:41', '2019-02-25 09:10:11', '2019-02-25 09:10:11', '[16]', 16, 'Weekly', 1),
(67, 'wwww', 1, 3, 1, 3, 15, '2019-02-25', '2019-02-26', '0000-00-00', 1, 'yes', '2019-02-25 09:10:57', '2019-02-25 09:10:43', '2019-02-25 09:10:43', '[16]', 16, 'Weekly', 1),
(68, 'ASasD', 1, 3, 1, 3, 20, '2019-02-25', '2019-02-25', '0000-00-00', 1, 'yes', '2019-02-28 05:05:10', '2019-02-25 09:26:54', '2019-02-25 10:53:47', '[16]', 16, 'Weekly', 1),
(69, 'hhhhhhhhhhhhhh', 1, 3, 1, 3, 20, '2019-02-26', '2019-02-26', '0000-00-00', 1, 'yes', '2019-02-25 09:40:03', '2019-02-25 09:38:56', '2019-02-25 09:38:56', '[15,16]', 16, 'Daily', 1),
(70, 'sdfsdfds', 1, 3, 1, 3, 20, '2019-02-26', '2019-02-19', '0000-00-00', 1, 'yes', '2019-02-25 10:53:18', '2019-02-25 09:39:16', '2019-02-25 10:46:40', '[16]', 16, 'Daily', 1),
(71, 'dsfdsf', 1, 3, 1, 3, 20, '2019-02-25', '2019-02-26', '0000-00-00', 1, 'yes', '2019-02-25 09:40:25', '2019-02-25 09:39:38', '2019-02-25 09:39:38', '[16]', 16, 'Weekly', 1),
(72, 'hhhh', 1, 3, 1, 3, 20, '2019-02-25', '2019-02-26', '0000-00-00', 1, 'yes', '2019-02-25 10:47:40', '2019-02-25 09:40:47', '2019-02-25 10:46:30', '[15,16]', 16, 'Weekly', 1),
(73, 'aaaaa', 1, 3, 1, 3, 20, '2019-02-25', '2019-02-26', '0000-00-00', 5, 'yes', '2019-02-25 10:23:24', '2019-02-25 09:41:16', '2019-02-25 10:19:09', '[3,16]', 16, 'Daily', 1),
(74, 'test my task', 1, 3, 1, 3, 20, '2019-02-25', '2019-02-26', '0000-00-00', 2, 'yes', '2019-05-04 07:22:10', '2019-02-25 10:55:07', '2019-05-04 07:22:10', '[1,16,19]', 16, 'Weekly', 1),
(75, 'test', 1, 3, 1, 3, 20, '2019-03-06', '2019-03-07', '2019-03-29', 4, 'yes', '2019-05-04 07:22:08', '2019-03-06 11:34:43', '2019-05-04 07:22:08', '[3,16]', 15, 'Monthly', 1),
(76, 'my new task', 1, 5, 1, 3, 20, '2019-04-02', '2019-12-02', '0000-00-00', 1, 'yes', '2019-04-26 07:04:00', '2019-04-02 10:28:00', '2019-04-02 10:28:00', '[3,16]', 16, 'Weekly', 1),
(77, 'demo1', 2, 1, 1, 1, 15, '2018-12-10', '2018-12-15', '2018-12-14', 1, 'yes', '2019-05-04 07:22:07', '2019-04-03 05:17:07', '2019-05-04 07:22:07', '"1,2,3"', 1, '', 1),
(78, 'demo1', 2, 1, 2, 1, 15, '2018-12-10', '2018-12-15', '2018-12-14', 1, 'yes', '2019-05-04 07:22:49', '2019-04-03 05:22:58', '2019-05-04 07:22:49', '[1,2,3]', 1, '', 1),
(79, 'aaaaa', 1, 5, 6, 1, 20, '2019-04-26', '2019-04-30', '0000-00-00', 2, 'yes', '2019-05-04 07:22:51', '2019-04-26 07:15:43', '2019-05-04 07:22:51', '[18,20,21]', 20, 'Weekly', 1),
(80, 'test', 1, 5, 3, 3, 20, '2019-04-26', '2020-01-05', '0000-00-00', 1, 'yes', '2019-05-04 07:15:04', '2019-04-26 09:04:30', '2019-04-26 09:05:11', '[20]', 21, 'Daily', 1),
(81, 'aaaaa', 1, 3, 4, 3, 20, '2019-04-26', '2019-04-29', '0000-00-00', 1, 'yes', '2019-05-04 07:15:20', '2019-04-26 09:05:01', '2019-04-26 09:05:01', '[17,18]', 19, 'Weekly', 1),
(82, 'Complete office', 1, 5, 9, 3, 20, '2019-05-03', '2019-06-30', '0000-00-00', 1, 'yes', '2019-05-04 07:15:16', '2019-05-03 17:11:31', '2019-05-03 17:11:31', '[15,19,25]', 18, 'Weekly', 1),
(83, 'Complete electrical fittings', 1, 3, 8, 3, 20, '2019-05-03', '2019-05-31', '0000-00-00', 1, 'yes', '2019-05-04 07:15:11', '2019-05-03 17:12:47', '2019-05-03 17:12:47', '[2,25]', 16, 'Daily', 1),
(84, 'Prepare Manufacturing budget', 1, 22, 29, 3, 20, '2019-05-07', '2019-07-31', '0000-00-00', 1, 'yes', NULL, '2019-05-07 15:33:38', '2019-05-07 15:33:38', '[16,18]', 17, 'Weekly', 1),
(85, 'As applicable on Global programs', 1, 22, 28, 3, 20, '2019-05-08', '2020-11-11', '0000-00-00', 3, 'yes', NULL, '2019-05-08 05:30:27', '2019-05-08 05:30:27', '[16,20,21]', 16, 'Daily', 1),
(86, 'Conduct 3 Speedup workshops', 1, 23, 26, 3, 20, '2019-05-08', '2020-07-16', '0000-00-00', 5, 'yes', NULL, '2019-05-08 05:31:46', '2019-09-24 16:10:54', '[15,23,25]', 3, 'Weekly', 1),
(87, 'Calibrate once yearly by each plant', 1, 24, 27, 3, 20, '2019-05-08', '2020-12-08', '0000-00-00', 1, 'yes', NULL, '2019-05-08 05:32:48', '2019-05-08 05:32:48', '[18,20]', 19, 'Monthly', 1),
(88, 'Recognize one Quality Circle per Qtr', 1, 25, 20, 3, 20, '2019-05-08', '2020-10-13', '0000-00-00', 1, 'yes', NULL, '2019-05-08 05:34:09', '2019-05-08 05:34:09', '[16,19,26]', 22, 'Weekly', 1),
(89, 'Identify &  Implement 2 SPS opprotunities', 1, 26, 23, 3, 20, '2019-05-08', '2020-12-24', '0000-00-00', 4, 'yes', NULL, '2019-05-08 05:35:21', '2019-05-08 05:35:21', '[16,19,23]', 20, 'Monthly', 1),
(90, 'Identify Metrics by Q1 & Track performance from Q2', 1, 28, 23, 3, 20, '2019-05-08', '2020-12-08', '0000-00-00', 1, 'yes', NULL, '2019-05-08 05:38:46', '2019-05-08 05:38:46', '[2,15,22]', 25, 'Daily', 1),
(91, 'new task', 1, 23, 26, 3, 20, '2019-08-29', '2020-01-05', '0000-00-00', 1, 'yes', '2019-10-29 01:51:13', '2019-08-29 12:49:18', '2019-09-25 12:42:04', '[37,38]', 38, 'Weekly', 1),
(94, 'asdffsdfsdf', 1, 27, 26, 3, 20, '2019-09-25', '2019-09-26', '0000-00-00', 1, 'yes', '2019-09-25 12:15:52', '2019-09-25 12:15:44', '2019-09-25 12:15:44', '[47]', 46, 'Weekly', 2),
(95, 'my new task', 1, 28, 27, 3, 20, '2019-09-30', '2019-09-30', '0000-00-00', 2, 'yes', NULL, '2019-09-30 08:50:28', '2019-11-25 05:34:21', '[46]', 46, 'Weekly', 2),
(96, 'aaaaaaaaaaa', 1, 27, 26, 3, 20, '2019-11-05', '2019-12-04', '0000-00-00', 1, 'yes', '2019-11-05 12:34:01', '2019-11-05 09:55:54', '2019-11-05 09:55:54', '[23]', 23, 'Daily', 2),
(97, 'Dash board for all Levels', 1, 0, 29, 3, 20, '2019-11-29', '2019-12-07', '0000-00-00', 1, 'yes', NULL, '2019-11-29 15:33:22', '2019-12-04 10:58:27', '[2]', 25, 'Weekly', 2);

-- --------------------------------------------------------

--
-- Table structure for table `tasks_files`
--

CREATE TABLE `tasks_files` (
  `id` int(10) UNSIGNED NOT NULL,
  `deleted_at` timestamp NULL DEFAULT NULL,
  `created_at` timestamp NULL DEFAULT NULL,
  `updated_at` timestamp NULL DEFAULT NULL,
  `task_id` int(10) UNSIGNED NOT NULL DEFAULT '1',
  `logedin_user_id` int(10) UNSIGNED NOT NULL DEFAULT '1',
  `upload_id` int(11) NOT NULL,
  `task_remark_id` int(10) UNSIGNED NOT NULL DEFAULT '1'
) ENGINE=InnoDB DEFAULT CHARSET=utf8 COLLATE=utf8_unicode_ci;

--
-- Dumping data for table `tasks_files`
--

INSERT INTO `tasks_files` (`id`, `deleted_at`, `created_at`, `updated_at`, `task_id`, `logedin_user_id`, `upload_id`, `task_remark_id`) VALUES
(1, NULL, '2018-12-22 03:26:06', '2018-12-22 03:26:06', 7, 15, 2, 0),
(2, NULL, '2018-12-22 03:40:50', '2018-12-22 03:40:50', 7, 15, 3, 0),
(3, NULL, '2018-12-27 08:50:23', '2018-12-27 08:50:23', 12, 15, 6, 0),
(4, NULL, '2018-12-27 09:04:38', '2018-12-27 09:04:38', 13, 15, 7, 0),
(5, NULL, '2018-12-27 09:36:09', '2018-12-27 09:36:09', 14, 15, 8, 0),
(6, NULL, '2018-12-27 10:04:29', '2018-12-27 10:04:29', 15, 15, 16, 0),
(7, NULL, '2018-12-27 10:04:48', '2018-12-27 10:04:48', 9, 1, 17, 0),
(8, NULL, '2018-12-27 10:40:02', '2018-12-27 10:40:02', 9, 15, 31, 0),
(9, NULL, '2018-12-27 10:40:44', '2018-12-27 10:40:44', 9, 15, 32, 0),
(10, NULL, '2018-12-27 10:40:59', '2018-12-27 10:40:59', 9, 15, 33, 0),
(11, NULL, '2018-12-27 11:37:36', '2018-12-27 11:37:36', 9, 15, 34, 0),
(12, NULL, '2018-12-27 12:14:39', '2018-12-27 12:14:39', 38, 15, 35, 0),
(13, '2018-12-27 12:46:24', '2018-12-27 12:24:07', '2018-12-27 12:24:07', 38, 15, 36, 0),
(14, NULL, '2018-12-27 12:28:13', '2018-12-27 12:28:13', 16, 15, 37, 0),
(15, NULL, '2018-12-27 12:40:29', '2018-12-27 12:40:29', 17, 15, 38, 0),
(16, NULL, '2018-12-27 13:10:59', '2018-12-27 13:10:59', 38, 15, 39, 0),
(17, NULL, '2018-12-29 04:53:53', '2018-12-29 04:53:53', 38, 15, 47, 0),
(18, '2018-12-29 10:28:41', '2018-12-29 09:19:00', '2018-12-29 09:19:00', 40, 19, 49, 0),
(19, NULL, '2018-12-29 10:07:06', '2018-12-29 10:07:06', 40, 19, 50, 0),
(20, '2018-12-29 10:23:29', '2018-12-29 10:11:05', '2018-12-29 10:11:05', 40, 19, 51, 0),
(21, NULL, '2018-12-29 10:48:18', '2018-12-29 10:48:18', 40, 15, 52, 0),
(22, NULL, '2018-12-29 10:48:46', '2018-12-29 10:48:46', 40, 15, 53, 0),
(23, NULL, '2018-12-29 10:52:19', '2018-12-29 10:52:19', 40, 15, 54, 0),
(24, NULL, '2018-12-29 11:00:15', '2018-12-29 11:00:15', 39, 15, 55, 0),
(25, NULL, '2018-12-29 11:02:26', '2018-12-29 11:02:26', 39, 15, 56, 0),
(26, NULL, '2018-12-29 11:03:18', '2018-12-29 11:03:18', 40, 15, 57, 0),
(27, '2019-01-02 05:29:13', '2018-12-29 13:27:39', '2018-12-29 13:27:39', 39, 15, 58, 0),
(28, NULL, '2019-01-02 05:32:36', '2019-01-02 05:32:36', 38, 15, 59, 0),
(29, NULL, '2019-01-02 01:34:21', '2019-01-02 01:34:21', 21, 15, 60, 29),
(30, NULL, '2019-01-02 01:47:55', '2019-01-02 01:47:55', 21, 15, 61, 29),
(31, NULL, '2019-01-02 06:36:35', '2019-01-02 06:36:35', 21, 15, 64, 30),
(32, NULL, '2019-02-17 02:50:47', '2019-02-17 02:50:47', 51, 20, 68, 43),
(33, NULL, '2019-02-25 09:47:35', '2019-02-25 09:47:35', 73, 20, 69, 48),
(34, NULL, '2019-02-25 09:56:27', '2019-02-25 09:56:27', 73, 20, 70, 50),
(35, NULL, '2019-02-25 09:56:57', '2019-02-25 09:56:57', 73, 20, 71, 51),
(36, NULL, '2019-02-25 11:37:27', '2019-02-25 11:37:27', 74, 20, 72, 70),
(37, NULL, '2019-02-25 11:48:29', '2019-02-25 11:48:29', 74, 20, 73, 71),
(38, NULL, '2019-02-25 11:48:45', '2019-02-25 11:48:45', 74, 20, 74, 72),
(39, NULL, '2019-03-08 13:42:25', '2019-03-08 13:42:25', 75, 20, 76, 80),
(40, NULL, '2019-09-21 06:14:38', '2019-09-21 06:14:38', 90, 20, 206, 101),
(41, NULL, '2019-09-21 06:15:20', '2019-09-21 06:15:20', 90, 20, 207, 102),
(42, NULL, '2019-09-21 06:16:04', '2019-09-21 06:16:04', 90, 20, 208, 103),
(43, NULL, '2019-09-21 06:18:45', '2019-09-21 06:18:45', 90, 20, 209, 104),
(44, NULL, '2019-10-11 05:33:48', '2019-10-11 05:33:48', 90, 20, 219, 104);

-- --------------------------------------------------------

--
-- Table structure for table `task_assigns`
--

CREATE TABLE `task_assigns` (
  `id` int(10) UNSIGNED NOT NULL,
  `deleted_at` timestamp NULL DEFAULT NULL,
  `created_at` timestamp NULL DEFAULT NULL,
  `updated_at` timestamp NULL DEFAULT NULL,
  `task_id` int(10) UNSIGNED NOT NULL DEFAULT '1',
  `user_id` int(10) UNSIGNED NOT NULL DEFAULT '1'
) ENGINE=InnoDB DEFAULT CHARSET=utf8 COLLATE=utf8_unicode_ci;

--
-- Dumping data for table `task_assigns`
--

INSERT INTO `task_assigns` (`id`, `deleted_at`, `created_at`, `updated_at`, `task_id`, `user_id`) VALUES
(1, '2018-12-20 02:38:32', '2018-12-20 01:50:52', '2018-12-20 01:50:52', 3, 1),
(2, '2018-12-20 02:38:32', '2018-12-20 01:50:52', '2018-12-20 01:50:52', 3, 2),
(3, '2018-12-20 02:38:32', '2018-12-20 01:50:52', '2018-12-20 01:50:52', 3, 3),
(4, '2018-12-20 01:33:22', '2018-12-20 02:02:53', '2018-12-20 02:02:53', 1, 1),
(5, '2018-12-20 01:33:22', '2018-12-20 02:02:53', '2018-12-20 02:02:53', 1, 2),
(6, '2018-12-20 01:33:22', '2018-12-20 02:02:53', '2018-12-20 02:02:53', 1, 3),
(7, '2018-12-20 01:33:22', '2018-12-20 02:03:32', '2018-12-20 02:03:32', 1, 1),
(8, '2018-12-20 01:33:22', '2018-12-20 02:03:32', '2018-12-20 02:03:32', 1, 2),
(9, '2018-12-20 01:33:22', '2018-12-20 02:03:32', '2018-12-20 02:03:32', 1, 3),
(10, '2018-12-20 02:38:32', '2018-12-20 02:05:25', '2018-12-20 02:05:25', 3, 3),
(11, '2018-12-20 02:38:32', '2018-12-20 02:05:25', '2018-12-20 02:05:25', 3, 2),
(12, '2018-12-20 02:38:32', '2018-12-20 02:05:25', '2018-12-20 02:05:25', 3, 1),
(13, '2018-12-26 06:05:37', '2018-12-20 10:10:38', '2018-12-20 10:10:38', 7, 1),
(14, '2018-12-26 06:05:37', '2018-12-20 10:10:38', '2018-12-25 04:05:28', 7, 15),
(15, '2018-12-26 06:05:37', '2018-12-20 10:10:38', '2018-12-20 10:10:38', 7, 3),
(16, '2018-12-26 06:05:37', '2018-12-20 10:10:38', '2018-12-20 10:10:38', 7, 15),
(17, NULL, '2018-12-20 01:28:16', '2018-12-20 01:28:16', 8, 3),
(18, NULL, '2018-12-20 01:28:16', '2018-12-20 01:28:16', 8, 15),
(19, NULL, '2018-12-20 01:33:22', '2018-12-20 01:33:22', 1, 1),
(20, NULL, '2018-12-20 02:38:32', '2018-12-20 02:38:32', 3, 3),
(21, NULL, '2018-12-20 02:38:32', '2018-12-20 02:38:32', 3, 15),
(22, '2018-12-22 03:21:04', '2018-12-21 06:39:09', '2018-12-21 06:39:09', 4, 2),
(23, '2018-12-22 03:21:04', '2018-12-21 06:39:09', '2018-12-21 06:39:09', 4, 3),
(24, '2018-12-22 03:21:04', '2018-12-21 06:39:09', '2018-12-21 06:39:09', 4, 15),
(25, '2018-12-22 07:38:36', '2018-12-22 03:02:48', '2018-12-22 03:02:48', 2, 2),
(26, '2018-12-22 07:38:36', '2018-12-22 03:02:48', '2018-12-22 03:02:48', 2, 3),
(27, '2018-12-22 07:38:36', '2018-12-22 03:02:48', '2018-12-22 03:02:48', 2, 15),
(28, '2018-12-25 12:46:37', '2018-12-22 03:17:29', '2018-12-22 03:17:29', 9, 1),
(29, '2018-12-25 12:46:37', '2018-12-22 03:17:29', '2018-12-22 03:17:29', 9, 3),
(30, '2018-12-25 12:46:37', '2018-12-22 03:17:29', '2018-12-22 03:17:29', 9, 15),
(31, NULL, '2018-12-22 03:21:04', '2018-12-22 03:21:04', 4, 15),
(32, '2018-12-22 07:38:36', '2018-12-22 07:36:38', '2018-12-22 07:36:38', 2, 3),
(33, '2018-12-22 07:38:36', '2018-12-22 07:36:38', '2018-12-22 07:36:38', 2, 15),
(34, NULL, '2018-12-22 07:38:36', '2018-12-22 07:38:36', 2, 3),
(35, NULL, '2018-12-22 07:38:36', '2018-12-22 07:38:36', 2, 15),
(36, NULL, '2018-12-25 00:44:13', '2018-12-25 00:44:13', 10, 2),
(38, NULL, '2018-12-25 00:47:18', '2018-12-25 00:47:18', 11, 2),
(41, NULL, '2018-12-25 01:25:13', '2018-12-25 01:25:13', 14, 2),
(44, NULL, '2018-12-25 01:29:11', '2018-12-25 01:29:11', 16, 2),
(45, NULL, '2018-12-25 01:32:12', '2018-12-25 01:32:12', 17, 2),
(47, NULL, '2018-12-25 01:38:09', '2018-12-25 01:38:09', 18, 2),
(49, NULL, '2018-12-25 03:54:17', '2018-12-25 03:54:17', 19, 2),
(51, NULL, '2018-12-25 03:59:01', '2018-12-25 03:59:01', 20, 2),
(53, '2019-01-04 06:14:44', '2018-12-25 04:42:17', '2018-12-25 04:42:17', 21, 1),
(54, '2019-01-04 06:14:44', '2018-12-25 04:42:17', '2018-12-25 04:42:17', 21, 15),
(55, '2019-01-04 06:14:44', '2018-12-25 04:42:17', '2018-12-25 04:42:17', 21, 16),
(56, '2019-01-04 06:14:44', '2018-12-25 04:43:07', '2018-12-25 04:43:07', 21, 2),
(57, '2018-12-25 12:46:37', '2018-12-25 12:24:28', '2018-12-25 12:24:28', 9, 15),
(58, '2018-12-25 12:46:37', '2018-12-25 12:24:28', '2018-12-25 12:24:28', 9, 16),
(59, '2018-12-25 12:46:37', '2018-12-25 12:28:10', '2018-12-25 12:28:10', 9, 1),
(60, '2018-12-25 12:46:37', '2018-12-25 12:28:10', '2018-12-25 12:28:10', 9, 2),
(61, '2018-12-25 12:46:37', '2018-12-25 12:28:10', '2018-12-25 12:28:10', 9, 15),
(62, '2018-12-25 12:46:37', '2018-12-25 12:28:12', '2018-12-25 12:28:12', 9, 1),
(63, '2018-12-25 12:46:37', '2018-12-25 12:28:12', '2018-12-25 12:28:12', 9, 2),
(64, '2018-12-25 12:46:37', '2018-12-25 12:28:12', '2018-12-25 12:28:12', 9, 15),
(65, '2018-12-25 12:46:37', '2018-12-25 12:29:42', '2018-12-25 12:29:42', 9, 2),
(66, '2018-12-25 12:46:37', '2018-12-25 12:29:42', '2018-12-25 12:29:42', 9, 15),
(67, NULL, '2018-12-25 12:46:37', '2018-12-25 12:46:37', 9, 15),
(68, NULL, '2018-12-25 12:46:37', '2018-12-25 12:46:37', 9, 16),
(69, '2018-12-26 06:07:18', '2018-12-25 01:06:01', '2018-12-25 01:06:01', 22, 1),
(70, '2018-12-26 06:07:18', '2018-12-25 01:06:01', '2018-12-25 01:06:01', 22, 2),
(71, '2018-12-26 06:07:18', '2018-12-25 01:06:01', '2018-12-25 01:06:01', 22, 3),
(72, '2018-12-26 06:07:18', '2018-12-25 01:06:01', '2018-12-25 01:06:01', 22, 15),
(73, '2018-12-26 06:07:18', '2018-12-25 01:06:01', '2018-12-25 01:06:01', 22, 16),
(74, '2018-12-26 06:07:18', '2018-12-26 05:58:55', '2018-12-26 05:58:55', 22, 3),
(75, '2018-12-26 06:07:18', '2018-12-26 05:59:13', '2018-12-26 05:59:13', 22, 1),
(76, '2018-12-26 06:07:18', '2018-12-26 06:01:30', '2018-12-26 06:01:30', 22, 0),
(77, '2018-12-26 06:07:18', '2018-12-26 06:02:23', '2018-12-26 06:02:23', 22, 2),
(78, '2018-12-26 06:07:18', '2018-12-26 06:02:23', '2018-12-26 06:02:23', 22, 3),
(79, '2018-12-26 06:07:18', '2018-12-26 06:02:23', '2018-12-26 06:02:23', 22, 15),
(80, '2018-12-26 06:07:18', '2018-12-26 06:02:23', '2018-12-26 06:02:23', 22, 16),
(81, '2018-12-26 06:07:18', '2018-12-26 06:03:29', '2018-12-26 06:03:29', 22, 16),
(82, '2018-12-26 06:07:18', '2018-12-26 06:03:41', '2018-12-26 06:03:41', 22, 15),
(83, '2018-12-26 06:07:18', '2018-12-26 06:03:56', '2018-12-26 06:03:56', 22, 16),
(84, '2018-12-26 06:07:18', '2018-12-26 06:04:09', '2018-12-26 06:04:09', 22, 16),
(85, NULL, '2018-12-26 06:05:37', '2018-12-26 06:05:37', 7, 3),
(86, NULL, '2018-12-26 06:05:37', '2018-12-26 06:05:37', 7, 15),
(87, NULL, '2018-12-26 06:07:18', '2018-12-26 06:07:18', 22, 16),
(88, NULL, '2018-12-26 06:10:29', '2018-12-26 06:10:29', 23, 15),
(89, NULL, '2018-12-26 06:10:29', '2018-12-26 06:10:29', 23, 16),
(90, NULL, '2018-12-26 06:13:28', '2018-12-26 06:13:28', 24, 3),
(91, NULL, '2018-12-26 06:13:28', '2018-12-26 06:13:28', 24, 15),
(92, NULL, '2018-12-26 06:13:28', '2018-12-26 06:13:28', 24, 16),
(93, NULL, '2018-12-26 06:34:12', '2018-12-26 06:34:12', 27, 15),
(94, NULL, '2018-12-26 06:34:12', '2018-12-26 06:34:12', 27, 16),
(95, NULL, '2018-12-26 06:37:12', '2018-12-26 06:37:12', 28, 1),
(96, NULL, '2018-12-26 06:37:12', '2018-12-26 06:37:12', 28, 16),
(97, NULL, '2018-12-26 06:39:39', '2018-12-26 06:39:39', 29, 15),
(98, NULL, '2018-12-26 06:39:39', '2018-12-26 06:39:39', 29, 16),
(99, NULL, '2018-12-26 09:41:25', '2018-12-26 09:41:25', 30, 3),
(100, NULL, '2018-12-26 09:41:25', '2018-12-26 09:41:25', 30, 15),
(101, NULL, '2018-12-26 09:41:25', '2018-12-26 09:41:25', 30, 16),
(102, NULL, '2018-12-26 09:45:55', '2018-12-26 09:45:55', 31, 3),
(103, NULL, '2018-12-26 09:45:55', '2018-12-26 09:45:55', 31, 15),
(104, NULL, '2018-12-26 09:45:55', '2018-12-26 09:45:55', 31, 16),
(105, NULL, '2018-12-26 09:50:04', '2018-12-26 09:50:04', 32, 3),
(106, NULL, '2018-12-26 09:50:04', '2018-12-26 09:50:04', 32, 15),
(107, NULL, '2018-12-26 09:50:04', '2018-12-26 09:50:04', 32, 16),
(108, NULL, '2018-12-26 09:57:28', '2018-12-26 09:57:28', 26, 15),
(109, NULL, '2018-12-26 10:01:03', '2018-12-26 10:01:03', 33, 15),
(110, NULL, '2018-12-26 10:01:03', '2018-12-26 10:01:03', 33, 16),
(111, NULL, '2018-12-26 10:45:31', '2018-12-26 10:45:31', 34, 3),
(112, NULL, '2018-12-26 10:45:31', '2018-12-26 10:45:31', 34, 15),
(113, NULL, '2018-12-26 10:45:31', '2018-12-26 10:45:31', 34, 16),
(114, '2018-12-26 11:01:12', '2018-12-26 10:46:57', '2018-12-26 10:46:57', 35, 3),
(115, '2018-12-26 11:01:12', '2018-12-26 10:46:57', '2018-12-26 10:46:57', 35, 15),
(116, '2018-12-26 11:01:12', '2018-12-26 10:46:57', '2018-12-26 10:46:57', 35, 16),
(117, '2018-12-26 11:01:12', '2018-12-26 10:59:49', '2018-12-26 10:59:49', 35, 16),
(118, NULL, '2018-12-26 11:01:12', '2018-12-26 11:01:12', 35, 15),
(119, NULL, '2018-12-26 11:01:12', '2018-12-26 11:01:12', 35, 16),
(120, NULL, '2018-12-26 11:42:27', '2018-12-26 11:42:27', 36, 15),
(121, NULL, '2018-12-26 11:42:27', '2018-12-26 11:42:27', 36, 16),
(122, NULL, '2018-12-26 11:45:43', '2018-12-26 11:45:43', 37, 15),
(123, NULL, '2018-12-26 11:45:43', '2018-12-26 11:45:43', 37, 16),
(124, '2018-12-28 09:52:17', '2018-12-26 12:14:47', '2018-12-26 12:14:47', 38, 15),
(125, '2018-12-28 09:52:17', '2018-12-26 12:14:47', '2018-12-26 12:14:47', 38, 16),
(126, '2018-12-28 09:52:17', '2018-12-26 12:20:31', '2018-12-26 12:20:31', 38, 15),
(127, '2018-12-28 09:52:17', '2018-12-26 12:20:31', '2018-12-26 12:20:31', 38, 16),
(128, '2018-12-28 09:52:17', '2018-12-26 12:22:54', '2018-12-26 12:22:54', 38, 15),
(129, '2018-12-28 09:52:17', '2018-12-26 12:22:54', '2018-12-26 12:22:54', 38, 16),
(130, '2018-12-28 09:52:17', '2018-12-27 05:07:01', '2018-12-27 05:07:01', 38, 0),
(131, '2018-12-28 09:52:17', '2018-12-27 05:07:12', '2018-12-27 05:07:12', 38, 1),
(132, '2018-12-28 09:52:17', '2018-12-27 05:07:12', '2018-12-27 05:07:12', 38, 3),
(133, '2018-12-28 09:52:17', '2018-12-27 05:07:12', '2018-12-27 05:07:12', 38, 15),
(134, '2018-12-28 09:52:17', '2018-12-27 05:07:12', '2018-12-27 05:07:12', 38, 16),
(135, '2018-12-28 09:52:17', '2018-12-27 05:07:29', '2018-12-27 05:07:29', 38, 0),
(136, NULL, '2018-12-27 02:02:14', '2018-12-27 02:02:14', 39, 3),
(137, NULL, '2018-12-27 02:02:14', '2018-12-27 02:02:14', 39, 15),
(138, NULL, '2018-12-27 02:02:14', '2018-12-27 02:02:14', 39, 16),
(139, NULL, '2018-12-28 09:52:17', '2018-12-28 09:52:17', 38, 3),
(140, NULL, '2018-12-28 09:52:17', '2018-12-28 09:52:17', 38, 15),
(141, NULL, '2018-12-28 09:52:17', '2018-12-28 09:52:17', 38, 16),
(142, '2018-12-29 10:30:59', '2018-12-29 09:17:32', '2018-12-29 09:17:32', 40, 16),
(143, '2018-12-29 10:30:59', '2018-12-29 09:23:45', '2018-12-29 09:23:45', 40, 1),
(144, '2018-12-29 10:30:59', '2018-12-29 09:23:45', '2018-12-29 09:23:45', 40, 15),
(145, '2018-12-29 10:30:59', '2018-12-29 09:23:45', '2018-12-29 09:23:45', 40, 16),
(146, NULL, '2018-12-29 09:25:42', '2018-12-29 09:25:42', 41, 3),
(147, '2018-12-29 10:06:06', '2018-12-29 09:25:44', '2018-12-29 09:25:44', 42, 3),
(148, NULL, '2018-12-29 10:06:06', '2018-12-29 10:06:06', 42, 0),
(149, '2018-12-29 10:30:59', '2018-12-29 10:30:34', '2018-12-29 10:30:34', 40, 0),
(150, '2018-12-29 10:30:59', '2018-12-29 10:30:36', '2018-12-29 10:30:36', 40, 0),
(151, '2018-12-29 10:30:59', '2018-12-29 10:30:58', '2018-12-29 10:30:58', 40, 2),
(152, NULL, '2018-12-29 10:30:59', '2018-12-29 10:30:59', 40, 2),
(153, '2019-01-04 06:14:44', '2019-01-03 07:08:16', '2019-01-03 07:08:16', 21, 3),
(154, '2019-01-04 06:14:44', '2019-01-03 07:08:16', '2019-01-03 07:08:16', 21, 2),
(155, '2019-01-04 06:14:44', '2019-01-03 07:08:16', '2019-01-03 07:08:16', 21, 1),
(156, '2019-01-04 06:14:44', '2019-01-03 07:15:57', '2019-01-03 07:15:57', 21, 3),
(157, '2019-01-04 06:14:44', '2019-01-03 07:15:57', '2019-01-03 07:15:57', 21, 2),
(158, '2019-01-04 06:14:44', '2019-01-03 07:15:57', '2019-01-03 07:15:57', 21, 1),
(159, '2019-01-04 06:14:44', '2019-01-03 07:19:37', '2019-01-03 07:19:37', 21, 3),
(160, '2019-01-04 06:14:44', '2019-01-03 07:19:37', '2019-01-03 07:19:37', 21, 2),
(161, '2019-01-04 06:14:44', '2019-01-03 07:19:37', '2019-01-03 07:19:37', 21, 1),
(162, '2019-01-04 06:14:44', '2019-01-02 19:46:45', '2019-01-02 19:46:45', 21, 3),
(163, '2019-01-04 06:14:44', '2019-01-02 19:46:45', '2019-01-02 19:46:45', 21, 2),
(164, '2019-01-04 06:14:44', '2019-01-02 19:46:45', '2019-01-02 19:46:45', 21, 1),
(165, '2019-01-04 06:14:44', '2019-01-04 06:12:35', '2019-01-04 06:12:35', 21, 3),
(166, '2019-01-04 06:14:44', '2019-01-04 06:12:35', '2019-01-04 06:12:35', 21, 2),
(167, '2019-01-04 06:14:44', '2019-01-04 06:12:35', '2019-01-04 06:12:35', 21, 1),
(168, NULL, '2019-01-16 01:04:58', '2019-01-16 01:04:58', 43, 3),
(169, NULL, '2019-01-16 01:04:58', '2019-01-16 01:04:58', 43, 16),
(170, NULL, '2019-01-16 01:05:41', '2019-01-16 01:05:41', 44, 17),
(171, NULL, '2019-01-16 01:05:41', '2019-01-16 01:05:41', 44, 19),
(172, '2019-02-04 03:16:36', '2019-01-16 01:06:13', '2019-01-16 01:06:13', 45, 16),
(173, '2019-02-04 03:16:36', '2019-01-16 01:06:13', '2019-01-16 01:06:13', 45, 17),
(174, '2019-02-04 03:16:36', '2019-01-16 01:06:13', '2019-01-16 01:06:13', 45, 19),
(175, NULL, '2019-02-04 03:16:36', '2019-02-04 03:16:36', 45, 16),
(176, NULL, '2019-02-04 03:16:36', '2019-02-04 03:16:36', 45, 17),
(177, NULL, '2019-02-04 03:16:36', '2019-02-04 03:16:36', 45, 19),
(178, NULL, '2019-02-07 01:34:46', '2019-02-07 01:34:46', 46, 16),
(179, NULL, '2019-02-10 07:13:17', '2019-02-10 07:13:17', 47, 15),
(180, NULL, '2019-02-10 07:13:19', '2019-02-10 07:13:19', 48, 15),
(181, NULL, '2019-02-13 09:09:30', '2019-02-13 09:09:30', 49, 3),
(182, NULL, '2019-02-13 09:09:30', '2019-02-13 09:09:30', 49, 15),
(183, NULL, '2019-02-13 09:09:30', '2019-02-13 09:09:30', 49, 16),
(184, '2019-02-14 05:57:17', '2019-02-13 09:11:44', '2019-02-13 09:11:44', 50, 20),
(185, '2019-02-14 05:57:17', '2019-02-13 09:11:44', '2019-02-13 09:11:44', 50, 22),
(186, '2019-02-14 05:57:17', '2019-02-13 09:11:44', '2019-02-13 09:11:44', 50, 23),
(187, NULL, '2019-02-14 05:57:17', '2019-02-14 05:57:17', 50, 20),
(188, NULL, '2019-02-14 05:57:17', '2019-02-14 05:57:17', 50, 22),
(189, NULL, '2019-02-14 05:57:17', '2019-02-14 05:57:17', 50, 23),
(190, NULL, '2019-02-15 02:20:26', '2019-02-15 02:20:26', 51, 2),
(191, '2019-02-16 11:56:41', '2019-02-16 09:43:11', '2019-02-16 09:43:11', 52, 15),
(192, '2019-02-16 11:56:41', '2019-02-16 09:43:11', '2019-02-16 09:43:11', 52, 16),
(193, NULL, '2019-02-16 11:37:20', '2019-02-16 11:37:20', 53, 22),
(194, NULL, '2019-02-16 11:37:20', '2019-02-16 11:37:20', 53, 23),
(195, NULL, '2019-02-16 11:37:22', '2019-02-16 11:37:22', 54, 22),
(196, NULL, '2019-02-16 11:37:22', '2019-02-16 11:37:22', 54, 23),
(197, '2019-05-04 07:21:37', '2019-02-16 11:56:41', '2019-05-04 07:21:37', 52, 15),
(198, '2019-05-04 07:21:13', '2019-02-16 11:56:41', '2019-05-04 07:21:13', 52, 16),
(199, '2019-02-16 01:06:52', '2019-02-16 12:53:22', '2019-02-16 12:53:22', 55, 1),
(200, '2019-02-16 01:06:52', '2019-02-16 12:53:22', '2019-02-16 12:53:22', 55, 2),
(201, '2019-02-16 01:06:52', '2019-02-16 12:53:22', '2019-02-16 12:53:22', 55, 3),
(202, '2019-02-16 01:06:52', '2019-02-16 12:53:22', '2019-02-16 12:53:22', 55, 16),
(203, '2019-05-04 07:21:12', '2019-02-16 12:56:46', '2019-05-04 07:21:12', 56, 15),
(204, '2019-05-04 07:21:11', '2019-02-16 12:56:46', '2019-05-04 07:21:11', 56, 16),
(205, '2019-02-16 01:06:52', '2019-02-16 01:06:40', '2019-02-16 01:06:40', 55, 1),
(206, '2019-02-16 01:06:52', '2019-02-16 01:06:40', '2019-02-16 01:06:40', 55, 16),
(207, '2019-05-04 07:21:09', '2019-02-16 01:06:52', '2019-05-04 07:21:09', 55, 1),
(208, '2019-05-04 07:21:08', '2019-02-16 01:06:52', '2019-05-04 07:21:08', 55, 16),
(209, '2019-05-04 07:21:07', '2019-02-25 06:12:44', '2019-05-04 07:21:07', 57, 3),
(210, '2019-05-04 07:21:06', '2019-02-25 06:12:44', '2019-05-04 07:21:06', 57, 15),
(211, '2019-05-04 07:21:05', '2019-02-25 07:32:17', '2019-05-04 07:21:05', 58, 16),
(212, '2019-05-04 07:21:03', '2019-02-25 08:38:46', '2019-05-04 07:21:03', 59, 16),
(213, '2019-05-04 07:21:01', '2019-02-25 08:39:08', '2019-05-04 07:21:01', 60, 16),
(214, '2019-05-04 07:21:00', '2019-02-25 08:39:26', '2019-05-04 07:21:00', 61, 16),
(215, '2019-05-04 07:20:59', '2019-02-25 08:39:39', '2019-05-04 07:20:59', 62, 16),
(216, '2019-05-04 07:20:58', '2019-02-25 09:02:03', '2019-05-04 07:20:58', 63, 16),
(217, '2019-05-04 07:20:56', '2019-02-25 09:04:48', '2019-05-04 07:20:56', 64, 16),
(218, '2019-05-04 07:20:55', '2019-02-25 09:10:11', '2019-05-04 07:20:55', 65, 16),
(219, '2019-05-04 07:20:54', '2019-02-25 09:10:11', '2019-05-04 07:20:54', 66, 16),
(220, '2019-05-04 07:20:52', '2019-02-25 09:10:43', '2019-05-04 07:20:52', 67, 16),
(221, '2019-02-25 10:53:47', '2019-02-25 09:26:54', '2019-02-25 09:26:54', 68, 16),
(222, '2019-05-04 07:20:51', '2019-02-25 09:38:56', '2019-05-04 07:20:51', 69, 15),
(223, '2019-05-04 07:20:49', '2019-02-25 09:38:56', '2019-05-04 07:20:49', 69, 16),
(224, '2019-02-25 10:46:40', '2019-02-25 09:39:16', '2019-02-25 09:39:16', 70, 16),
(225, '2019-05-04 07:20:48', '2019-02-25 09:39:38', '2019-05-04 07:20:48', 71, 16),
(226, '2019-02-25 10:46:30', '2019-02-25 09:40:47', '2019-02-25 09:40:47', 72, 15),
(227, '2019-02-25 10:46:30', '2019-02-25 09:40:47', '2019-02-25 09:40:47', 72, 16),
(228, '2019-02-25 10:19:09', '2019-02-25 09:41:16', '2019-02-25 09:41:16', 73, 3),
(229, '2019-02-25 10:19:09', '2019-02-25 09:41:16', '2019-02-25 09:41:16', 73, 16),
(230, '2019-02-25 10:19:09', '2019-02-25 09:44:29', '2019-02-25 09:44:29', 73, 3),
(231, '2019-02-25 10:19:09', '2019-02-25 09:44:29', '2019-02-25 09:44:29', 73, 16),
(232, '2019-02-25 10:19:09', '2019-02-25 09:46:01', '2019-02-25 09:46:01', 73, 3),
(233, '2019-02-25 10:19:09', '2019-02-25 09:46:01', '2019-02-25 09:46:01', 73, 16),
(234, '2019-02-25 10:19:09', '2019-02-25 09:46:23', '2019-02-25 09:46:23', 73, 3),
(235, '2019-02-25 10:19:09', '2019-02-25 09:46:23', '2019-02-25 09:46:23', 73, 16),
(236, '2019-02-25 10:19:09', '2019-02-25 10:16:02', '2019-02-25 10:16:02', 73, 3),
(237, '2019-02-25 10:19:09', '2019-02-25 10:16:02', '2019-02-25 10:16:02', 73, 16),
(238, '2019-02-25 10:19:09', '2019-02-25 10:16:11', '2019-02-25 10:16:11', 73, 3),
(239, '2019-02-25 10:19:09', '2019-02-25 10:16:11', '2019-02-25 10:16:11', 73, 16),
(240, '2019-05-04 07:20:47', '2019-02-25 10:19:09', '2019-05-04 07:20:47', 73, 3),
(241, '2019-05-04 07:20:45', '2019-02-25 10:19:09', '2019-05-04 07:20:45', 73, 16),
(242, '2019-02-25 10:46:30', '2019-02-25 10:36:05', '2019-02-25 10:36:05', 72, 15),
(243, '2019-02-25 10:46:30', '2019-02-25 10:36:05', '2019-02-25 10:36:05', 72, 16),
(244, '2019-02-25 10:46:30', '2019-02-25 10:37:03', '2019-02-25 10:37:03', 72, 15),
(245, '2019-02-25 10:46:30', '2019-02-25 10:37:03', '2019-02-25 10:37:03', 72, 16),
(246, '2019-02-25 10:46:30', '2019-02-25 10:46:21', '2019-02-25 10:46:21', 72, 15),
(247, '2019-02-25 10:46:30', '2019-02-25 10:46:21', '2019-02-25 10:46:21', 72, 16),
(248, '2019-05-04 07:20:44', '2019-02-25 10:46:30', '2019-05-04 07:20:44', 72, 15),
(249, '2019-05-04 07:20:42', '2019-02-25 10:46:30', '2019-05-04 07:20:42', 72, 16),
(250, '2019-05-04 07:20:40', '2019-02-25 10:46:40', '2019-05-04 07:20:40', 70, 16),
(251, '2019-02-25 10:53:47', '2019-02-25 10:47:00', '2019-02-25 10:47:00', 68, 16),
(252, '2019-05-04 07:20:38', '2019-02-25 10:53:47', '2019-05-04 07:20:38', 68, 16),
(253, '2019-02-27 06:55:59', '2019-02-25 10:55:07', '2019-02-25 10:55:07', 74, 1),
(254, '2019-02-27 06:55:59', '2019-02-25 10:55:07', '2019-02-25 10:55:07', 74, 16),
(255, '2019-02-27 06:55:59', '2019-02-25 10:55:07', '2019-02-25 10:55:07', 74, 19),
(256, '2019-03-29 04:15:52', '2019-03-06 11:34:43', '2019-03-06 11:34:43', 75, 3),
(257, '2019-03-29 04:15:52', '2019-03-06 11:34:43', '2019-03-06 11:34:43', 75, 16),
(258, '2019-05-04 07:20:37', '2019-04-02 10:28:00', '2019-05-04 07:20:37', 76, 3),
(259, '2019-05-04 07:20:35', '2019-04-02 10:28:00', '2019-05-04 07:20:35', 76, 16),
(260, '2019-05-04 07:20:33', '2019-04-03 05:22:58', '2019-05-04 07:20:33', 78, 1),
(261, '2019-05-04 07:20:30', '2019-04-03 05:22:58', '2019-05-04 07:20:30', 78, 2),
(262, NULL, '2019-04-03 05:22:58', '2019-04-03 05:22:58', 78, 3),
(263, '2019-04-26 07:29:36', '2019-04-26 07:15:43', '2019-04-26 07:15:43', 79, 18),
(264, '2019-04-26 07:29:36', '2019-04-26 07:15:43', '2019-04-26 07:15:43', 79, 20),
(265, '2019-04-26 07:29:36', '2019-04-26 07:15:43', '2019-04-26 07:15:43', 79, 21),
(266, '2019-04-26 09:05:11', '2019-04-26 09:04:30', '2019-04-26 09:04:30', 80, 20),
(267, '2019-05-04 07:21:41', '2019-04-26 09:05:01', '2019-05-04 07:21:41', 81, 17),
(268, '2019-05-04 07:21:39', '2019-04-26 09:05:01', '2019-05-04 07:21:39', 81, 18),
(269, '2019-05-04 07:21:38', '2019-04-26 09:05:11', '2019-05-04 07:21:38', 80, 20),
(270, NULL, '2019-05-03 05:11:31', '2019-05-03 05:11:31', 82, 15),
(271, NULL, '2019-05-03 05:11:31', '2019-05-03 05:11:31', 82, 19),
(272, NULL, '2019-05-03 05:11:31', '2019-05-03 05:11:31', 82, 25),
(273, NULL, '2019-05-03 05:12:47', '2019-05-03 05:12:47', 83, 2),
(274, NULL, '2019-05-03 05:12:47', '2019-05-03 05:12:47', 83, 25),
(275, NULL, '2019-05-07 03:33:38', '2019-05-07 03:33:38', 84, 16),
(276, NULL, '2019-05-07 03:33:38', '2019-05-07 03:33:38', 84, 18),
(277, NULL, '2019-05-08 05:30:27', '2019-05-08 05:30:27', 85, 16),
(278, NULL, '2019-05-08 05:30:27', '2019-05-08 05:30:27', 85, 20),
(279, NULL, '2019-05-08 05:30:27', '2019-05-08 05:30:27', 85, 21),
(280, '2019-09-24 04:10:54', '2019-05-08 05:31:46', '2019-05-08 05:31:46', 86, 15),
(281, '2019-09-24 04:10:54', '2019-05-08 05:31:46', '2019-05-08 05:31:46', 86, 23),
(282, '2019-09-24 04:10:54', '2019-05-08 05:31:46', '2019-05-08 05:31:46', 86, 25),
(283, NULL, '2019-05-08 05:32:48', '2019-05-08 05:32:48', 87, 18),
(284, NULL, '2019-05-08 05:32:48', '2019-05-08 05:32:48', 87, 20),
(285, NULL, '2019-05-08 05:34:09', '2019-05-08 05:34:09', 88, 16),
(286, NULL, '2019-05-08 05:34:09', '2019-05-08 05:34:09', 88, 19),
(287, NULL, '2019-05-08 05:34:09', '2019-05-08 05:34:09', 88, 26),
(288, NULL, '2019-05-08 05:35:21', '2019-05-08 05:35:21', 89, 16),
(289, NULL, '2019-05-08 05:35:21', '2019-05-08 05:35:21', 89, 19),
(290, NULL, '2019-05-08 05:35:21', '2019-05-08 05:35:21', 89, 23),
(291, NULL, '2019-05-08 05:38:46', '2019-05-08 05:38:46', 90, 2),
(292, NULL, '2019-05-08 05:38:46', '2019-05-08 05:38:46', 90, 15),
(293, NULL, '2019-05-08 05:38:46', '2019-05-08 05:38:46', 90, 22),
(294, '2019-09-25 12:42:04', '2019-08-29 12:49:18', '2019-08-29 12:49:18', 91, 37),
(295, '2019-09-25 12:42:04', '2019-08-29 12:49:18', '2019-08-29 12:49:18', 91, 38),
(296, NULL, '2019-09-24 04:10:54', '2019-09-24 04:10:54', 86, 15),
(297, NULL, '2019-09-24 04:10:54', '2019-09-24 04:10:54', 86, 23),
(298, NULL, '2019-09-24 04:10:54', '2019-09-24 04:10:54', 86, 25),
(299, NULL, '2019-09-25 12:15:44', '2019-09-25 12:15:44', 94, 47),
(300, NULL, '2019-09-25 12:42:04', '2019-09-25 12:42:04', 91, 37),
(301, NULL, '2019-09-25 12:42:04', '2019-09-25 12:42:04', 91, 38),
(302, '2019-11-25 05:34:21', '2019-09-30 08:50:28', '2019-09-30 08:50:28', 95, 46),
(303, '2019-11-25 05:34:21', '2019-09-30 08:50:40', '2019-09-30 08:50:40', 95, 46),
(304, '2019-11-25 05:34:21', '2019-09-30 08:55:44', '2019-09-30 08:55:44', 95, 46),
(305, '2019-11-25 05:34:21', '2019-09-30 09:10:14', '2019-09-30 09:10:14', 95, 46),
(306, NULL, '2019-11-05 09:55:54', '2019-11-05 09:55:54', 96, 23),
(307, '2019-11-25 05:34:21', '2019-11-25 05:32:59', '2019-11-25 05:32:59', 95, 46),
(308, '2019-11-25 05:34:21', '2019-11-25 05:34:09', '2019-11-25 05:34:09', 95, 30),
(309, '2019-11-25 05:34:21', '2019-11-25 05:34:09', '2019-11-25 05:34:09', 95, 46),
(310, NULL, '2019-11-25 05:34:21', '2019-11-25 05:34:21', 95, 46),
(311, '2019-12-04 10:58:27', '2019-11-29 03:33:22', '2019-11-29 03:33:22', 97, 2),
(312, NULL, '2019-12-04 10:58:27', '2019-12-04 10:58:27', 97, 2);

-- --------------------------------------------------------

--
-- Table structure for table `task_dashes`
--

CREATE TABLE `task_dashes` (
  `id` int(10) UNSIGNED NOT NULL,
  `deleted_at` timestamp NULL DEFAULT NULL,
  `created_at` timestamp NULL DEFAULT NULL,
  `updated_at` timestamp NULL DEFAULT NULL,
  `permission` varchar(256) COLLATE utf8_unicode_ci NOT NULL
) ENGINE=InnoDB DEFAULT CHARSET=utf8 COLLATE=utf8_unicode_ci;

-- --------------------------------------------------------

--
-- Table structure for table `task_histories`
--

CREATE TABLE `task_histories` (
  `id` int(10) UNSIGNED NOT NULL,
  `deleted_at` timestamp NULL DEFAULT NULL,
  `created_at` timestamp NULL DEFAULT NULL,
  `updated_at` timestamp NULL DEFAULT NULL,
  `task_id` int(10) UNSIGNED NOT NULL DEFAULT '1',
  `status_id` int(10) UNSIGNED NOT NULL DEFAULT '1',
  `logedin_user_id` int(10) UNSIGNED NOT NULL DEFAULT '1',
  `remark` text COLLATE utf8_unicode_ci NOT NULL
) ENGINE=InnoDB DEFAULT CHARSET=utf8 COLLATE=utf8_unicode_ci;

--
-- Dumping data for table `task_histories`
--

INSERT INTO `task_histories` (`id`, `deleted_at`, `created_at`, `updated_at`, `task_id`, `status_id`, `logedin_user_id`, `remark`) VALUES
(1, '2018-12-22 06:36:00', '2018-12-21 09:51:16', '2018-12-21 09:51:16', 1, 3, 15, 'hhhhhhhhhhhhhh'),
(2, '2018-12-22 06:48:26', '2018-12-21 09:54:34', '2018-12-21 09:54:34', 1, 5, 15, 'hiiiiiiiiii'),
(3, NULL, '2018-12-21 09:56:22', '2018-12-22 06:49:57', 1, 5, 15, 'aaaaaaa'),
(4, NULL, '2018-12-21 13:12:16', '2018-12-21 13:12:16', 1, 3, 15, 'ggggggggg'),
(5, NULL, '2018-12-22 06:08:36', '2018-12-22 06:08:36', 1, 2, 15, 'rrrrrrrrr'),
(7, NULL, '2018-12-22 03:26:06', '2018-12-27 10:40:59', 9, 2, 15, 'hhhhh'),
(8, NULL, '2018-12-22 03:40:50', '2018-12-27 10:40:44', 9, 2, 15, 'hhhhhhhh'),
(9, NULL, '2018-12-27 06:25:22', '2018-12-27 06:25:22', 9, 1, 15, 'asSas'),
(10, NULL, '2018-12-27 06:29:49', '2018-12-27 06:29:49', 9, 1, 15, 'ASasAS'),
(11, NULL, '2018-12-27 06:57:19', '2018-12-27 07:36:42', 9, 2, 15, 'test1111'),
(12, NULL, '2018-12-27 08:50:23', '2018-12-27 08:50:23', 9, 2, 15, 'hhhhhhhhhhhhhh'),
(13, NULL, '2018-12-27 09:04:38', '2018-12-27 09:04:38', 9, 1, 15, 'ssssssssss'),
(14, NULL, '2018-12-27 09:36:09', '2018-12-27 09:36:09', 9, 2, 15, 'Aa'),
(15, NULL, '2018-12-27 10:04:29', '2018-12-27 10:04:29', 9, 2, 15, 'hhhhhhhhhhhhhh'),
(16, NULL, '2018-12-27 12:28:13', '2019-01-02 05:32:36', 38, 2, 15, 'aaaaaaa'),
(17, NULL, '2018-12-27 12:40:29', '2018-12-27 13:10:59', 38, 2, 15, 'hhhhhhhhhhhhhh'),
(18, NULL, '2018-12-29 04:53:53', '2018-12-29 04:53:53', 38, 4, 15, 'hhhh'),
(19, '2018-12-29 09:51:44', '2018-12-29 09:19:00', '2018-12-29 09:19:00', 40, 2, 19, 'asaad'),
(20, NULL, '2018-12-29 10:07:06', '2018-12-29 10:07:06', 40, 3, 19, 'not'),
(21, '2018-12-29 10:21:24', '2018-12-29 10:11:05', '2018-12-29 10:11:05', 40, 2, 19, 'not'),
(22, NULL, '2018-12-29 10:48:18', '2018-12-29 10:48:18', 40, 3, 15, 'hhhh'),
(23, NULL, '2018-12-29 10:48:46', '2018-12-29 10:48:46', 40, 2, 15, 'fff'),
(24, NULL, '2018-12-29 10:52:19', '2018-12-29 10:52:19', 40, 2, 15, 'fff'),
(25, NULL, '2018-12-29 11:00:15', '2018-12-29 11:00:15', 39, 3, 15, 'hhhh'),
(26, NULL, '2018-12-29 11:02:26', '2018-12-29 11:02:26', 39, 2, 15, 'hhhh'),
(27, NULL, '2018-12-29 11:03:18', '2018-12-29 11:03:18', 40, 4, 15, 'ggg'),
(28, NULL, '2018-12-29 13:27:39', '2018-12-29 13:27:39', 39, 3, 15, 'hhhhh'),
(29, NULL, '2019-01-02 01:34:21', '2019-01-02 01:47:55', 21, 3, 15, 'today1'),
(30, NULL, '2019-01-02 06:36:35', '2019-01-02 06:36:35', 21, 2, 15, 'today1'),
(31, NULL, '2019-02-04 03:16:36', '2019-02-04 03:16:36', 45, 1, 15, ''),
(32, NULL, '2019-02-04 15:17:11', '2019-02-04 15:17:11', 43, 4, 15, ''),
(33, NULL, '2019-02-04 15:17:12', '2019-02-04 15:17:12', 43, 4, 15, ''),
(34, NULL, '2019-02-14 05:33:23', '2019-02-14 05:33:23', 50, 5, 23, 'testing'),
(35, NULL, '2019-02-14 05:57:17', '2019-02-14 05:57:17', 50, 5, 23, ''),
(36, NULL, '2019-02-15 14:37:56', '2019-02-15 14:37:56', 51, 2, 20, 'hhhhh'),
(37, NULL, '2019-02-16 09:44:02', '2019-02-16 09:44:02', 52, 2, 20, ''),
(38, NULL, '2019-02-16 09:44:12', '2019-02-16 09:44:12', 52, 1, 20, ''),
(39, NULL, '2019-02-16 11:56:41', '2019-02-16 11:56:41', 52, 1, 20, ''),
(40, NULL, '2019-02-16 12:22:33', '2019-02-16 12:22:33', 51, 3, 20, ''),
(41, NULL, '2019-02-16 01:06:40', '2019-02-16 01:06:40', 55, 1, 20, ''),
(42, NULL, '2019-02-16 01:06:52', '2019-02-16 01:06:52', 55, 1, 20, ''),
(43, NULL, '2019-02-17 02:50:47', '2019-02-17 02:50:47', 51, 4, 20, 'hhhh'),
(44, NULL, '2019-02-17 18:02:16', '2019-02-17 18:02:16', 40, 1, 15, 'Dome delay happendd'),
(45, NULL, '2019-02-25 09:44:29', '2019-02-25 09:44:29', 73, 1, 20, ''),
(46, NULL, '2019-02-25 09:46:01', '2019-02-25 09:46:01', 73, 1, 20, ''),
(47, NULL, '2019-02-25 09:46:23', '2019-02-25 09:46:23', 73, 1, 20, ''),
(48, NULL, '2019-02-25 09:47:35', '2019-02-25 09:47:35', 73, 1, 20, 'saadsad'),
(49, NULL, '2019-02-25 09:54:51', '2019-02-25 09:54:51', 73, 1, 20, ''),
(50, NULL, '2019-02-25 09:56:27', '2019-02-25 09:56:27', 73, 1, 20, 'ASas'),
(51, NULL, '2019-02-25 09:56:57', '2019-02-25 09:56:57', 73, 4, 20, 'hhhh'),
(52, NULL, '2019-02-25 09:57:16', '2019-02-25 09:57:16', 73, 4, 20, ''),
(53, NULL, '2019-02-25 10:09:19', '2019-02-25 10:09:19', 73, 4, 20, ''),
(54, NULL, '2019-02-25 10:12:29', '2019-02-25 10:12:29', 73, 4, 20, ''),
(55, NULL, '2019-02-25 10:12:37', '2019-02-25 10:12:37', 73, 4, 20, ''),
(56, NULL, '2019-02-25 10:13:23', '2019-02-25 10:13:23', 73, 4, 20, ''),
(57, NULL, '2019-02-25 10:13:38', '2019-02-25 10:13:38', 73, 5, 20, 'hhhh'),
(58, NULL, '2019-02-25 10:16:02', '2019-02-25 10:16:02', 73, 5, 20, ''),
(59, NULL, '2019-02-25 10:16:11', '2019-02-25 10:16:11', 73, 5, 20, ''),
(60, NULL, '2019-02-25 10:18:10', '2019-02-25 10:18:10', 73, 5, 20, ''),
(61, NULL, '2019-02-25 10:19:09', '2019-02-25 10:19:09', 73, 5, 20, ''),
(62, NULL, '2019-02-25 10:36:05', '2019-02-25 10:36:05', 72, 1, 20, ''),
(63, NULL, '2019-02-25 10:37:03', '2019-02-25 10:37:03', 72, 1, 20, ''),
(64, NULL, '2019-02-25 10:46:21', '2019-02-25 10:46:21', 72, 1, 20, ''),
(65, NULL, '2019-02-25 10:46:30', '2019-02-25 10:46:30', 72, 1, 20, ''),
(66, NULL, '2019-02-25 10:46:40', '2019-02-25 10:46:40', 70, 1, 20, ''),
(67, NULL, '2019-02-25 10:47:00', '2019-02-25 10:47:00', 68, 1, 20, ''),
(68, NULL, '2019-02-25 10:53:30', '2019-02-25 10:53:30', 68, 1, 20, ''),
(69, NULL, '2019-02-25 10:53:47', '2019-02-25 10:53:47', 68, 1, 20, ''),
(70, '2019-02-25 12:32:57', '2019-02-25 11:37:27', '2019-02-25 11:37:27', 74, 1, 20, 'hhhhh'),
(71, '2019-02-25 12:32:52', '2019-02-25 11:48:29', '2019-02-25 11:48:29', 74, 2, 20, 'hhhhh'),
(72, '2019-02-25 12:32:47', '2019-02-25 11:48:45', '2019-02-25 11:48:45', 74, 2, 20, 'hhhh'),
(73, '2019-02-26 07:04:37', '2019-02-26 06:26:11', '2019-02-26 06:26:11', 66, 1, 15, ''),
(74, NULL, '2019-02-26 07:21:39', '2019-02-26 07:21:39', 66, 4, 15, ''),
(76, NULL, '2019-02-27 06:53:10', '2019-02-27 06:53:10', 74, 3, 20, ''),
(77, NULL, '2019-02-27 06:53:22', '2019-02-27 06:53:22', 74, 5, 20, ''),
(78, '2019-02-27 06:58:31', '2019-02-27 06:55:59', '2019-02-27 06:55:59', 74, 2, 20, ''),
(79, NULL, '2019-03-08 13:39:33', '2019-03-08 13:39:33', 75, 2, 20, ''),
(80, NULL, '2019-03-08 13:42:25', '2019-03-08 13:42:25', 75, 2, 20, ''),
(81, NULL, '2019-03-29 04:15:39', '2019-03-29 04:15:39', 75, 1, 20, ''),
(82, NULL, '2019-03-29 04:15:47', '2019-03-29 04:15:47', 75, 3, 20, ''),
(83, NULL, '2019-03-29 04:15:52', '2019-03-29 04:15:52', 75, 4, 20, ''),
(84, NULL, '2019-04-26 06:58:28', '2019-04-26 06:58:28', 76, 1, 20, 'hhhh'),
(85, '2019-04-26 07:17:50', '2019-04-26 07:16:05', '2019-04-26 07:16:05', 79, 4, 20, 'hhhhh'),
(86, NULL, '2019-04-26 07:29:36', '2019-04-26 07:29:36', 79, 2, 20, ''),
(87, NULL, '2019-04-26 09:05:11', '2019-04-26 09:05:11', 80, 1, 20, ''),
(88, NULL, '2019-04-29 05:51:51', '2019-04-29 05:51:51', 81, 1, 20, ''),
(89, NULL, '2019-05-08 06:43:50', '2019-05-08 06:43:50', 90, 2, 20, 'hhhiii'),
(90, NULL, '2019-05-08 06:44:05', '2019-05-08 06:44:05', 90, 2, 20, 'hhhiii'),
(91, NULL, '2019-05-08 06:44:17', '2019-05-08 06:44:17', 90, 2, 20, 'hhhiii'),
(92, NULL, '2019-05-08 06:44:34', '2019-05-08 06:44:34', 89, 4, 20, 'hhii'),
(93, NULL, '2019-05-08 06:44:47', '2019-05-08 06:44:47', 85, 3, 20, 'hhiii'),
(94, NULL, '2019-05-08 06:45:15', '2019-05-08 06:45:15', 86, 5, 20, 'hhii'),
(95, NULL, '2019-05-08 06:45:28', '2019-05-08 06:45:28', 86, 5, 20, 'hhii'),
(96, NULL, '2019-05-08 06:46:09', '2019-05-08 06:46:09', 86, 5, 20, 'hhii'),
(97, NULL, '2019-06-05 14:06:47', '2019-06-05 14:06:47', 90, 2, 20, ''),
(98, NULL, '2019-06-12 04:54:29', '2019-06-12 04:54:29', 90, 2, 20, ''),
(99, NULL, '2019-09-21 06:05:20', '2019-09-21 06:05:20', 90, 3, 20, 'reeeererere'),
(100, NULL, '2019-09-21 06:14:26', '2019-09-21 06:14:26', 90, 1, 20, ''),
(101, NULL, '2019-09-21 06:14:38', '2019-09-21 06:14:38', 90, 1, 20, ''),
(102, NULL, '2019-09-21 06:15:20', '2019-09-21 06:15:20', 90, 1, 20, ''),
(103, NULL, '2019-09-21 06:16:04', '2019-09-21 06:16:04', 90, 1, 20, ''),
(104, NULL, '2019-09-21 06:18:45', '2019-09-21 06:18:45', 90, 1, 20, ''),
(105, NULL, '2019-09-24 04:10:54', '2019-09-24 04:10:54', 86, 5, 20, ''),
(106, NULL, '2019-09-25 12:42:04', '2019-09-25 12:42:04', 91, 1, 20, ''),
(107, NULL, '2019-09-30 08:50:40', '2019-09-30 08:50:40', 95, 2, 20, ''),
(108, NULL, '2019-09-30 08:55:44', '2019-09-30 08:55:44', 95, 2, 20, ''),
(109, NULL, '2019-09-30 09:10:14', '2019-09-30 09:10:14', 95, 2, 20, ''),
(110, NULL, '2019-11-25 05:32:59', '2019-11-25 05:32:59', 95, 2, 20, ''),
(111, NULL, '2019-11-25 05:34:09', '2019-11-25 05:34:09', 95, 2, 20, ''),
(112, NULL, '2019-11-25 05:34:21', '2019-11-25 05:34:21', 95, 2, 20, ''),
(113, NULL, '2019-12-04 10:58:27', '2019-12-04 10:58:27', 97, 1, 20, '');

-- --------------------------------------------------------

--
-- Table structure for table `task_trackers`
--

CREATE TABLE `task_trackers` (
  `id` int(10) UNSIGNED NOT NULL,
  `deleted_at` timestamp NULL DEFAULT NULL,
  `created_at` timestamp NULL DEFAULT NULL,
  `updated_at` timestamp NULL DEFAULT NULL,
  `permission` int(10) UNSIGNED NOT NULL
) ENGINE=InnoDB DEFAULT CHARSET=utf8 COLLATE=utf8_unicode_ci;

-- --------------------------------------------------------

--
-- Table structure for table `tests`
--

CREATE TABLE `tests` (
  `id` int(10) UNSIGNED NOT NULL,
  `test_name` varchar(256) COLLATE utf8_unicode_ci NOT NULL,
  `deleted_at` timestamp NULL DEFAULT NULL,
  `created_at` timestamp NULL DEFAULT NULL,
  `updated_at` timestamp NULL DEFAULT NULL
) ENGINE=InnoDB DEFAULT CHARSET=utf8 COLLATE=utf8_unicode_ci;

--
-- Dumping data for table `tests`
--

INSERT INTO `tests` (`id`, `test_name`, `deleted_at`, `created_at`, `updated_at`) VALUES
(1, 'task_name', NULL, NULL, NULL),
(2, 'task_name', NULL, NULL, NULL);

-- --------------------------------------------------------

--
-- Table structure for table `threats`
--

CREATE TABLE `threats` (
  `id` int(10) UNSIGNED NOT NULL,
  `deleted_at` timestamp NULL DEFAULT NULL,
  `created_at` timestamp NULL DEFAULT NULL,
  `updated_at` timestamp NULL DEFAULT NULL,
  `threats` text COLLATE utf8_unicode_ci NOT NULL,
  `keywords` text COLLATE utf8_unicode_ci NOT NULL
) ENGINE=InnoDB DEFAULT CHARSET=utf8 COLLATE=utf8_unicode_ci;

--
-- Dumping data for table `threats`
--

INSERT INTO `threats` (`id`, `deleted_at`, `created_at`, `updated_at`, `threats`, `keywords`) VALUES
(1, '2019-05-22 21:12:43', '2019-05-23 09:03:04', '2019-05-23 09:11:30', 'test update sdl;fmkds', 'test keywordssdfl;kljsd'),
(2, NULL, '2019-05-24 09:48:58', '2019-05-24 09:48:58', 'test', 'test'),
(3, NULL, '2019-05-24 09:49:08', '2019-06-07 16:07:55', 'New Environmental and Safety regulation compliance have serious consequences', 'Regulatory complaince'),
(4, '2019-05-24 09:52:09', '2019-05-24 09:51:30', '2019-05-24 09:51:53', 'BBBBB', 'BBBBBEEEEEE'),
(5, NULL, '2019-05-29 15:18:09', '2019-05-29 15:18:09', 'Many companies providing similar service', 'Too many service providers'),
(6, NULL, '2019-05-29 15:18:25', '2019-05-29 15:18:25', 'Talent retention', 'Attrition');

-- --------------------------------------------------------

--
-- Table structure for table `units`
--

CREATE TABLE `units` (
  `id` int(10) UNSIGNED NOT NULL,
  `unit_name` varchar(256) COLLATE utf8_unicode_ci NOT NULL,
  `unit_address` text COLLATE utf8_unicode_ci NOT NULL,
  `company_id` int(10) UNSIGNED NOT NULL DEFAULT '1',
  `enable` varchar(255) COLLATE utf8_unicode_ci NOT NULL DEFAULT 'yes',
  `deleted_at` timestamp NULL DEFAULT NULL,
  `created_at` timestamp NULL DEFAULT NULL,
  `updated_at` timestamp NULL DEFAULT NULL
) ENGINE=InnoDB DEFAULT CHARSET=utf8 COLLATE=utf8_unicode_ci;

--
-- Dumping data for table `units`
--

INSERT INTO `units` (`id`, `unit_name`, `unit_address`, `company_id`, `enable`, `deleted_at`, `created_at`, `updated_at`) VALUES
(1, 'Indore', 'MP,  India', 2, 'yes', NULL, '2018-12-05 04:57:18', '2019-10-01 13:18:37'),
(2, 'New York', 'NY USA', 2, 'yes', NULL, '2018-12-12 01:41:15', '2019-10-01 13:18:02'),
(3, 'Washington', '44 N Broadway  MA', 2, 'yes', NULL, '2018-12-12 01:42:33', '2019-10-01 13:18:20'),
(7, 'Number', 'No', 1, 'Yes', '2019-06-07 04:17:37', '2019-06-07 16:17:22', '2019-06-07 16:17:22'),
(18, 'ujjain', 'ujjain', 8, 'yes', NULL, '2019-08-31 09:11:40', '2019-08-31 09:11:40'),
(19, 'bhopal', 'bhopal', 8, 'yes', NULL, '2019-08-31 09:11:40', '2019-08-31 09:11:40'),
(20, 'Indore', '110, gurudev plaza', 9, 'yes', NULL, '2019-08-31 02:08:25', '2019-08-31 02:08:25'),
(21, 'New York', '144 north ', 9, 'yes', NULL, '2019-08-31 02:08:25', '2019-08-31 02:08:25'),
(22, 'indore', 'indore', 10, 'yes', NULL, '2019-10-31 08:57:16', '2019-10-31 08:57:16'),
(23, 'bhopal', 'bhopal', 10, 'yes', NULL, '2019-10-31 08:57:16', '2019-10-31 08:57:16');

-- --------------------------------------------------------

--
-- Table structure for table `uploads`
--

CREATE TABLE `uploads` (
  `id` int(10) UNSIGNED NOT NULL,
  `name` varchar(250) COLLATE utf8_unicode_ci NOT NULL DEFAULT '',
  `path` varchar(250) COLLATE utf8_unicode_ci NOT NULL,
  `extension` varchar(20) COLLATE utf8_unicode_ci NOT NULL,
  `caption` varchar(250) COLLATE utf8_unicode_ci NOT NULL,
  `user_id` int(10) UNSIGNED NOT NULL DEFAULT '1',
  `hash` varchar(250) COLLATE utf8_unicode_ci NOT NULL,
  `public` tinyint(1) NOT NULL DEFAULT '0',
  `deleted_at` timestamp NULL DEFAULT NULL,
  `created_at` timestamp NULL DEFAULT NULL,
  `updated_at` timestamp NULL DEFAULT NULL
) ENGINE=InnoDB DEFAULT CHARSET=utf8 COLLATE=utf8_unicode_ci;

--
-- Dumping data for table `uploads`
--

INSERT INTO `uploads` (`id`, `name`, `path`, `extension`, `caption`, `user_id`, `hash`, `public`, `deleted_at`, `created_at`, `updated_at`) VALUES
(6, '1545900623ghanshyam.jpeg', '/var/www/html/pharmacy-app/public/adminbusinessplus/storage/uploads/1545900623ghanshyam.jpeg', '', '', 15, 'st6nxg51aswri42se3', 1, NULL, '2018-12-27 08:50:23', '2018-12-27 08:50:23'),
(7, '154590147812.png', '/var/www/html/pharmacy-app/public/adminbusinessplus/storage/uploads/154590147812.png', '', '', 15, 'x31iswa4stnre2g65s', 1, NULL, '2018-12-27 09:04:38', '2018-12-27 09:04:38'),
(8, '154590336912.png', '/var/www/html/pharmacy-app/public/adminbusinessplus/storage/uploads/154590336912.png', '', '', 15, 'sixr4swn5egt61as32', 1, NULL, '2018-12-27 09:36:09', '2018-12-27 09:36:09'),
(9, '154590406612.png', '/var/www/html/pharmacy-app/public/adminbusinessplus/storage/uploads/154590406612.png', '', '', 1, '6s4es2xr53wingats1', 1, NULL, '2018-12-27 09:47:46', '2018-12-27 09:47:46'),
(10, '154590457512.png', '/var/www/html/pharmacy-app/public/adminbusinessplus/storage/uploads/154590457512.png', '', '', 15, 's6inws35gtse421rxa', 1, NULL, '2018-12-27 09:56:15', '2018-12-27 09:56:15'),
(11, '154590472112.png', '/var/www/html/pharmacy-app/public/adminbusinessplus/storage/uploads/154590472112.png', '', '', 15, '215rg4wat6sesisn3x', 1, NULL, '2018-12-27 09:58:41', '2018-12-27 09:58:41'),
(12, '154590476712.png', '/var/www/html/pharmacy-app/public/adminbusinessplus/storage/uploads/154590476712.png', '', '', 15, 'tse63isna5rswgx124', 1, NULL, '2018-12-27 09:59:27', '2018-12-27 09:59:27'),
(13, '1545904885State Bank of India A.pdf', '/var/www/html/pharmacy-app/public/adminbusinessplus/storage/uploads/1545904885State Bank of India A.pdf', '', '', 15, '5tgxanew4ss326sr1i', 1, NULL, '2018-12-27 10:01:25', '2018-12-27 10:01:25'),
(14, '154590502112.png', '/var/www/html/pharmacy-app/public/adminbusinessplus/storage/uploads/154590502112.png', '', '', 15, 'xgsati34sr65w2se1n', 1, NULL, '2018-12-27 10:03:41', '2018-12-27 10:03:41'),
(15, '1545905024State Bank of India A.pdf', '/var/www/html/pharmacy-app/public/adminbusinessplus/storage/uploads/1545905024State Bank of India A.pdf', '', '', 15, 't6wr24igsan531sxes', 1, NULL, '2018-12-27 10:03:44', '2018-12-27 10:03:44'),
(16, '154590506912.png', '/var/www/html/pharmacy-app/public/adminbusinessplus/storage/uploads/154590506912.png', '', '', 15, '1sx3er2tawss4nig56', 1, NULL, '2018-12-27 10:04:29', '2018-12-27 10:04:29'),
(17, '154590508812.png', '/var/www/html/pharmacy-app/public/adminbusinessplus/storage/uploads/154590508812.png', '', '', 1, 'rx4sss2136e5awtgin', 1, NULL, '2018-12-27 10:04:48', '2018-12-27 10:04:48'),
(18, '1545905292State Bank of India A.pdf', '/var/www/html/pharmacy-app/public/adminbusinessplus/storage/uploads/1545905292State Bank of India A.pdf', '', '', 1, '143awxnes5gtirs26s', 1, NULL, '2018-12-27 10:08:12', '2018-12-27 10:08:12'),
(19, '154590535812.png', '/var/www/html/pharmacy-app/public/adminbusinessplus/storage/uploads/154590535812.png', '', '', 1, '5ss4xg3e21ar6niswt', 1, NULL, '2018-12-27 10:09:18', '2018-12-27 10:09:18'),
(20, '154590547212.png', '/var/www/html/pharmacy-app/public/adminbusinessplus/storage/uploads/154590547212.png', '', '', 1, 'niw2g6xs5esstra314', 1, NULL, '2018-12-27 10:11:12', '2018-12-27 10:11:12'),
(21, '1545905558State Bank of India A.pdf', '/var/www/html/pharmacy-app/public/adminbusinessplus/storage/uploads/1545905558State Bank of India A.pdf', '', '', 1, 'r5awg416se3its2sxn', 1, NULL, '2018-12-27 10:12:38', '2018-12-27 10:12:38'),
(22, '154590563712.png', '/var/www/html/pharmacy-app/public/adminbusinessplus/storage/uploads/154590563712.png', '', '', 15, '6xrs43ints51ew2asg', 1, NULL, '2018-12-27 10:13:57', '2018-12-27 10:13:57'),
(23, '1545905692State Bank of India A.pdf', '/var/www/html/pharmacy-app/public/adminbusinessplus/storage/uploads/1545905692State Bank of India A.pdf', '', '', 1, 'w21an56sr3xi4sgets', 1, NULL, '2018-12-27 10:14:52', '2018-12-27 10:14:52'),
(24, '1545905773State Bank of India A.pdf', '/var/www/html/pharmacy-app/public/adminbusinessplus/storage/uploads/1545905773State Bank of India A.pdf', '', '', 1, '3sss5ner62iag4xt1w', 1, NULL, '2018-12-27 10:16:13', '2018-12-27 10:16:13'),
(25, '1545905869State Bank of India A.pdf', '/var/www/html/pharmacy-app/public/adminbusinessplus/storage/uploads/1545905869State Bank of India A.pdf', '', '', 15, 'sw3eins12t54rxa6gs', 1, NULL, '2018-12-27 10:17:49', '2018-12-27 10:17:49'),
(26, '154590589212.png', '/var/www/html/pharmacy-app/public/adminbusinessplus/storage/uploads/154590589212.png', '', '', 15, 'rws4s62e3ns1tx5aig', 1, NULL, '2018-12-27 10:18:12', '2018-12-27 10:18:12'),
(27, '154590590812.png', '/var/www/html/pharmacy-app/public/adminbusinessplus/storage/uploads/154590590812.png', '', '', 15, 'i1e3agrw4s5t2xsns6', 1, NULL, '2018-12-27 10:18:28', '2018-12-27 10:18:28'),
(28, '1545905968State Bank of India A.pdf', '/var/www/html/pharmacy-app/public/adminbusinessplus/storage/uploads/1545905968State Bank of India A.pdf', '', '', 15, '3we6snxs5g1r24sati', 1, NULL, '2018-12-27 10:19:28', '2018-12-27 10:19:28'),
(29, '1545906243State Bank of India A.pdf', '/var/www/html/pharmacy-app/public/adminbusinessplus/storage/uploads/1545906243State Bank of India A.pdf', '', '', 15, 'gse1a4w526xti3srns', 1, NULL, '2018-12-27 10:24:03', '2018-12-27 10:24:03'),
(30, '154590716912.png', '/var/www/html/pharmacy-app/public/adminbusinessplus/storage/uploads/154590716912.png', '', '', 15, 'stni53sgr2xae1s6w4', 1, NULL, '2018-12-27 10:39:29', '2018-12-27 10:39:29'),
(31, '154590720212.png', '/var/www/html/pharmacy-app/public/adminbusinessplus/storage/uploads/154590720212.png', '', '', 15, 'i16t2sr43sxn5eagsw', 1, NULL, '2018-12-27 10:40:02', '2018-12-27 10:40:02'),
(32, '154590724412.png', '/var/www/html/pharmacy-app/public/adminbusinessplus/storage/uploads/154590724412.png', '', '', 15, 'n2gatw4i3e51sssr6x', 1, NULL, '2018-12-27 10:40:44', '2018-12-27 10:40:44'),
(33, '154590725912.png', '/var/www/html/pharmacy-app/public/adminbusinessplus/storage/uploads/154590725912.png', '', '', 15, 'sn5sswxi3r16e2ag4t', 1, NULL, '2018-12-27 10:40:59', '2018-12-27 10:40:59'),
(34, '154591065512.png', '/var/www/html/pharmacy-app/public/adminbusinessplus/storage/uploads/154591065512.png', '', '', 15, 'g4r3e6st2swisa15nx', 1, NULL, '2018-12-27 11:37:35', '2018-12-27 11:37:35'),
(35, '154591287912.png', '/var/www/html/pharmacy-app/public/adminbusinessplus/storage/uploads/154591287912.png', '', '', 15, 'r2ssixn15wt6se3ag4', 1, NULL, '2018-12-27 12:14:39', '2018-12-27 12:14:39'),
(36, '154591344712.png', '/var/www/html/pharmacy-app/public/adminbusinessplus/storage/uploads/154591344712.png', '', '', 15, 'ta1ssg56si2nxwer34', 1, NULL, '2018-12-27 12:24:07', '2018-12-27 12:24:07'),
(37, '1545913693Chrysanthemum.jpg', '/var/www/html/pharmacy-app/public/adminbusinessplus/storage/uploads/1545913693Chrysanthemum.jpg', '', '', 15, 'sw2ns16gs3atr54exi', 1, NULL, '2018-12-27 12:28:13', '2018-12-27 12:28:13'),
(38, '1545914429Chrysanthemum.jpg', '/var/www/html/pharmacy-app/public/adminbusinessplus/storage/uploads/1545914429Chrysanthemum.jpg', '', '', 15, 't2ar56niss13e4swgx', 1, NULL, '2018-12-27 12:40:29', '2018-12-27 12:40:29'),
(39, '154591625912.png', '/var/www/html/pharmacy-app/public/adminbusinessplus/storage/uploads/154591625912.png', '', '', 15, 'is4r315wgsaens26tx', 1, NULL, '2018-12-27 13:10:59', '2018-12-27 13:10:59'),
(40, '154591750812.png', '/var/www/html/pharmacy-app/public/adminbusinessplus/storage/uploads/154591750812.png', '', '', 15, '4st3e5sasgnx61iw2r', 1, NULL, '2018-12-27 13:31:48', '2018-12-27 13:31:48'),
(41, '154591763612.png', '/var/www/html/pharmacy-app/public/adminbusinessplus/storage/uploads/154591763612.png', '', '', 15, 'gxsir52s6n34etas1w', 1, NULL, '2018-12-27 13:33:56', '2018-12-27 13:33:56'),
(42, '154591781112.png', '/var/www/html/pharmacy-app/public/adminbusinessplus/storage/uploads/154591781112.png', '', '', 15, 'stws4i1axgrn25s6e3', 1, NULL, '2018-12-27 13:36:51', '2018-12-27 13:36:51'),
(43, '1545918540Jellyfish.jpg', '/var/www/html/pharmacy-app/public/adminbusinessplus/storage/uploads/1545918540Jellyfish.jpg', '', '', 15, '4x3ie6stws2srg1na5', 1, NULL, '2018-12-27 13:49:00', '2018-12-27 13:49:00'),
(44, '1545918699Jellyfish.jpg', '/var/www/html/pharmacy-app/public/adminbusinessplus/storage/uploads/1545918699Jellyfish.jpg', '', '', 15, 'n6ssa41sxe3tgr5iw2', 1, NULL, '2018-12-27 13:51:39', '2018-12-27 13:51:39'),
(45, '154591893312.png', '/var/www/html/pharmacy-app/public/adminbusinessplus/storage/uploads/154591893312.png', '', '', 15, '5sex6s1ti4nsrw2ga3', 1, NULL, '2018-12-27 13:55:33', '2018-12-27 13:55:33'),
(46, '154592026012.png', '/var/www/html/pharmacy-app/public/adminbusinessplus/storage/uploads/154592026012.png', '', '', 17, 'ws46nx35gea2tsisr1', 1, NULL, '2018-12-27 14:17:40', '2018-12-27 14:17:40'),
(47, '154605923312.png', '/var/www/html/pharmacy-app/public/adminbusinessplus/storage/uploads/154605923312.png', '', '', 15, '341ex6gssnsaw25rti', 1, NULL, '2018-12-29 04:53:53', '2018-12-29 04:53:53'),
(48, '154606008612.png', '/var/www/html/pharmacy-app/public/adminbusinessplus/storage/uploads/154606008612.png', '', '', 15, 'sstai6nxe5w2sr3g41', 1, NULL, '2018-12-29 05:08:06', '2018-12-29 05:08:06'),
(49, '154607514002.jpg', '/var/www/html/pharmacy-app/public/adminbusinessplus/storage/uploads/154607514002.jpg', '', '', 19, '6a1rg4x3n2ist5esws', 1, NULL, '2018-12-29 09:19:00', '2018-12-29 09:19:00'),
(50, '1546078026vinyl.png', '/var/www/html/pharmacy-app/public/adminbusinessplus/storage/uploads/1546078026vinyl.png', '', '', 19, 'w2g65sss43riax1nte', 1, NULL, '2018-12-29 10:07:06', '2018-12-29 10:07:06'),
(51, '1546078265download.png', '/var/www/html/pharmacy-app/public/adminbusinessplus/storage/uploads/1546078265download.png', '', '', 19, 'r5sxnags214esti63w', 1, NULL, '2018-12-29 10:11:05', '2018-12-29 10:11:05'),
(52, '1546080498Jellyfish.jpg', '/var/www/html/pharmacy-app/public/adminbusinessplus/storage/uploads/1546080498Jellyfish.jpg', '', '', 15, '13axnrsg4wis56s2et', 1, NULL, '2018-12-29 10:48:18', '2018-12-29 10:48:18'),
(53, '1546080526Jellyfish.jpg', '/var/www/html/pharmacy-app/public/adminbusinessplus/storage/uploads/1546080526Jellyfish.jpg', '', '', 15, 'wti415sa62n3exssgr', 1, NULL, '2018-12-29 10:48:46', '2018-12-29 10:48:46'),
(54, '1546080739Jellyfish.jpg', '/var/www/html/pharmacy-app/public/adminbusinessplus/storage/uploads/1546080739Jellyfish.jpg', '', '', 15, 'r25wsng314asxt6sie', 1, NULL, '2018-12-29 10:52:19', '2018-12-29 10:52:19'),
(55, '1546081215State Bank of India.pdf', '/var/www/html/pharmacy-app/public/adminbusinessplus/storage/uploads/1546081215State Bank of India.pdf', '', '', 15, 'nrt43ixgw1ss65sea2', 1, NULL, '2018-12-29 11:00:15', '2018-12-29 11:00:15'),
(56, '1546081346SheetJS (1).xlsx', '/var/www/html/pharmacy-app/public/adminbusinessplus/storage/uploads/1546081346SheetJS (1).xlsx', '', '', 15, 'sg42was5tsierx13n6', 1, NULL, '2018-12-29 11:02:26', '2018-12-29 11:02:26'),
(57, '1546081398SheetJS (1).xlsx', '/var/www/html/pharmacy-app/public/adminbusinessplus/storage/uploads/1546081398SheetJS (1).xlsx', '', '', 15, 'rs41ntxis2s3aweg65', 1, NULL, '2018-12-29 11:03:18', '2018-12-29 11:03:18'),
(58, '154609005912.png', '/var/www/html/pharmacy-app/public/adminbusinessplus/storage/uploads/154609005912.png', '', '', 15, 'iw51srnas64gest32x', 1, NULL, '2018-12-29 13:27:39', '2018-12-29 13:27:39'),
(59, '154640715612.png', '/var/www/html/pharmacy-app/public/adminbusinessplus/storage/uploads/154640715612.png', '', '', 15, 'ss364raeg21nsiwtx5', 1, NULL, '2019-01-02 05:32:36', '2019-01-02 05:32:36'),
(60, '1546412661Job Portal.pdf', 'C:/xampp/htdocs/adminbusinessplus/storage/uploads/1546412661Job Portal.pdf', 'tmp', '', 15, '1rn65tssgsi3wexa24', 1, NULL, '2019-01-02 01:34:21', '2019-01-02 01:34:21'),
(61, '1546413475Job Portal (1).pdf', 'C:/xampp/htdocs/adminbusinessplus/storage/uploads/1546413475Job Portal (1).pdf', 'tmp', '', 15, 'eawx4gsn5t2r1s36is', 1, NULL, '2019-01-02 01:47:55', '2019-01-02 01:47:55'),
(62, '1546429743Desert.jpg', 'C:/xampp/htdocs/adminbusinessplus/storage/uploads/1546429743Desert.jpg', 'tmp', '', 15, 'ns23te65iswg1x4ars', 1, NULL, '2019-01-02 06:19:03', '2019-01-02 06:19:03'),
(63, '1546429982Koala.jpg', 'C:/xampp/htdocs/adminbusinessplus/storage/uploads/1546429982Koala.jpg', 'tmp', '', 15, '24ntaesis51sxg3r6w', 1, NULL, '2019-01-02 06:23:02', '2019-01-02 06:23:02'),
(64, '1546430795Lighthouse.jpg', 'C:/xampp/htdocs/adminbusinessplus/storage/uploads/1546430795Lighthouse.jpg', 'tmp', '', 15, '2xr3gss1e5staw6i4n', 1, NULL, '2019-01-02 06:36:35', '2019-01-02 06:36:35'),
(65, '1546431489Koala.jpg', 'C:/xampp/htdocs/adminbusinessplus/storage/uploads/1546431489Koala.jpg', 'tmp', '', 15, 'ir561xt4sgsesa23nw', 1, NULL, '2019-01-02 06:48:09', '2019-01-02 06:48:09'),
(66, '1550371666imgpsh_fullsize.png', '/var/www/html/pharmacy-app/public/adminbusinessplus/storage/uploads/1550371666imgpsh_fullsize.png', '', '', 20, 'sr1wn4st65gx2a3ise', 1, NULL, '2019-02-17 02:47:46', '2019-02-17 02:47:46'),
(67, '1550371695imgpsh_fullsize.png', '/var/www/html/pharmacy-app/public/adminbusinessplus/storage/uploads/1550371695imgpsh_fullsize.png', '', '', 20, 'xewns346125sirsagt', 1, NULL, '2019-02-17 02:48:15', '2019-02-17 02:48:15'),
(68, '1550371847imgpsh_fullsize.png', '/var/www/html/pharmacy-app/public/adminbusinessplus/storage/uploads/1550371847imgpsh_fullsize.png', '', '', 20, '2wxa1sis6s43nte5rg', 1, NULL, '2019-02-17 02:50:47', '2019-02-17 02:50:47'),
(69, '1551088055browser-market-shares-at.png', '/var/www/html/pharmacy-app/public/adminbusinessplus/storage/uploads/1551088055browser-market-shares-at.png', '', '', 20, 'sgse152xaitr43s6nw', 1, NULL, '2019-02-25 09:47:35', '2019-02-25 09:47:35'),
(70, '155108858712.png', '/var/www/html/pharmacy-app/public/adminbusinessplus/storage/uploads/155108858712.png', '', '', 20, 'a1sexr6iwtss5n23g4', 1, NULL, '2019-02-25 09:56:27', '2019-02-25 09:56:27'),
(71, '155108861712.png', '/var/www/html/pharmacy-app/public/adminbusinessplus/storage/uploads/155108861712.png', '', '', 20, '35ws4agit1x6sresn2', 1, NULL, '2019-02-25 09:56:57', '2019-02-25 09:56:57'),
(72, '155109464712.png', '/var/www/html/pharmacy-app/public/adminbusinessplus/storage/uploads/155109464712.png', '', '', 20, 'gsx543ts2niwesr6a1', 1, NULL, '2019-02-25 11:37:27', '2019-02-25 11:37:27'),
(73, '155109530912.png', '/var/www/html/pharmacy-app/public/adminbusinessplus/storage/uploads/155109530912.png', '', '', 20, 'ag54s6s1r3xtn2wise', 1, NULL, '2019-02-25 11:48:29', '2019-02-25 11:48:29'),
(74, '155109532512.png', '/var/www/html/pharmacy-app/public/adminbusinessplus/storage/uploads/155109532512.png', '', '', 20, 'tsixe2sgr1was3645n', 1, NULL, '2019-02-25 11:48:45', '2019-02-25 11:48:45'),
(75, '155110197912.png', '/var/www/html/pharmacy-app/public/adminbusinessplus/storage/uploads/155110197912.png', '', '', 20, '1a3sn5s4tir2exg6sw', 1, NULL, '2019-02-25 13:39:39', '2019-02-25 13:39:39'),
(76, '155205254512.png', '/var/www/html/pharmacy-app/public/adminbusinessplus/storage/uploads/155205254512.png', '', '', 20, 'g5s2s3x46aitsrew1n', 1, NULL, '2019-03-08 13:42:25', '2019-03-08 13:42:25'),
(77, '1566382748IMG_20190325_132606_1.jpg', '/var/www/html/businessplus/public/adminbusinessplus/storage/uploads/1566382748IMG_20190325_132606_1.jpg', '', '', 1, '6g1tewnx2rssa4is35', 1, NULL, '2019-08-21 04:49:08', '2019-08-21 04:49:08'),
(78, '1566383102IMG_20190325_132606_1.jpg', '/var/www/html/businessplus/public/adminbusinessplus/storage/uploads/1566383102IMG_20190325_132606_1.jpg', '', '', 1, 'xt2en3s61g4wriass5', 1, NULL, '2019-08-21 04:55:02', '2019-08-21 04:55:02'),
(79, '1566383224IMG_20190325_132606_1.jpg', '/var/www/html/businessplus/public/adminbusinessplus/storage/uploads/1566383224IMG_20190325_132606_1.jpg', '', '', 1, '26rasngxetis45w13s', 1, NULL, '2019-08-21 04:57:04', '2019-08-21 04:57:04'),
(80, '1566383283IMG_20190325_132606_1.jpg', '/var/www/html/businessplus/public/adminbusinessplus/storage/uploads/1566383283IMG_20190325_132606_1.jpg', '', '', 1, '4gnrt5x16ewsa2iss3', 1, NULL, '2019-08-21 04:58:03', '2019-08-21 04:58:03'),
(81, 'Screenshot from 2019-07-19 18-41-15.png', '/var/www/html/businessplus/public/jobsearch/storage/uploads/Screenshot from 2019-07-19 18-41-15.png', 'png', '', 1, 'ern46s3wgaxsit52s1', 1, NULL, '2019-08-21 07:14:55', '2019-08-21 07:14:55'),
(82, '57154-farmer-reuter.jpeg', '/var/www/html/businessplus/public/jobsearch/storage/uploads/57154-farmer-reuter.jpeg', 'jpeg', '', 1, 'gir3news4a5sst2x61', 1, NULL, '2019-08-21 07:14:55', '2019-08-21 07:14:55'),
(83, 'RAnEVsi.jpg', '/var/www/html/businessplus/public/jobsearch/storage/uploads/RAnEVsi.jpg', 'jpg', '', 1, 's4x3ewnst5gis26a1r', 1, NULL, '2019-08-21 07:14:55', '2019-08-21 07:14:55'),
(84, 'india-flag-3840x2160_1920x500.jpg', '/var/www/html/businessplus/public/jobsearch/storage/uploads/india-flag-3840x2160_1920x500.jpg', 'jpg', '', 1, '6sxwra4et5312sgnis', 1, NULL, '2019-08-21 07:14:55', '2019-08-21 07:14:55'),
(85, 'Screenshot from 2019-07-19 18-41-15.png', '/var/www/html/businessplus/public/adminbusinessplus/storage/uploads/Screenshot from 2019-07-19 18-41-15.png', 'png', '', 1, '4sn6aeit5s3sr1wg2x', 1, NULL, '2019-08-21 07:17:26', '2019-08-21 07:17:26'),
(86, '57154-farmer-reuter.jpeg', '/var/www/html/businessplus/public/adminbusinessplus/storage/uploads/57154-farmer-reuter.jpeg', 'jpeg', '', 1, 's62gsexa34wsrnit51', 1, NULL, '2019-08-21 07:17:26', '2019-08-21 07:17:26'),
(87, 'RAnEVsi.jpg', '/var/www/html/businessplus/public/adminbusinessplus/storage/uploads/RAnEVsi.jpg', 'jpg', '', 1, 'sis24etrn6g15s3wxa', 1, NULL, '2019-08-21 07:17:26', '2019-08-21 07:17:26'),
(88, 'india-flag-3840x2160_1920x500.jpg', '/var/www/html/businessplus/public/adminbusinessplus/storage/uploads/india-flag-3840x2160_1920x500.jpg', 'jpg', '', 1, 'a36512ixtgnsrsews4', 1, NULL, '2019-08-21 07:17:26', '2019-08-21 07:17:26'),
(89, 'Screenshot from 2019-07-19 18-41-15.png', '/var/www/html/businessplus/public/adminbusinessplus/storage/uploads/Screenshot from 2019-07-19 18-41-15.png', 'png', '', 1, 'nr62aswigs4se1x35t', 1, NULL, '2019-08-21 07:18:00', '2019-08-21 07:18:00'),
(90, '57154-farmer-reuter.jpeg', '/var/www/html/businessplus/public/adminbusinessplus/storage/uploads/57154-farmer-reuter.jpeg', 'jpeg', '', 1, 'sa5sxtr1en6wsgi243', 1, NULL, '2019-08-21 07:18:00', '2019-08-21 07:18:00'),
(91, 'RAnEVsi.jpg', '/var/www/html/businessplus/public/adminbusinessplus/storage/uploads/RAnEVsi.jpg', 'jpg', '', 1, 'esw6tg5is2341axnrs', 1, NULL, '2019-08-21 07:18:00', '2019-08-21 07:18:00'),
(92, 'india-flag-3840x2160_1920x500.jpg', '/var/www/html/businessplus/public/adminbusinessplus/storage/uploads/india-flag-3840x2160_1920x500.jpg', 'jpg', '', 1, '5tsw3eisgns1xa642r', 1, NULL, '2019-08-21 07:18:00', '2019-08-21 07:18:00'),
(93, 'Screenshot from 2019-07-19 18-41-15.png', '/var/www/html/businessplus/public/adminbusinessplus/storage/uploads/Screenshot from 2019-07-19 18-41-15.png', 'png', '', 1, 'i51tx3nwrs2s4seg6a', 1, NULL, '2019-08-21 07:22:08', '2019-08-21 07:22:08'),
(94, 'Screenshot from 2019-07-19 18-41-15.png', '/var/www/html/businessplus/public/adminbusinessplus/storage/uploads/Screenshot from 2019-07-19 18-41-15.png', 'png', '', 1, '26ssrg3t5sxin1we4a', 1, NULL, '2019-08-21 07:22:19', '2019-08-21 07:22:19'),
(95, '57154-farmer-reuter.jpeg', '/var/www/html/businessplus/public/adminbusinessplus/storage/uploads/57154-farmer-reuter.jpeg', 'jpeg', '', 1, 'na4t3s1iwxe52ssr6g', 1, NULL, '2019-08-21 07:22:19', '2019-08-21 07:22:19'),
(96, 'RAnEVsi.jpg', '/var/www/html/businessplus/public/adminbusinessplus/storage/uploads/RAnEVsi.jpg', 'jpg', '', 1, 'wrsnsag5ex14i3s2t6', 1, NULL, '2019-08-21 07:22:19', '2019-08-21 07:22:19'),
(97, 'india-flag-3840x2160_1920x500.jpg', '/var/www/html/businessplus/public/adminbusinessplus/storage/uploads/india-flag-3840x2160_1920x500.jpg', 'jpg', '', 1, 'sn6e153waxtsi4s2rg', 1, NULL, '2019-08-21 07:22:19', '2019-08-21 07:22:19'),
(98, 'Screenshot from 2019-07-19 18-41-15.png', '/var/www/html/businessplus/public/adminbusinessplus/storage/uploads/Screenshot from 2019-07-19 18-41-15.png', 'png', '', 1, 'ge2w5sn6issrta4x31', 1, NULL, '2019-08-21 07:23:43', '2019-08-21 07:23:43'),
(99, 'Screenshot from 2019-07-19 18-41-15.png', '/var/www/html/businessplus/public/adminbusinessplus/storage/uploads/Screenshot from 2019-07-19 18-41-15.png', 'png', '', 1, 's14ssg6txrwe3ai5n2', 1, NULL, '2019-08-21 07:23:51', '2019-08-21 07:23:51'),
(100, '57154-farmer-reuter.jpeg', '/var/www/html/businessplus/public/adminbusinessplus/storage/uploads/57154-farmer-reuter.jpeg', 'jpeg', '', 1, 'n64s1taexwsri523sg', 1, NULL, '2019-08-21 07:23:51', '2019-08-21 07:23:51'),
(101, 'RAnEVsi.jpg', '/var/www/html/businessplus/public/adminbusinessplus/storage/uploads/RAnEVsi.jpg', 'jpg', '', 1, '2nitg3a6sx5r1wes4s', 1, NULL, '2019-08-21 07:23:51', '2019-08-21 07:23:51'),
(102, 'india-flag-3840x2160_1920x500.jpg', '/var/www/html/businessplus/public/adminbusinessplus/storage/uploads/india-flag-3840x2160_1920x500.jpg', 'jpg', '', 1, '2wtniesg35s41x6asr', 1, NULL, '2019-08-21 07:23:51', '2019-08-21 07:23:51'),
(103, 'Screenshot from 2019-07-19 18-41-15.png', '/var/www/html/businessplus/public/adminbusinessplus/storage/uploads/Screenshot from 2019-07-19 18-41-15.png', 'png', '', 1, 't4sxa632w1i5rgsnes', 1, NULL, '2019-08-21 07:31:37', '2019-08-21 07:31:37'),
(104, '57154-farmer-reuter.jpeg', '/var/www/html/businessplus/public/adminbusinessplus/storage/uploads/57154-farmer-reuter.jpeg', 'jpeg', '', 1, 'sesx51rsig6aw3t2n4', 1, NULL, '2019-08-21 07:31:37', '2019-08-21 07:31:37'),
(105, 'RAnEVsi.jpg', '/var/www/html/businessplus/public/adminbusinessplus/storage/uploads/RAnEVsi.jpg', 'jpg', '', 1, '24n631sxeswag5sirt', 1, NULL, '2019-08-21 07:31:37', '2019-08-21 07:31:37'),
(106, 'india-flag-3840x2160_1920x500.jpg', '/var/www/html/businessplus/public/adminbusinessplus/storage/uploads/india-flag-3840x2160_1920x500.jpg', 'jpg', '', 1, '4anixs3se51rgwt6s2', 1, NULL, '2019-08-21 07:31:37', '2019-08-21 07:31:37'),
(107, 'Screenshot from 2019-07-19 18-41-15.png', '/var/www/html/businessplus/public/adminbusinessplus/storage/uploads/Screenshot from 2019-07-19 18-41-15.png', 'png', '', 1, '35ngw6txi2sssr4ea1', 1, NULL, '2019-08-21 08:26:28', '2019-08-21 08:26:28'),
(108, '57154-farmer-reuter.jpeg', '/var/www/html/businessplus/public/adminbusinessplus/storage/uploads/57154-farmer-reuter.jpeg', 'jpeg', '', 1, 'x1wgs43i6ner5atss2', 1, NULL, '2019-08-21 08:26:28', '2019-08-21 08:26:28'),
(109, 'RAnEVsi.jpg', '/var/www/html/businessplus/public/adminbusinessplus/storage/uploads/RAnEVsi.jpg', 'jpg', '', 1, 'exr3nsawss5t621ig4', 1, NULL, '2019-08-21 08:26:28', '2019-08-21 08:26:28'),
(110, 'india-flag-3840x2160_1920x500.jpg', '/var/www/html/businessplus/public/adminbusinessplus/storage/uploads/india-flag-3840x2160_1920x500.jpg', 'jpg', '', 1, 'e56wnx34sita2sr1gs', 1, NULL, '2019-08-21 08:26:28', '2019-08-21 08:26:28'),
(111, 'Screenshot from 2019-07-19 18-41-15.png', '/var/www/html/businessplus/public/adminbusinessplus/storage/uploads/Screenshot from 2019-07-19 18-41-15.png', 'png', '', 1, '3nwsa4ts2srgxe6i15', 1, NULL, '2019-08-21 08:27:02', '2019-08-21 08:27:02'),
(112, '57154-farmer-reuter.jpeg', '/var/www/html/businessplus/public/adminbusinessplus/storage/uploads/57154-farmer-reuter.jpeg', 'jpeg', '', 1, '42tg5iws63ensrx1as', 1, NULL, '2019-08-21 08:27:03', '2019-08-21 08:27:03'),
(113, 'RAnEVsi.jpg', '/var/www/html/businessplus/public/adminbusinessplus/storage/uploads/RAnEVsi.jpg', 'jpg', '', 1, 'xn2resa6i3451wstsg', 1, NULL, '2019-08-21 08:27:03', '2019-08-21 08:27:03'),
(114, 'india-flag-3840x2160_1920x500.jpg', '/var/www/html/businessplus/public/adminbusinessplus/storage/uploads/india-flag-3840x2160_1920x500.jpg', 'jpg', '', 1, 'txi3s5ss1nrwe624ga', 1, NULL, '2019-08-21 08:27:03', '2019-08-21 08:27:03'),
(115, 'RAnEVsi.jpg', '/var/www/html/businessplus/public/adminbusinessplus/storage/uploads/RAnEVsi.jpg', 'jpg', '', 1, 'rw2gnsxsit15ea4s63', 1, NULL, '2019-08-21 08:27:14', '2019-08-21 08:27:14'),
(116, 'IMG_20190325_132606_1.jpg', '/var/www/html/businessplus/public/adminbusinessplus/storage/uploads/IMG_20190325_132606_1.jpg', 'jpg', '', 1, 'taxrn54sew361gssi2', 1, NULL, '2019-08-21 09:01:47', '2019-08-21 09:01:47'),
(117, '2018-11-03-10-46-37-933.jpg', '/var/www/html/businessplus/public/adminbusinessplus/storage/uploads/2018-11-03-10-46-37-933.jpg', 'jpg', '', 1, '1wnet5sa34s6srxg2i', 1, NULL, '2019-08-21 09:02:45', '2019-08-21 09:02:45'),
(118, 'IMG_20190325_132606_1.jpg', '/var/www/html/businessplus/public/adminbusinessplus/storage/uploads/IMG_20190325_132606_1.jpg', 'jpg', '', 1, 'ts6s2i15sraw4e3gnx', 1, NULL, '2019-08-21 09:17:57', '2019-08-21 09:17:57'),
(119, 'IMG_20190325_132606_1.jpg', '/var/www/html/businessplus/public/adminbusinessplus/storage/uploads/IMG_20190325_132606_1.jpg', 'jpg', '', 1, 's3r1ex4giastn2w6s5', 1, NULL, '2019-08-22 00:15:51', '2019-08-22 00:15:51'),
(120, 'IMG_20190325_132606_1.jpg', '/var/www/html/businessplus/public/adminbusinessplus/storage/uploads/IMG_20190325_132606_1.jpg', 'jpg', '', 1, 'wiss3x5neasrg1t264', 1, NULL, '2019-08-22 00:16:31', '2019-08-22 00:16:31'),
(121, 'Screenshot from 2019-07-19 18-41-15.png', '/var/www/html/businessplus/public/adminbusinessplus/storage/uploads/Screenshot from 2019-07-19 18-41-15.png', 'png', '', 1, 's3ri5e2s1gan4xwt6s', 1, NULL, '2019-08-22 01:20:35', '2019-08-22 01:20:35'),
(122, 'Screenshot from 2019-07-16 18-18-51.png', '/var/www/html/businessplus/public/adminbusinessplus/storage/uploads/Screenshot from 2019-07-16 18-18-51.png', 'png', '', 1, 'tsi3xr12nsswa45eg6', 1, NULL, '2019-08-22 01:20:35', '2019-08-22 01:20:35'),
(123, 'IMG_20190325_132606_1.jpg', '/var/www/html/businessplus/public/adminbusinessplus/storage/uploads/IMG_20190325_132606_1.jpg', 'jpg', '', 1, 'r31e2xaisstwg6n5s4', 1, NULL, '2019-08-22 01:28:40', '2019-08-22 01:28:40'),
(124, 'IMG_20190325_132606_1.jpg', '/var/www/html/businessplus/public/adminbusinessplus/storage/uploads/IMG_20190325_132606_1.jpg', 'jpg', '', 1, 'e2ia3swn61s5gxstr4', 1, NULL, '2019-08-22 01:35:02', '2019-08-22 01:35:02'),
(125, '2018-11-03-10-46-37-933.jpg', '/var/www/html/businessplus/public/adminbusinessplus/storage/uploads/2018-11-03-10-46-37-933.jpg', 'jpg', '', 1, 'grsiswsnxtae426153', 1, NULL, '2019-08-22 01:41:33', '2019-08-22 01:41:33'),
(126, 'IMG-20190521-WA0009.jpg', '/var/www/html/businessplus/public/adminbusinessplus/storage/uploads/IMG-20190521-WA0009.jpg', 'jpg', '', 1, 'e4s1stn36raw5sg2xi', 1, NULL, '2019-08-22 01:41:33', '2019-08-22 01:41:33'),
(127, 'IMG_20190325_132606_1.jpg', '/var/www/html/businessplus/public/adminbusinessplus/storage/uploads/IMG_20190325_132606_1.jpg', 'jpg', '', 1, 'si612tw5gn4r3axess', 1, NULL, '2019-08-22 01:52:17', '2019-08-22 01:52:17'),
(128, 'IMG_20190325_132606_1.jpg', '/var/www/html/businessplus/public/adminbusinessplus/storage/uploads/IMG_20190325_132606_1.jpg', 'jpg', '', 1, 'srsw1es5i2n3a46txg', 1, NULL, '2019-08-22 01:52:41', '2019-08-22 01:52:41'),
(129, 'IMG_20190325_132606_1.jpg', '/var/www/html/businessplus/public/adminbusinessplus/storage/uploads/IMG_20190325_132606_1.jpg', 'jpg', '', 1, '6nx3ar15te24ssgwsi', 1, NULL, '2019-08-22 01:53:00', '2019-08-22 01:53:00'),
(130, 'IMG_20190325_132606_1.jpg', '/var/www/html/businessplus/public/adminbusinessplus/storage/uploads/IMG_20190325_132606_1.jpg', 'jpg', '', 1, '42e6iws3txas15rgsn', 1, NULL, '2019-08-22 01:53:17', '2019-08-22 01:53:17'),
(131, 'IMG_20190325_132606_1.jpg', '/var/www/html/businessplus/public/adminbusinessplus/storage/uploads/IMG_20190325_132606_1.jpg', 'jpg', '', 1, 'ienssta51364r2gxsw', 1, NULL, '2019-08-22 01:53:51', '2019-08-22 01:53:51'),
(132, '2018-11-03-10-46-37-933.jpg', '/var/www/html/businessplus/public/adminbusinessplus/storage/uploads/2018-11-03-10-46-37-933.jpg', 'jpg', '', 1, '56set3xs4igasw2n1r', 1, NULL, '2019-08-22 01:54:54', '2019-08-22 01:54:54'),
(133, '5. CW.CU-R0 Contact Us.pdf', '/var/www/html/businessplus/public/adminbusinessplus/storage/uploads/5. CW.CU-R0 Contact Us.pdf', 'pdf', '', 1, 'r4x3gaisn51st2s6we', 1, NULL, '2019-08-22 01:54:54', '2019-08-22 01:54:54'),
(134, 'IMG-20190521-WA0009.jpg', '/var/www/html/businessplus/public/adminbusinessplus/storage/uploads/IMG-20190521-WA0009.jpg', 'jpg', '', 1, 'xg3as1s6et4rn25siw', 1, NULL, '2019-08-22 01:54:54', '2019-08-22 01:54:54'),
(135, 'Screenshot from 2019-06-15 18-10-24.png', '/var/www/html/businessplus/public/adminbusinessplus/storage/uploads/Screenshot from 2019-06-15 18-10-24.png', 'png', '', 1, 'ri13as4gs6es2nwxt5', 1, NULL, '2019-08-28 01:41:04', '2019-08-28 01:41:04'),
(136, 'Screenshot from 2019-06-15 18-09-13.png', '/var/www/html/businessplus/public/adminbusinessplus/storage/uploads/Screenshot from 2019-06-15 18-09-13.png', 'png', '', 1, '3sats16gxswri2e5n4', 1, NULL, '2019-08-28 01:41:04', '2019-08-28 01:41:04'),
(137, 'Screenshot from 2019-06-15 18-10-24.png', '/var/www/html/businessplus/public/adminbusinessplus/storage/uploads/Screenshot from 2019-06-15 18-10-24.png', 'png', '', 1, 'gswen354ar6xssti21', 1, NULL, '2019-08-28 01:41:14', '2019-08-28 01:41:14'),
(138, 'Screenshot from 2019-06-15 18-09-13.png', '/var/www/html/businessplus/public/adminbusinessplus/storage/uploads/Screenshot from 2019-06-15 18-09-13.png', 'png', '', 1, 's5gs1awrtix62ns3e4', 1, NULL, '2019-08-28 01:41:14', '2019-08-28 01:41:14'),
(139, 'Screenshot from 2019-06-15 18-10-24.png', '/var/www/html/businessplus/public/adminbusinessplus/storage/uploads/Screenshot from 2019-06-15 18-10-24.png', 'png', '', 1, 'xgstsis416e3aw5n2r', 1, NULL, '2019-08-28 01:55:05', '2019-08-28 01:55:05'),
(140, 'Screenshot from 2019-06-15 18-09-13.png', '/var/www/html/businessplus/public/adminbusinessplus/storage/uploads/Screenshot from 2019-06-15 18-09-13.png', 'png', '', 1, 'sna4egswx6st3r52i1', 1, NULL, '2019-08-28 01:55:05', '2019-08-28 01:55:05'),
(141, 'Screenshot from 2019-06-15 18-10-24.png', '/var/www/html/businessplus/public/adminbusinessplus/storage/uploads/Screenshot from 2019-06-15 18-10-24.png', 'png', '', 1, 'xgi1nsse564s3wra2t', 1, NULL, '2019-08-28 01:55:24', '2019-08-28 01:55:24'),
(142, 'Screenshot from 2019-06-15 18-09-13.png', '/var/www/html/businessplus/public/adminbusinessplus/storage/uploads/Screenshot from 2019-06-15 18-09-13.png', 'png', '', 1, '1wrsixe3g5ts2an6s4', 1, NULL, '2019-08-28 01:55:24', '2019-08-28 01:55:24'),
(143, 'Screenshot from 2019-06-15 18-10-24.png', '/var/www/html/businessplus/public/adminbusinessplus/storage/uploads/Screenshot from 2019-06-15 18-10-24.png', 'png', '', 1, '52n13xstagswi4res6', 1, NULL, '2019-08-28 01:56:01', '2019-08-28 01:56:01'),
(144, 'Screenshot from 2019-06-15 18-09-13.png', '/var/www/html/businessplus/public/adminbusinessplus/storage/uploads/Screenshot from 2019-06-15 18-09-13.png', 'png', '', 1, 'sstirsaw63x1ge4n52', 1, NULL, '2019-08-28 01:56:01', '2019-08-28 01:56:01'),
(145, 'Screenshot from 2019-06-15 18-10-24.png', '/var/www/html/businessplus/public/adminbusinessplus/storage/uploads/Screenshot from 2019-06-15 18-10-24.png', 'png', '', 1, 'ix4g6n3rwes2t5sa1s', 1, NULL, '2019-08-28 01:57:54', '2019-08-28 01:57:54'),
(146, 'Screenshot from 2019-06-15 18-09-13.png', '/var/www/html/businessplus/public/adminbusinessplus/storage/uploads/Screenshot from 2019-06-15 18-09-13.png', 'png', '', 1, 's6sr5es1ga2itn34wx', 1, NULL, '2019-08-28 01:57:54', '2019-08-28 01:57:54'),
(147, 'Screenshot from 2019-06-09 17-32-52.png', '/var/www/html/businessplus/public/adminbusinessplus/storage/uploads/Screenshot from 2019-06-09 17-32-52.png', 'png', '', 1, 'a32ngs5ssx4ite1rw6', 1, NULL, '2019-08-28 03:32:15', '2019-08-28 03:32:15'),
(148, 'Screenshot from 2019-07-19 18-41-15.png', '/var/www/html/businessplus/public/adminbusinessplus/storage/uploads/Screenshot from 2019-07-19 18-41-15.png', 'png', '', 1, 'e214gi3srxsta6s5nw', 1, NULL, '2019-08-28 04:24:28', '2019-08-28 04:24:28'),
(149, 'new.jpg', '/var/www/html/businessplus/public/adminbusinessplus/storage/uploads/new.jpg', 'jpg', '', 1, 'xg325si4ewn1ssrta6', 1, NULL, '2019-08-28 04:24:28', '2019-08-28 04:24:28'),
(150, 'Screenshot from 2019-06-15 18-10-24.png', '/var/www/html/businessplus/public/adminbusinessplus/storage/uploads/Screenshot from 2019-06-15 18-10-24.png', 'png', '', 1, 'tn2e16xr54sisgws3a', 1, NULL, '2019-08-28 04:24:28', '2019-08-28 04:24:28'),
(151, 'Screenshot from 2019-06-15 18-10-24.png', '/var/www/html/pharmacy-app/public/businessplus/storage/uploads/Screenshot from 2019-06-15 18-10-24.png', 'png', '', 1, 'gnx6ts35we1ss2a4ir', 1, NULL, '2019-08-28 12:03:42', '2019-08-28 12:03:42'),
(152, 'Screenshot from 2019-06-15 18-09-13.png', '/var/www/html/pharmacy-app/public/businessplus/storage/uploads/Screenshot from 2019-06-15 18-09-13.png', 'png', '', 1, 'sseg15ti3a4sw6nr2x', 1, NULL, '2019-08-28 12:03:42', '2019-08-28 12:03:42'),
(153, '1545469850.1download (2).jpg', '/var/www/html/pharmacy-app/public/businessplus/storage/uploads/1545469850.1download (2).jpg', 'jpg', '', 1, '5e2x6ssi1rts4a3ngw', 1, NULL, '2019-08-28 12:04:49', '2019-08-28 12:04:49'),
(154, 'Screenshot from 2019-07-19 18-41-15.png', '/var/www/html/pharmacy-app/public/businessplus/storage/uploads/Screenshot from 2019-07-19 18-41-15.png', 'png', '', 1, '3gx16sss4n5terwi2a', 1, NULL, '2019-08-28 12:06:17', '2019-08-28 12:06:17'),
(155, 'Screenshot from 2019-06-11 19-59-44.png', '/var/www/html/pharmacy-app/public/businessplus/storage/uploads/Screenshot from 2019-06-11 19-59-44.png', 'png', '', 1, 'x4ir2tes5n31ga6wss', 1, NULL, '2019-08-28 12:06:17', '2019-08-28 12:06:17'),
(156, 'Screenshot from 2019-06-10 19-45-01.png', '/var/www/html/pharmacy-app/public/businessplus/storage/uploads/Screenshot from 2019-06-10 19-45-01.png', 'png', '', 1, 'w561s4sagts2xne3ir', 1, NULL, '2019-08-28 12:06:17', '2019-08-28 12:06:17'),
(157, 'Screenshot from 2019-09-05 10-53-46.png', '/var/www/html/businessplus/public/businessplus/storage/uploads/Screenshot from 2019-09-05 10-53-46.png', 'png', '', 1, 'seisan61gsx25twr34', 1, NULL, '2019-09-05 00:02:55', '2019-09-05 00:02:55'),
(158, 'Screenshot from 2019-09-05 10-53-46.png', '/var/www/html/businessplus/public/businessplus/storage/uploads/Screenshot from 2019-09-05 10-53-46.png', 'png', '', 1, 'w5312ngsstrs6iae4x', 1, NULL, '2019-09-05 00:03:11', '2019-09-05 00:03:11'),
(159, 'Screenshot from 2019-09-05 10-53-46.png', '/var/www/html/businessplus/public/businessplus/storage/uploads/Screenshot from 2019-09-05 10-53-46.png', 'png', '', 1, 'a14iw5nxsgt3sre26s', 1, NULL, '2019-09-05 00:04:36', '2019-09-05 00:04:36'),
(160, 'Screenshot from 2019-09-05 10-53-35.png', '/var/www/html/businessplus/public/businessplus/storage/uploads/Screenshot from 2019-09-05 10-53-35.png', 'png', '', 1, 't3sra6exw24s5s1ign', 1, NULL, '2019-09-05 00:04:36', '2019-09-05 00:04:36'),
(161, 'Screenshot from 2019-09-05 10-53-46.png', '/var/www/html/businessplus/public/businessplus/storage/uploads/Screenshot from 2019-09-05 10-53-46.png', 'png', '', 1, 'nsxi4swetga253s6r1', 1, NULL, '2019-09-05 00:15:08', '2019-09-05 00:15:08'),
(162, 'Screenshot from 2019-09-05 10-53-35.png', '/var/www/html/businessplus/public/businessplus/storage/uploads/Screenshot from 2019-09-05 10-53-35.png', 'png', '', 1, '1x354snrtge6a2isws', 1, NULL, '2019-09-05 00:15:08', '2019-09-05 00:15:08'),
(163, 'Screenshot from 2019-09-05 10-53-46.png', '/var/www/html/businessplus/public/businessplus/storage/uploads/Screenshot from 2019-09-05 10-53-46.png', 'png', '', 1, 's2x14inst65gersw3a', 1, NULL, '2019-09-07 05:23:06', '2019-09-07 05:23:06'),
(164, 'Screenshot from 2019-09-05 10-53-46.png', '/var/www/html/businessplus/public/businessplus/storage/uploads/Screenshot from 2019-09-05 10-53-46.png', 'png', '', 1, 'srs43te651s2wigxan', 1, NULL, '2019-09-07 05:24:10', '2019-09-07 05:24:10'),
(165, 'Screenshot from 2019-09-05 10-53-46.png', '/var/www/html/businessplus/public/businessplus/storage/uploads/Screenshot from 2019-09-05 10-53-46.png', 'png', '', 1, 'ssxre42staig613wn5', 1, NULL, '2019-09-07 05:24:40', '2019-09-07 05:24:40'),
(166, 'Screenshot from 2019-09-05 10-53-35.png', '/var/www/html/businessplus/public/businessplus/storage/uploads/Screenshot from 2019-09-05 10-53-35.png', 'png', '', 1, 'is56wt1r24sseag3xn', 1, NULL, '2019-09-07 05:24:41', '2019-09-07 05:24:41'),
(167, 'Screenshot from 2019-09-05 10-53-46.png', '/var/www/html/businessplus/public/businessplus/storage/uploads/Screenshot from 2019-09-05 10-53-46.png', 'png', '', 1, '64x31stsw2s5gnraei', 1, NULL, '2019-09-07 05:25:22', '2019-09-07 05:25:22'),
(168, 'Screenshot from 2019-09-05 10-53-35.png', '/var/www/html/businessplus/public/businessplus/storage/uploads/Screenshot from 2019-09-05 10-53-35.png', 'png', '', 1, '1s2as53xtiswnger46', 1, NULL, '2019-09-07 05:25:23', '2019-09-07 05:25:23'),
(169, 'Screenshot from 2019-09-05 10-53-46.png', '/var/www/html/businessplus/public/businessplus/storage/uploads/Screenshot from 2019-09-05 10-53-46.png', 'png', '', 1, '41sa5236wtxrengiss', 1, NULL, '2019-09-07 05:25:38', '2019-09-07 05:25:38'),
(170, 'Screenshot from 2019-09-05 10-53-35.png', '/var/www/html/businessplus/public/businessplus/storage/uploads/Screenshot from 2019-09-05 10-53-35.png', 'png', '', 1, '1gns2iwe46trassx53', 1, NULL, '2019-09-07 05:25:38', '2019-09-07 05:25:38'),
(171, 'Screenshot from 2019-09-05 10-53-46.png', '/var/www/html/businessplus/public/businessplus/storage/uploads/Screenshot from 2019-09-05 10-53-46.png', 'png', '', 1, 'ei1s6aws4t52snxg3r', 1, NULL, '2019-09-07 05:26:10', '2019-09-07 05:26:10'),
(172, 'Screenshot from 2019-09-05 10-53-35.png', '/var/www/html/businessplus/public/businessplus/storage/uploads/Screenshot from 2019-09-05 10-53-35.png', 'png', '', 1, 'ix12rnas5wesgs364t', 1, NULL, '2019-09-07 05:26:10', '2019-09-07 05:26:10'),
(173, 'Screenshot from 2019-09-05 10-53-46.png', '/var/www/html/businessplus/public/businessplus/storage/uploads/Screenshot from 2019-09-05 10-53-46.png', 'png', '', 1, '5te2in64rwsas3x1sg', 1, NULL, '2019-09-07 05:26:56', '2019-09-07 05:26:56'),
(174, 'Screenshot from 2019-09-05 10-53-35.png', '/var/www/html/businessplus/public/businessplus/storage/uploads/Screenshot from 2019-09-05 10-53-35.png', 'png', '', 1, 'nxse5sa34ig61rws2t', 1, NULL, '2019-09-07 05:26:56', '2019-09-07 05:26:56'),
(175, 'Screenshot from 2019-09-05 10-53-46.png', '/var/www/html/businessplus/public/businessplus/storage/uploads/Screenshot from 2019-09-05 10-53-46.png', 'png', '', 1, 'st6n4essri3w2g1a5x', 1, NULL, '2019-09-07 05:27:37', '2019-09-07 05:27:37'),
(176, 'Screenshot from 2019-09-05 10-53-35.png', '/var/www/html/businessplus/public/businessplus/storage/uploads/Screenshot from 2019-09-05 10-53-35.png', 'png', '', 1, '3xs54s1gsieat62rwn', 1, NULL, '2019-09-07 05:27:37', '2019-09-07 05:27:37'),
(177, 'Screenshot from 2019-09-05 10-53-46.png', '/var/www/html/businessplus/public/businessplus/storage/uploads/Screenshot from 2019-09-05 10-53-46.png', 'png', '', 1, 's5seia462rwgt3snx1', 1, NULL, '2019-09-07 05:28:07', '2019-09-07 05:28:07'),
(178, 'Screenshot from 2019-09-05 10-53-35.png', '/var/www/html/businessplus/public/businessplus/storage/uploads/Screenshot from 2019-09-05 10-53-35.png', 'png', '', 1, 'xsts2rsgw41a5ei6n3', 1, NULL, '2019-09-07 05:28:07', '2019-09-07 05:28:07'),
(179, 'Screenshot from 2019-09-05 10-53-46.png', '/var/www/html/businessplus/public/businessplus/storage/uploads/Screenshot from 2019-09-05 10-53-46.png', 'png', '', 1, '2r35s1nsiexw4g6tas', 1, NULL, '2019-09-07 05:28:38', '2019-09-07 05:28:38'),
(180, 'Screenshot from 2019-09-05 10-53-35.png', '/var/www/html/businessplus/public/businessplus/storage/uploads/Screenshot from 2019-09-05 10-53-35.png', 'png', '', 1, '5xtgrsa2swsei4163n', 1, NULL, '2019-09-07 05:28:38', '2019-09-07 05:28:38'),
(181, 'Screenshot from 2019-09-05 10-53-46.png', '/var/www/html/businessplus/public/businessplus/storage/uploads/Screenshot from 2019-09-05 10-53-46.png', 'png', '', 1, 'xrse1gs2n56stwia43', 1, NULL, '2019-09-07 05:29:36', '2019-09-07 05:29:36'),
(182, 'Screenshot from 2019-09-05 10-53-46.png', '/var/www/html/businessplus/public/businessplus/storage/uploads/Screenshot from 2019-09-05 10-53-46.png', 'png', '', 1, 'ir3a64snsx1segt5w2', 1, NULL, '2019-09-07 05:30:52', '2019-09-07 05:30:52'),
(183, 'Screenshot from 2019-09-05 10-53-46.png', '/var/www/html/businessplus/public/businessplus/storage/uploads/Screenshot from 2019-09-05 10-53-46.png', 'png', '', 1, 'g5ns64rei12sxaw3st', 1, NULL, '2019-09-07 05:31:10', '2019-09-07 05:31:10'),
(184, 'Screenshot from 2019-09-05 10-53-35.png', '/var/www/html/businessplus/public/businessplus/storage/uploads/Screenshot from 2019-09-05 10-53-35.png', 'png', '', 1, 's2in6ew1rtsa3x4s5g', 1, NULL, '2019-09-07 05:31:10', '2019-09-07 05:31:10'),
(185, 'Screenshot from 2019-09-05 10-53-46.png', '/var/www/html/businessplus/public/businessplus/storage/uploads/Screenshot from 2019-09-05 10-53-46.png', 'png', '', 1, '6i3xwg4ranss52ts1e', 1, NULL, '2019-09-07 05:41:37', '2019-09-07 05:41:37'),
(186, 'Screenshot from 2019-09-05 10-53-35.png', '/var/www/html/businessplus/public/businessplus/storage/uploads/Screenshot from 2019-09-05 10-53-35.png', 'png', '', 1, '562xswia31getrns4s', 1, NULL, '2019-09-07 05:41:37', '2019-09-07 05:41:37'),
(187, 'Screenshot from 2019-09-05 10-53-46.png', '/var/www/html/businessplus/public/businessplus/storage/uploads/Screenshot from 2019-09-05 10-53-46.png', 'png', '', 1, 'g6sns4x3sr215eawit', 1, NULL, '2019-09-07 06:32:56', '2019-09-07 06:32:56'),
(188, 'Screenshot from 2019-09-05 10-53-35.png', '/var/www/html/businessplus/public/businessplus/storage/uploads/Screenshot from 2019-09-05 10-53-35.png', 'png', '', 1, 'a4txswrn3esg62i5s1', 1, NULL, '2019-09-07 06:32:56', '2019-09-07 06:32:56'),
(189, 'Screenshot from 2019-09-05 10-53-46.png', '/var/www/html/businessplus/public/businessplus/storage/uploads/Screenshot from 2019-09-05 10-53-46.png', 'png', '', 1, 'nwri2ts51xe6a4ss3g', 1, NULL, '2019-09-07 06:33:59', '2019-09-07 06:33:59'),
(190, 'Screenshot from 2019-09-05 10-53-35.png', '/var/www/html/businessplus/public/businessplus/storage/uploads/Screenshot from 2019-09-05 10-53-35.png', 'png', '', 1, 'inr1sw4a2tsxsg3e65', 1, NULL, '2019-09-07 06:33:59', '2019-09-07 06:33:59'),
(191, 'Screenshot from 2019-09-05 10-53-46.png', '/var/www/html/businessplus/public/businessplus/storage/uploads/Screenshot from 2019-09-05 10-53-46.png', 'png', '', 1, 'x3asgt6i12n4rs5swe', 1, NULL, '2019-09-07 06:35:13', '2019-09-07 06:35:13'),
(192, 'Screenshot from 2019-09-05 10-53-35.png', '/var/www/html/businessplus/public/businessplus/storage/uploads/Screenshot from 2019-09-05 10-53-35.png', 'png', '', 1, '1rxstsie436awgn2s5', 1, NULL, '2019-09-07 06:35:13', '2019-09-07 06:35:13'),
(193, 'Screenshot from 2019-09-05 10-53-46.png', '/var/www/html/businessplus/public/businessplus/storage/uploads/Screenshot from 2019-09-05 10-53-46.png', 'png', '', 1, 'esgsi6x2ws51r3at4n', 1, NULL, '2019-09-07 06:36:46', '2019-09-07 06:36:46'),
(194, 'Screenshot from 2019-09-05 10-53-35.png', '/var/www/html/businessplus/public/businessplus/storage/uploads/Screenshot from 2019-09-05 10-53-35.png', 'png', '', 1, '5g421sssnwerxi6a3t', 1, NULL, '2019-09-07 06:36:46', '2019-09-07 06:36:46'),
(195, 'Screenshot from 2019-09-05 10-53-46.png', '/var/www/html/businessplus/public/businessplus/storage/uploads/Screenshot from 2019-09-05 10-53-46.png', 'png', '', 1, 't51i3gsan2xsre64ws', 1, NULL, '2019-09-07 07:01:56', '2019-09-07 07:01:56'),
(196, 'Screenshot from 2019-09-05 10-53-35.png', '/var/www/html/businessplus/public/businessplus/storage/uploads/Screenshot from 2019-09-05 10-53-35.png', 'png', '', 1, 'wxs5re314ang2i6tss', 1, NULL, '2019-09-07 07:01:56', '2019-09-07 07:01:56'),
(197, '1566381807IMG_20190325_132606_1.jpg', '/var/www/html/pharmacy-app/public/businessplus/storage/uploads/1566381807IMG_20190325_132606_1.jpg', 'jpg', '', 1, 'nrs3gi4x6w5ts12sae', 1, NULL, '2019-09-09 10:00:59', '2019-09-09 10:00:59'),
(198, '2018-11-03-10-46-37-933.jpg', '/var/www/html/pharmacy-app/public/businessplus/storage/uploads/2018-11-03-10-46-37-933.jpg', 'jpg', '', 1, 'xisw36ts2gaesr14n5', 1, NULL, '2019-09-09 10:01:18', '2019-09-09 10:01:18'),
(199, 'Screenshot from 2019-06-15 18-10-24.png', '/var/www/html/pharmacy-app/public/businessplus/storage/uploads/Screenshot from 2019-06-15 18-10-24.png', 'png', '', 1, 'ne62s3sxrw1a5sgi4t', 1, NULL, '2019-09-09 10:01:39', '2019-09-09 10:01:39'),
(200, 'Screenshot from 2019-06-15 18-09-13.png', '/var/www/html/pharmacy-app/public/businessplus/storage/uploads/Screenshot from 2019-06-15 18-09-13.png', 'png', '', 1, '2s6r5asxt43wg1eisn', 1, NULL, '2019-09-09 10:02:04', '2019-09-09 10:02:04'),
(201, '57154-farmer-reuter.jpeg', '/var/www/html/pharmacy-app/public/businessplus/storage/uploads/57154-farmer-reuter.jpeg', 'jpeg', '', 1, 'axg1twi2s6354ernss', 1, NULL, '2019-09-09 10:02:22', '2019-09-09 10:02:22'),
(202, 'Screenshot from 2019-07-16 18-18-51.png', '/var/www/html/pharmacy-app/public/businessplus/storage/uploads/Screenshot from 2019-07-16 18-18-51.png', 'png', '', 1, '21x5sae3ins6wrsgt4', 1, NULL, '2019-09-09 10:02:39', '2019-09-09 10:02:39'),
(203, 'new.jpg', '/var/www/html/pharmacy-app/public/businessplus/storage/uploads/new.jpg', 'jpg', '', 1, '4sxnaetg152rsisw63', 1, NULL, '2019-09-09 10:03:09', '2019-09-09 10:03:09'),
(204, 'Screenshot from 2019-09-05 10-53-46.png', '/var/www/html/businessplus/public/businessplus/storage/uploads/Screenshot from 2019-09-05 10-53-46.png', 'png', '', 1, '5sgsa2n1riwt64s3ex', 1, NULL, '2019-09-09 05:04:26', '2019-09-09 05:04:26'),
(205, 'Screenshot from 2019-09-05 10-53-35.png', '/var/www/html/businessplus/public/businessplus/storage/uploads/Screenshot from 2019-09-05 10-53-35.png', 'png', '', 1, '6ga21s4wn3reis5xts', 1, NULL, '2019-09-09 05:04:26', '2019-09-09 05:04:26'),
(208, '1569066364Screenshot from 2019-09-20 13-06-33.png', '/var/www/html/businessplus/public/adminbusinessplus/storage/uploads/1569066364Screenshot from 2019-09-20 13-06-33.png', '', '', 20, '2wg4sre3na5xis1ts6', 1, NULL, '2019-09-21 06:16:04', '2019-09-21 06:16:04'),
(209, '1569066525Screenshot from 2019-09-20 13-06-33.png', '/var/www/html/businessplus/public/businessplus/storage/uploads/1569066525Screenshot from 2019-09-20 13-06-33.png', '', '', 20, 'sg6trsse135inxa42w', 1, NULL, '2019-09-21 06:18:45', '2019-09-21 06:18:45'),
(210, '1569403200Screenshot from 2019-09-25 13-04-56.png', '/var/www/html/pharmacy-app/public/businessplus/storage/uploads/1569403200Screenshot from 2019-09-25 13-04-56.png', '', '', 20, '1w4naiss6325sgertx', 1, NULL, '2019-09-25 09:20:00', '2019-09-25 09:20:00'),
(211, 'lago-di-sorapis-small.jpg', '/var/www/html/pharmacy-app/public/businessplus/storage/uploads/lago-di-sorapis-small.jpg', 'jpg', '', 1, '43etagsn5xi6w21rss', 1, NULL, '2019-10-04 06:24:30', '2019-10-04 06:24:30'),
(212, 'braies-lake-small.jpg', '/var/www/html/pharmacy-app/public/businessplus/storage/uploads/braies-lake-small.jpg', 'jpg', '', 1, 'it6a4se1s5nrgsx32w', 1, NULL, '2019-10-04 06:25:02', '2019-10-04 06:25:02'),
(213, 'lago-di-braies-small.jpg', '/var/www/html/pharmacy-app/public/businessplus/storage/uploads/lago-di-braies-small.jpg', 'jpg', '', 1, '53ax6s2tsgw1ienrs4', 1, NULL, '2019-10-04 06:25:20', '2019-10-04 06:25:20'),
(214, 'morain-lake-small.jpg', '/var/www/html/pharmacy-app/public/businessplus/storage/uploads/morain-lake-small.jpg', 'jpg', '', 1, 'g36aei4512swrsnxts', 1, NULL, '2019-10-04 06:26:12', '2019-10-04 06:26:12'),
(215, 'bangrounghome.jpg', '/var/www/html/pharmacy-app/public/businessplus/storage/uploads/bangrounghome.jpg', 'jpg', '', 1, 'e1wx65ss4trs3ni2ga', 1, NULL, '2019-10-04 06:28:12', '2019-10-04 06:28:12'),
(216, 'dark-material-bg.jpg', '/var/www/html/pharmacy-app/public/businessplus/storage/uploads/dark-material-bg.jpg', 'jpg', '', 1, 'en4ts56gswa1s3ir2x', 1, NULL, '2019-10-04 06:28:54', '2019-10-04 06:28:54'),
(217, 'vincent.jpg', '/var/www/html/pharmacy-app/public/businessplus/storage/uploads/vincent.jpg', 'jpg', '', 1, '61gesxrsa5wn43its2', 1, NULL, '2019-10-04 06:30:42', '2019-10-04 06:30:42'),
(218, 'morain-lake-small.jpg', '/var/www/html/pharmacy-app/public/businessplus/storage/uploads/morain-lake-small.jpg', 'jpg', '', 1, 'axnsw6tris123s5g4e', 1, NULL, '2019-10-04 06:41:43', '2019-10-04 06:41:43'),
(219, '1570772028never-stop-changing-small.jpg', '/var/www/html/pharmacy-app/public/businessplus/storage/uploads/1570772028never-stop-changing-small.jpg', '', '', 20, 'ss2r4e1wa63i5gxnst', 1, NULL, '2019-10-11 05:33:48', '2019-10-11 05:33:48'),
(220, 'water-sprinklers-880970_1280.jpg', '/var/www/html/pharmacy-app/public/businessplus/storage/uploads/water-sprinklers-880970_1280.jpg', 'jpg', '', 1, 'irs46sxw13gse5a2tn', 1, NULL, '2019-10-18 06:31:40', '2019-10-18 06:31:40'),
(221, 'download.png', '/var/www/html/pharmacy-app/public/businessplus/storage/uploads/download.png', 'png', '', 1, 'xgsn5e62w3ar1st4si', 1, NULL, '2019-10-19 13:12:25', '2019-10-19 13:12:25'),
(222, 'Who Owns Who.jpg', '/var/www/html/pharmacy-app/public/businessplus/storage/uploads/Who Owns Who.jpg', 'jpg', '', 1, '6saxwnsires352tg14', 1, NULL, '2019-10-21 14:24:24', '2019-10-21 14:24:24'),
(223, 'download.png', '/var/www/html/pharmacy-app/public/businessplus/storage/uploads/download.png', 'png', '', 1, 'sr1gsn4sw6t3aex52i', 1, NULL, '2019-10-23 22:02:09', '2019-10-23 22:02:09'),
(224, 'download.png', '/var/www/html/pharmacy-app/public/businessplus/storage/uploads/download.png', 'png', '', 1, '516n42rtwaiegx3sss', 1, NULL, '2019-10-23 22:04:21', '2019-10-23 22:04:21'),
(225, 'download.png', '/var/www/html/pharmacy-app/public/businessplus/storage/uploads/download.png', 'png', '', 1, 'ix2gewats6r5s34n1s', 1, NULL, '2019-10-23 22:06:38', '2019-10-23 22:06:38'),
(226, 'download.png', '/var/www/html/pharmacy-app/public/businessplus/storage/uploads/download.png', 'png', '', 1, 'es21inx6grs35aw4ts', 1, NULL, '2019-10-23 22:08:40', '2019-10-23 22:08:40'),
(227, 'a-walk-amongst-friends-small.jpg', '/var/www/html/pharmacy-app/public/businessplus/storage/uploads/a-walk-amongst-friends-small.jpg', 'jpg', '', 1, 'igwn2xs46ets15sra3', 1, NULL, '2019-11-05 06:16:30', '2019-11-05 06:16:30'),
(228, 'braies-lake-small.jpg', '/var/www/html/pharmacy-app/public/businessplus/storage/uploads/braies-lake-small.jpg', 'jpg', '', 1, 'si1t2a4ngewsxrs563', 1, NULL, '2019-11-05 06:16:30', '2019-11-05 06:16:30');
INSERT INTO `uploads` (`id`, `name`, `path`, `extension`, `caption`, `user_id`, `hash`, `public`, `deleted_at`, `created_at`, `updated_at`) VALUES
(229, 'fall-glow-small.jpg', '/var/www/html/pharmacy-app/public/businessplus/storage/uploads/fall-glow-small.jpg', 'jpg', '', 1, 'tanssx4r5igs132w6e', 1, NULL, '2019-11-05 06:16:30', '2019-11-05 06:16:30'),
(230, 'first-snow-small.jpg', '/var/www/html/pharmacy-app/public/businessplus/storage/uploads/first-snow-small.jpg', 'jpg', '', 1, '3eigansx1t245wrs6s', 1, NULL, '2019-11-05 06:16:30', '2019-11-05 06:16:30'),
(231, 'Screenshot from 2019-11-05 15-47-39.png', '/var/www/html/pharmacy-app/public/businessplus/storage/uploads/Screenshot from 2019-11-05 15-47-39.png', 'png', '', 1, 'g6t2s15snws4eiar3x', 1, NULL, '2019-11-05 10:18:06', '2019-11-05 10:18:06'),
(232, 'Screenshot from 2019-11-05 15-47-45.png', '/var/www/html/pharmacy-app/public/businessplus/storage/uploads/Screenshot from 2019-11-05 15-47-45.png', 'png', '', 1, 'xsi2a1n3ts64swgre5', 1, NULL, '2019-11-05 10:18:06', '2019-11-05 10:18:06'),
(233, 'Screenshot from 2019-11-05 15-47-39.png', '/var/www/html/pharmacy-app/public/businessplus/storage/uploads/Screenshot from 2019-11-05 15-47-39.png', 'png', '', 1, 'eigsrsswxa31t4265n', 1, NULL, '2019-11-05 10:24:38', '2019-11-05 10:24:38'),
(234, 'Screenshot from 2019-11-05 15-47-45.png', '/var/www/html/pharmacy-app/public/businessplus/storage/uploads/Screenshot from 2019-11-05 15-47-45.png', 'png', '', 1, '15wx6ass3g4tsinre2', 1, NULL, '2019-11-05 10:24:38', '2019-11-05 10:24:38'),
(235, 'Screenshot from 2019-11-05 15-47-39.png', '/var/www/html/pharmacy-app/public/businessplus/storage/uploads/Screenshot from 2019-11-05 15-47-39.png', 'png', '', 1, 'trni1gsase5w34x6s2', 1, NULL, '2019-11-05 11:37:32', '2019-11-05 11:37:32'),
(236, 'Screenshot from 2019-11-05 15-47-45.png', '/var/www/html/pharmacy-app/public/businessplus/storage/uploads/Screenshot from 2019-11-05 15-47-45.png', 'png', '', 1, 'agtr41sw2nsi6x35es', 1, NULL, '2019-11-05 11:37:32', '2019-11-05 11:37:32'),
(237, 'Screenshot from 2019-11-05 15-47-39.png', '/var/www/html/pharmacy-app/public/businessplus/storage/uploads/Screenshot from 2019-11-05 15-47-39.png', 'png', '', 1, '36txass2rs5i41gewn', 1, NULL, '2019-11-05 11:42:00', '2019-11-05 11:42:00'),
(238, 'Screenshot from 2019-11-05 15-47-45.png', '/var/www/html/pharmacy-app/public/businessplus/storage/uploads/Screenshot from 2019-11-05 15-47-45.png', 'png', '', 1, 'xar3itse5wns6g2s14', 1, NULL, '2019-11-05 11:42:00', '2019-11-05 11:42:00'),
(239, 'a-walk-amongst-friends-small.jpg', '/var/www/html/pharmacy-app/public/businessplus/storage/uploads/a-walk-amongst-friends-small.jpg', 'jpg', '', 1, 'wx1g346a5rsse2inst', 1, NULL, '2019-11-05 13:25:08', '2019-11-05 13:25:08'),
(240, 'a-walk-amongst-friends-small.jpg', '/var/www/html/pharmacy-app/public/businessplus/storage/uploads/a-walk-amongst-friends-small.jpg', 'jpg', '', 1, 'a56nt1w4rssxgsie32', 1, NULL, '2019-11-05 13:29:14', '2019-11-05 13:29:14'),
(241, 'maldives-map1.png', '/var/www/html/pharmacy-app/public/businessplus/storage/uploads/maldives-map1.png', 'png', '', 1, 'inr6e15swga3xs4ts2', 1, NULL, '2019-11-16 13:29:23', '2019-11-16 13:29:23'),
(242, 'technology.jpg', '/var/www/html/pharmacy-app/public/businessplus/storage/uploads/technology.jpg', 'jpg', '', 1, '3sag5i26strsnx1we4', 1, NULL, '2019-11-16 13:29:23', '2019-11-16 13:29:23'),
(243, 'world-map.jpg', '/var/www/html/pharmacy-app/public/businessplus/storage/uploads/world-map.jpg', 'jpg', '', 1, 'gx6swrat2n3s15i4se', 1, NULL, '2019-11-16 13:29:23', '2019-11-16 13:29:23'),
(244, 'a-walk-amongst-friends-small.jpg', '/var/www/html/pharmacy-app/public/businessplus/storage/uploads/a-walk-amongst-friends-small.jpg', 'jpg', '', 1, 'e1rs36nxi54swgsta2', 1, NULL, '2019-11-18 11:59:52', '2019-11-18 11:59:52'),
(245, 'braies-lake-small.jpg', '/var/www/html/pharmacy-app/public/businessplus/storage/uploads/braies-lake-small.jpg', 'jpg', '', 1, 'swe6524gx1rass3tni', 1, NULL, '2019-11-18 11:59:52', '2019-11-18 11:59:52'),
(246, 'first-snow-small.jpg', '/var/www/html/pharmacy-app/public/businessplus/storage/uploads/first-snow-small.jpg', 'jpg', '', 1, 'in2w4agsst3r1xe56s', 1, NULL, '2019-11-18 11:59:52', '2019-11-18 11:59:52'),
(247, 'morain-lake.jpg', '/var/www/html/pharmacy-app/public/businessplus/storage/uploads/morain-lake.jpg', 'jpg', '', 1, 's12enxaw654g3stisr', 1, NULL, '2019-11-18 11:59:52', '2019-11-18 11:59:52'),
(248, 'morain-lake-small.jpg', '/var/www/html/pharmacy-app/public/businessplus/storage/uploads/morain-lake-small.jpg', 'jpg', '', 1, 'g2wxe6i354rsasnst1', 1, NULL, '2019-11-18 11:59:52', '2019-11-18 11:59:52'),
(249, 'never-stop-changing.jpg', '/var/www/html/pharmacy-app/public/businessplus/storage/uploads/never-stop-changing.jpg', 'jpg', '', 1, 's4w56esn1rs2ixga3t', 1, NULL, '2019-11-18 11:59:52', '2019-11-18 11:59:52'),
(250, 'reaching-small.jpg', '/var/www/html/pharmacy-app/public/businessplus/storage/uploads/reaching-small.jpg', 'jpg', '', 1, '5sir4xgn162st3easw', 1, NULL, '2019-11-18 11:59:52', '2019-11-18 11:59:52'),
(251, 'yosemite-small.jpg', '/var/www/html/pharmacy-app/public/businessplus/storage/uploads/yosemite-small.jpg', 'jpg', '', 1, 'se2ns5w46rgts31aix', 1, NULL, '2019-11-18 11:59:52', '2019-11-18 11:59:52'),
(252, 'morain-lake-small.jpg', '/var/www/html/pharmacy-app/public/businessplus/storage/uploads/morain-lake-small.jpg', 'jpg', '', 1, 'exng2i541wrs3ast6s', 1, NULL, '2019-11-18 11:59:52', '2019-11-18 11:59:52'),
(253, 'yosemite-small.jpg', '/var/www/html/pharmacy-app/public/businessplus/storage/uploads/yosemite-small.jpg', 'jpg', '', 1, 'sr5nexgw3142ts6sia', 1, NULL, '2019-11-18 11:59:52', '2019-11-18 11:59:52'),
(254, 'lago-di-sorapis-small.jpg', '/var/www/html/pharmacy-app/public/businessplus/storage/uploads/lago-di-sorapis-small.jpg', 'jpg', '', 1, 'tsg52rws1sn4xi6a3e', 1, NULL, '2019-11-18 11:59:52', '2019-11-18 11:59:52'),
(255, 'a-walk-amongst-friends-small.jpg', '/var/www/html/pharmacy-app/public/businessplus/storage/uploads/a-walk-amongst-friends-small.jpg', 'jpg', '', 1, 'swes25aisx61rnt34g', 1, NULL, '2019-11-18 12:54:00', '2019-11-18 12:54:00'),
(256, 'never-stop-changing-small.jpg', '/var/www/html/pharmacy-app/public/businessplus/storage/uploads/never-stop-changing-small.jpg', 'jpg', '', 1, '14twes3sg6x5air2sn', 1, NULL, '2019-11-18 12:54:00', '2019-11-18 12:54:00');

-- --------------------------------------------------------

--
-- Table structure for table `users`
--

CREATE TABLE `users` (
  `id` int(10) UNSIGNED NOT NULL,
  `name` varchar(250) COLLATE utf8_unicode_ci NOT NULL DEFAULT '',
  `context_id` int(10) UNSIGNED NOT NULL DEFAULT '0',
  `email` varchar(250) COLLATE utf8_unicode_ci NOT NULL,
  `password` varchar(250) COLLATE utf8_unicode_ci NOT NULL DEFAULT '',
  `type` varchar(255) COLLATE utf8_unicode_ci NOT NULL DEFAULT 'Employee',
  `remember_token` varchar(100) COLLATE utf8_unicode_ci DEFAULT NULL,
  `deleted_at` timestamp NULL DEFAULT NULL,
  `created_at` timestamp NULL DEFAULT NULL,
  `updated_at` timestamp NULL DEFAULT NULL,
  `company_id` varchar(50) COLLATE utf8_unicode_ci NOT NULL
) ENGINE=InnoDB DEFAULT CHARSET=utf8 COLLATE=utf8_unicode_ci;

--
-- Dumping data for table `users`
--

INSERT INTO `users` (`id`, `name`, `context_id`, `email`, `password`, `type`, `remember_token`, `deleted_at`, `created_at`, `updated_at`, `company_id`) VALUES
(1, 'Super Admin', 1, 'admin@mailinator.com', '$2y$10$PbyL8pOxS2AzHUWkpk8va.hQGPGCE3xbnV9FD7Tj5GiHb6YsEpaqi', 'Employee', 'pdwPxx3YVmCHOQPgShePwTQiOo96ODZ1TGM4HNLIUaiiPznR5aWi05Bpxhn1', NULL, '2018-12-05 04:28:21', '2019-10-18 07:15:44', ''),
(2, 'sotam', 0, 'sotam@gmail.com', '$2y$10$hXKh2b1hrNUonnkjaqVqlOZ6Zgs.Se62KfJCO2k7E0KtUk.csWkZ6', 'Employee', NULL, NULL, '2018-12-05 04:55:42', '2018-12-05 04:55:42', ''),
(3, 'sotam', 0, 'sotam1992@gmail.com', '$2y$10$vxDJ35yWBPpsCtFAflbMFuLVk7xWSNFXHdfA6WRIYF5IQ4OdSfX4i', 'Employee', NULL, NULL, '2018-12-05 05:00:21', '2018-12-05 05:00:21', ''),
(15, 'pradeep mukati', 0, 'pradeep@gmail.com', '$2y$10$LuvsjoNzbfjsmoeKGN2H8Ow65hD94IRJOnpHSiAhQSejaOK8xX8SK', 'Employee', 'aj3q744cha2DPCR2UmzspMA7cUQKEcQS9TPlZmZIsn7CPjebCpFj1YPjxw7B', NULL, '2018-12-17 01:08:59', '2018-12-29 11:16:10', '2'),
(16, 'Rajesh', 0, 'rajesh@mailinator.com', '$2y$10$wAQ1KPrjVKnwZEoSyWmJCOZoZD7n/pb4aqjc5ntoZRMjVDk.WC79y', 'Employee', NULL, NULL, '2018-12-25 01:37:37', '2018-12-25 01:37:37', '2'),
(17, 'test', 0, 'test@gmail.com', '$2y$10$wuXVbFZwtyUzdvkR6ASKxOGhvRCowm5j.AmaXS9avsdbTEG0agySe', 'Employee', NULL, NULL, '2018-12-27 13:58:39', '2018-12-27 13:58:39', '2'),
(18, 'lata', 0, 'lata.g2005@gmail.com', '$2y$10$lM3Vgez1933PPq5mNcGSMORbmrWksuvqoqPHgH2920etQh0bA3jWu', 'Employee', NULL, NULL, '2018-12-29 09:10:40', '2018-12-29 09:10:40', '2'),
(19, 'lata', 0, 'lata.gajbhiye@digiprima.com', '$2y$10$AwM3MEH4A.7cpIyVQa53dOJQ5uV0tb3F/kopEYm8n5tCyH7QrqLc2', 'Employee', NULL, NULL, '2018-12-29 09:12:20', '2018-12-29 09:12:20', '2'),
(20, 'Arpit', 0, 'arpit@mailinator.com', '$2y$10$.G4xlovx1EDcwOnWibpWKehXsOfsqMSNm8ettSEHw8cvEM5IpIyjG', 'Employee', 'LPcZc4N70YHsOkFceXDOe6ysIYnJZM6CPphFwzMiC2zT2XLudqfBjHghZg3e', NULL, '2019-01-22 12:28:44', '2019-11-28 00:48:17', '2'),
(21, 'kalpna', 0, 'kalpna.sharma@digiprima.com', '$2y$10$plQ7DKVekH66HDoVvvSsROrtCepS8Gi0hzDSB3jSCpGEDe1EJMoRq', 'Employee', NULL, NULL, '2019-02-08 09:22:19', '2019-02-08 09:22:19', '2'),
(22, 'kalpna', 0, 'kalpna@gmail.com', '$2y$10$d//AsTgXpR.viNaH3o7x0.EhY81BfcjTC/HQeKa.pqJag4Kg0g.m.', 'Employee', NULL, NULL, '2019-02-08 12:29:39', '2019-02-08 12:29:39', '2'),
(23, 'sotam', 0, 'sotam1993@gmail.com', '$2y$10$/U5SCiUuB6UPm9NzcDLmTe30skMVFfRtN2ntyR/qmIb3OSayM2Y.q', 'Employee', NULL, NULL, '2019-02-13 06:23:06', '2019-02-13 06:23:06', '2'),
(24, 'Test', 0, 'test1@gmail.com', '$2y$10$ntwVawSp02wqduUPVo2gCe0Phy9nrhajhvjhvHSFc1TtfWJZeRtye', 'Employee', NULL, NULL, '2019-04-03 01:26:30', '2019-04-03 01:26:30', '2'),
(25, 'Test', 0, 'kalpna@mailinator.com', '$2y$10$TdVHCpSEUYQK2zWfndQXuO3fjnYgLLpYO1nCWbEqHJzeXul8GTOY6', 'Employee', NULL, NULL, '2019-04-03 01:30:53', '2019-04-03 01:30:53', '2'),
(26, 'Test', 0, 'test111@gmail.com', '$2y$10$S.1jiME1bwUbNKkiTPBf.ujwLVPmI47bE/n6cl7x6g1dkl468lEjq', 'Employee', NULL, NULL, '2019-04-03 01:37:37', '2019-04-03 01:37:37', '2'),
(27, 'Rajendra Rajput', 0, 'rajendra@mailinator.com', '$2y$10$AztusBnfVh4ZEpOEP8PYNuRQqKegQvTlcCY.NYyw9ztWX2a8lZ2HS', 'Employee', NULL, NULL, '2019-08-10 11:29:48', '2019-08-10 11:29:48', '2'),
(28, 'ghanshyam', 0, 'ghanshyam@mailinator.com', '$2y$10$5AVLgl7dOLYsqk0cG2wI0.ivBXcDF9jfQT3mGmnAOvdjh5k2ONbHC', 'Employee', NULL, NULL, '2019-08-10 11:52:40', '2019-08-10 11:52:40', '2'),
(29, 'Bharat', 0, 'bharat@mailinator.com', '$2y$10$0WRwNgmrhAzMyxZnRDWBa.xhAz1b4wZuyM7d0Ld4dEhGtupFVrsNy', 'Employee', NULL, NULL, '2019-08-13 05:27:19', '2019-08-13 05:27:19', '2'),
(30, 'rajendra', 0, 'rajrajput8959@gmail.com', 'e10adc3949ba59abbe56e057f20f883e', 'Employee', NULL, NULL, '2019-08-22 04:42:25', '2019-08-22 04:42:25', '2'),
(31, 'rajendra', 0, 'rajrajput899@gmail.com', '$2y$10$UZqPnZerogfaOTcghHcaJeNkWwjyfIRFtHCJUA1d2KVBZUINNIAV6', 'Employee', NULL, NULL, '2019-08-22 04:51:57', '2019-08-22 04:51:57', '2'),
(32, 'rajendra', 0, 'rajrajput99@gmail.com', '$2y$10$EgM/kjODxuBGn7Ne5A76EuA0bzjoUY3yxShcjqSQ3RP6nkDHzgXjO', 'Employee', NULL, NULL, '2019-08-22 05:27:39', '2019-08-22 05:27:39', '2'),
(33, 'rajendra', 0, 'rajrajput24299@gmail.com', '$2y$10$2vWUe1/ouAn7fN.6RpKtzeM/Nb5FUd.SGmDymlpQocjsipRa2JEA6', 'Employee', NULL, NULL, '2019-08-22 06:38:38', '2019-08-22 06:38:38', ''),
(34, 'newtest', 0, 'newtest@gmail.com', '$2y$10$3g1cFb7WG.stQfsvyZB9w.5DFOzywXvbkcaFgPew9Z7rJ3.Isv1ki', 'Employee', NULL, NULL, '2019-08-28 12:08:09', '2019-08-28 12:08:09', ''),
(35, 'rajendra', 0, 'raj@gmail.com', '$2y$10$EC/vWnlPKD3TTbxoXPrlh.QJ50fbUk7l0YodG3YecP3pqsKhFyN72', 'Employee', NULL, NULL, '2019-08-28 12:11:14', '2019-08-28 12:11:14', ''),
(36, 'newtest11', 0, 'newtest11@gmail.com', '$2y$10$XGroW0PdSTKy.pP8tWpk1OwkB8uWmV4pewWoGa3a/BIYC15kgJOyC', 'Employee', NULL, NULL, '2019-08-29 05:39:59', '2019-08-29 05:39:59', ''),
(37, 'jitendra', 0, 'jitendra@mailinator.com', '$2y$10$CqxSv/HOLFX5dLAfWHHRR.rnZv5yK1G83XJaoall249rc9UA/IIhe', 'Employee', NULL, NULL, '2019-08-29 06:04:09', '2019-08-29 06:04:09', ''),
(38, 'add new use', 0, 'addnewuser@gmail.com', '$2y$10$GVBZltivIuFc0xa3iBZRROOpCe3w6CQBv/aiJVGjcs0fwf5x.rh2q', 'Employee', NULL, NULL, '2019-08-29 06:08:31', '2019-08-29 06:08:31', ''),
(41, 'ghanshyam nagar', 0, 'nagarg477@gmail.com', '$2y$10$y0aewB7w6Y274LjO1PJHdeTXcYdm4a9FRduIZPElkRgVh6aTYO2Ay', 'Employee', NULL, NULL, '2019-08-30 13:56:59', '2019-08-30 13:56:59', '4'),
(42, 'hariom', 0, 'hariom111@gmail.com', '$2y$10$YgD33ojoOjiuZSt8xzlYRuagA5a50IdMOcNw7KkUXz2Eg7N4dgxTa', 'Employee', NULL, NULL, '2019-08-30 14:13:03', '2019-08-30 14:13:03', '5'),
(43, 'hariom', 0, 'hariom2222@gmail.com', '$2y$10$fWZr/UP8f2GUuy.jZZZH5OS387rUi1rjNxsdAjkGb2oan9CAqPoFu', 'Employee', NULL, NULL, '2019-08-30 14:19:45', '2019-08-30 14:19:45', '6'),
(44, 'omhari', 0, 'omhari@gmail.com', '$2y$10$vbziDDtjaRhtCGGvIbly7uolpOclQp8.yhvA0hzOIZnZ4tPvpRPKa', 'Employee', NULL, NULL, '2019-08-30 14:22:54', '2019-08-30 14:22:54', '7'),
(45, 'mahendra', 0, 'mahendra.digiprima@gmail.com', '$2y$10$V9HKXVXNDfjE/hSzY9X6.OSwh9sYSV6C6t3P0pcUnHL0KkgPSZ9pC', 'Employee', NULL, NULL, '2019-08-31 09:09:20', '2019-08-31 09:09:20', '8'),
(46, 'mahendra', 0, 'mahendra@gmail.com', '$2y$10$l3.LYkOduQktXReEcArh3.MFfZbmdPFbF2LdAoZtda6oz2GvD9btO', 'Employee', NULL, NULL, '2019-08-31 13:29:52', '2019-08-31 13:29:52', '8'),
(47, 'shubhra', 0, 'shubhra@gmail.com', '$2y$10$21dywOHWq8l5/gFyMZ5ys.iY4BrYP2.di6BFzEi64K8jOBJPvaBl.', 'Employee', NULL, NULL, '2019-08-31 14:05:40', '2019-08-31 14:05:40', '9'),
(48, 'John-CEO', 0, 'john@digiprima.com', '$2y$10$wTmVbqoPh2jqX2ugH/UNKeU.c29uN0W2pAs6QOnmqTlPRtkyh3Xge', 'Employee', 'fFuF6n62jYSxQ2iESFPMB6WU4MQP4oyVkEH0HTUyCQAFxDM1lxXyQJR0K0s7', NULL, '2019-10-03 07:33:21', '2019-11-12 12:43:01', '2'),
(49, 'james', 0, 'james@digiprima.com', '$2y$10$TzXkZxObI7pe3NOde4E/HujCYAmiGl7nvW33e1Af1yUV2iLfBsnje', 'Employee', NULL, NULL, '2019-10-03 07:39:27', '2019-10-03 07:39:27', '2'),
(50, 'Kevin- VP- Finance', 0, 'kevin@digiprima.com', '$2y$10$5xO3Fk4oISyET4Jl0QfCe./g9uq3RbSl5gjQGHoNacvVYbayohZY6', 'Employee', NULL, NULL, '2019-10-03 08:44:16', '2019-10-03 08:44:16', '2'),
(51, 'david', 0, 'david@digiprima.com', '$2y$10$4WNn4JqWvfwbQk8U4m2p2uYbiKqR/2U.ppKMnZsES1oc3.0kqW/va', 'Employee', NULL, NULL, '2019-10-03 08:47:10', '2019-10-03 08:47:10', '2'),
(52, 'Eric-Manager-Finance', 0, 'eric@digiprima.com', '$2y$10$naS9yDIXedGCNnXwI3A3U.yw6KkRVsDdDjC8FdG.0FJ/7R3gfnvje', 'Employee', NULL, NULL, '2019-10-03 08:48:13', '2019-10-03 08:48:13', '2'),
(53, 'tim', 0, 'tim@digiprima.com', '$2y$10$nW9n2BIo6Y.E1fv.p8TLHOiPmxCxu8fRcBIO6Egfq8awVibhQA0Dy', 'Employee', NULL, NULL, '2019-10-03 08:49:52', '2019-10-03 08:49:52', '2'),
(54, 'hilary', 0, 'hilary@digiprima.com', '$2y$10$BRhSohkUzEis/JFepCqkrOdcyHe04Ns5yVWqS53GWj/EYs7Mxd2NG', 'Employee', NULL, NULL, '2019-10-03 08:50:55', '2019-10-03 08:50:55', '2'),
(55, 'maria', 0, 'maria@digiprima.com', '$2y$10$f/BXXplHMHjoBDo9ylt/h.VcNoVNV0fWhZAJUoMqaHHxahOOs25US', 'Employee', NULL, NULL, '2019-10-03 08:52:14', '2019-10-03 08:52:14', '2'),
(56, 'Mark-Supervisor-Finance', 0, 'mark@digiprima.com', '$2y$10$xykYZaF08bg2JvTxlugOhOGYOZMEwvbyVeYnzGYKf4sHGZwVxvnDS', 'Employee', NULL, NULL, '2019-10-03 08:53:14', '2019-10-03 08:53:14', '2'),
(57, 'shubhra', 0, 'shubhras@yahoo.com', '$2y$10$WD0HqUbfiJzpGUE.wUDIMeuTZ7B6.bu6uu9JZplg/x/0Sx45WQcgm', 'Employee', NULL, NULL, '2019-10-12 10:18:19', '2019-10-12 10:18:19', '2'),
(58, 'kamal', 0, 'kamal@gmail.com', '$2y$10$s7.ZgqW9dDNbdSi1U3kJZeJTrhn2V5tg7/ZCSBb/Q3OdFtk8R3EkC', 'Employee', NULL, NULL, '2019-10-31 08:55:31', '2019-10-31 08:55:31', '10'),
(59, 'rajendra', 0, 'rajendra@gmail.com', '123456', 'Employee', '', NULL, '0000-00-00 00:00:00', NULL, '1'),
(60, 'ghansyam', 0, 'ghansyam@gmail.com', '123456', 'Employee', '', '2019-12-03 05:13:14', '0000-00-00 00:00:00', NULL, '2'),
(61, 'madhur', 0, 'madhur@gmail.com', '123456', 'Employee', '', NULL, '0000-00-00 00:00:00', NULL, '3'),
(62, 'abhilash', 0, 'abhi@gamil.com', '123456', 'Employee', '', NULL, '0000-00-00 00:00:00', NULL, '4'),
(63, 'jitendra', 0, 'jite@gamil.com', '123456', 'Employee', '', NULL, '0000-00-00 00:00:00', NULL, '5'),
(64, 'mahindra', 0, 'mahi@gmail.com', '123456', 'Employee', '', NULL, '0000-00-00 00:00:00', NULL, '2'),
(65, 'test', 0, 'test31@gmail.com', '$2y$10$np1mYMDWQ7f3PHj5//0gleusE3rpn5Gku89snKDEbwZ78y5a8rlTe', 'Employee', NULL, '2019-12-03 09:28:54', '2019-12-03 09:27:50', '2019-12-03 09:27:50', '2');

-- --------------------------------------------------------

--
-- Table structure for table `u_o_ms`
--

CREATE TABLE `u_o_ms` (
  `id` int(10) UNSIGNED NOT NULL,
  `deleted_at` timestamp NULL DEFAULT NULL,
  `created_at` timestamp NULL DEFAULT NULL,
  `updated_at` timestamp NULL DEFAULT NULL,
  `name` varchar(256) COLLATE utf8_unicode_ci NOT NULL DEFAULT '',
  `company_id` varchar(50) COLLATE utf8_unicode_ci NOT NULL
) ENGINE=InnoDB DEFAULT CHARSET=utf8 COLLATE=utf8_unicode_ci;

--
-- Dumping data for table `u_o_ms`
--

INSERT INTO `u_o_ms` (`id`, `deleted_at`, `created_at`, `updated_at`, `name`, `company_id`) VALUES
(1, NULL, '2019-03-22 01:18:27', '2019-07-09 01:31:29', '%', ''),
(2, NULL, '2019-03-22 01:18:44', '2019-03-22 01:18:44', 'Time', ''),
(3, NULL, '2019-03-22 01:18:59', '2019-03-22 01:18:59', 'Date', ''),
(4, '2019-05-18 06:42:42', '2019-05-18 06:37:40', '2019-05-18 06:39:56', 'testqqqq', ''),
(5, '2019-05-18 06:43:05', '2019-05-18 06:42:50', '2019-05-18 06:42:59', 'aaaaaa', ''),
(6, NULL, '2019-06-07 16:17:50', '2019-06-07 16:17:50', 'Number', ''),
(7, NULL, '2019-06-09 15:21:57', '2019-06-09 15:21:57', 'Rs Thousand', ''),
(8, NULL, '2019-06-09 15:25:53', '2019-06-09 15:27:56', 'MINR (Million Indian Rs)', ''),
(9, NULL, '2019-06-09 15:26:00', '2019-06-09 15:26:00', 'USD', ''),
(10, NULL, '2019-06-24 16:54:54', '2019-10-02 11:54:12', 'Man  Days', '2'),
(11, '2019-08-28 01:02:15', '2019-08-28 13:01:59', '2019-08-28 13:01:59', 'test unit', ''),
(12, NULL, '2019-09-02 06:38:00', '2019-10-02 11:54:24', 'Hours', '2'),
(13, NULL, '2019-10-02 11:54:35', '2019-10-02 11:56:23', 'USD', '2'),
(14, NULL, '2019-10-02 11:56:11', '2019-10-02 11:56:11', 'M USD', '2'),
(15, NULL, '2019-10-02 11:56:43', '2019-10-02 11:56:43', 'Days', '2'),
(16, NULL, '2019-10-02 11:57:37', '2019-10-02 11:57:37', 'Percentage', '2');

-- --------------------------------------------------------

--
-- Table structure for table `weaknesses`
--

CREATE TABLE `weaknesses` (
  `id` int(10) UNSIGNED NOT NULL,
  `deleted_at` timestamp NULL DEFAULT NULL,
  `created_at` timestamp NULL DEFAULT NULL,
  `updated_at` timestamp NULL DEFAULT NULL,
  `weaknesses` text COLLATE utf8_unicode_ci NOT NULL,
  `keywords` text COLLATE utf8_unicode_ci NOT NULL
) ENGINE=InnoDB DEFAULT CHARSET=utf8 COLLATE=utf8_unicode_ci;

--
-- Dumping data for table `weaknesses`
--

INSERT INTO `weaknesses` (`id`, `deleted_at`, `created_at`, `updated_at`, `weaknesses`, `keywords`) VALUES
(1, NULL, '2019-05-23 08:14:38', '2019-05-23 08:18:57', 'test update', 'test keywords update'),
(2, NULL, '2019-05-24 06:30:52', '2019-05-24 06:31:00', 'test11', 'test111'),
(3, '2019-05-24 09:52:19', '2019-05-24 09:51:37', '2019-05-24 09:51:47', 'EEEEE', 'BBBBBBBEEEE'),
(4, NULL, '2019-05-29 15:17:22', '2019-05-29 15:17:22', 'Comparatively new organization', 'New Organization');

--
-- Indexes for dumped tables
--

--
-- Indexes for table `actionp_edit_comments`
--
ALTER TABLE `actionp_edit_comments`
  ADD PRIMARY KEY (`id`),
  ADD KEY `actionp_edit_comments_user_id_foreign` (`user_id`),
  ADD KEY `actionp_edit_comments_action_plan_id_foreign` (`action_plan_id`);

--
-- Indexes for table `action_plans`
--
ALTER TABLE `action_plans`
  ADD PRIMARY KEY (`id`),
  ADD KEY `action_plans_owner_foreign` (`owner`),
  ADD KEY `action_plans_unit_id_foreign` (`unit_id`),
  ADD KEY `action_plans_user_id_foreign` (`user_id`),
  ADD KEY `action_plans_initiatives_id_foreign` (`initiatives_id`),
  ADD KEY `action_plans_dept_id_foreign` (`dept_id`);

--
-- Indexes for table `action_plan_assigns`
--
ALTER TABLE `action_plan_assigns`
  ADD PRIMARY KEY (`id`),
  ADD KEY `action_plan_assigns_action_plan_id_foreign` (`action_plan_id`),
  ADD KEY `action_plan_assigns_co_owner_id_foreign` (`co_owner_id`);

--
-- Indexes for table `action_plan_schedules`
--
ALTER TABLE `action_plan_schedules`
  ADD PRIMARY KEY (`id`),
  ADD KEY `action_plan_schedules_action_plan_id_foreign` (`action_plan_id`);

--
-- Indexes for table `action_plan_statuses`
--
ALTER TABLE `action_plan_statuses`
  ADD PRIMARY KEY (`id`),
  ADD KEY `action_plan_statuses_action_plan_id_foreign` (`action_plan_id`),
  ADD KEY `action_plan_statuses_status_id_foreign` (`status_id`);

--
-- Indexes for table `add_kpis`
--
ALTER TABLE `add_kpis`
  ADD PRIMARY KEY (`id`),
  ADD KEY `add_kpis_unit_id_foreign` (`unit_id`),
  ADD KEY `add_kpis_user_id_foreign` (`user_id`),
  ADD KEY `add_kpis_section_id_foreign` (`section_id`),
  ADD KEY `add_kpis_function_module_id_foreign` (`department_id`);

--
-- Indexes for table `administrations`
--
ALTER TABLE `administrations`
  ADD PRIMARY KEY (`id`);

--
-- Indexes for table `backups`
--
ALTER TABLE `backups`
  ADD PRIMARY KEY (`id`),
  ADD UNIQUE KEY `backups_name_unique` (`name`),
  ADD UNIQUE KEY `backups_file_name_unique` (`file_name`);

--
-- Indexes for table `big_data_services`
--
ALTER TABLE `big_data_services`
  ADD PRIMARY KEY (`id`);

--
-- Indexes for table `business_initiatives`
--
ALTER TABLE `business_initiatives`
  ADD PRIMARY KEY (`id`);

--
-- Indexes for table `business_menuses`
--
ALTER TABLE `business_menuses`
  ADD PRIMARY KEY (`id`);

--
-- Indexes for table `business_objectives`
--
ALTER TABLE `business_objectives`
  ADD PRIMARY KEY (`id`);

--
-- Indexes for table `business_plans`
--
ALTER TABLE `business_plans`
  ADD PRIMARY KEY (`id`);

--
-- Indexes for table `business_plan_dashes`
--
ALTER TABLE `business_plan_dashes`
  ADD PRIMARY KEY (`id`);

--
-- Indexes for table `business_priorities`
--
ALTER TABLE `business_priorities`
  ADD PRIMARY KEY (`id`);

--
-- Indexes for table `business_vitals`
--
ALTER TABLE `business_vitals`
  ADD PRIMARY KEY (`id`);

--
-- Indexes for table `categories`
--
ALTER TABLE `categories`
  ADD PRIMARY KEY (`id`);

--
-- Indexes for table `celebrations`
--
ALTER TABLE `celebrations`
  ADD PRIMARY KEY (`id`);

--
-- Indexes for table `company_performances`
--
ALTER TABLE `company_performances`
  ADD PRIMARY KEY (`id`);

--
-- Indexes for table `company_profiles`
--
ALTER TABLE `company_profiles`
  ADD PRIMARY KEY (`id`);

--
-- Indexes for table `company_settings`
--
ALTER TABLE `company_settings`
  ADD PRIMARY KEY (`id`);

--
-- Indexes for table `dashboard_projects`
--
ALTER TABLE `dashboard_projects`
  ADD PRIMARY KEY (`id`);

--
-- Indexes for table `demos`
--
ALTER TABLE `demos`
  ADD PRIMARY KEY (`id`);

--
-- Indexes for table `departments`
--
ALTER TABLE `departments`
  ADD PRIMARY KEY (`id`),
  ADD UNIQUE KEY `departments_name_unique` (`name`);

--
-- Indexes for table `department_masters`
--
ALTER TABLE `department_masters`
  ADD PRIMARY KEY (`id`),
  ADD KEY `department_masters_unit_id_foreign` (`unit_id`);

--
-- Indexes for table `employees`
--
ALTER TABLE `employees`
  ADD PRIMARY KEY (`id`),
  ADD UNIQUE KEY `employees_email_unique` (`email`),
  ADD KEY `employees_dept_foreign` (`dept`);

--
-- Indexes for table `employers`
--
ALTER TABLE `employers`
  ADD PRIMARY KEY (`id`),
  ADD KEY `employers_dept_master_id_foreign` (`dept_master_id`),
  ADD KEY `employers_unit_id_foreign` (`unit_id`),
  ADD KEY `employers_section_id_foreign` (`section_id`),
  ADD KEY `employers_role_id_foreign` (`role_id`),
  ADD KEY `employers_user_id_foreign` (`user_id`);

--
-- Indexes for table `events`
--
ALTER TABLE `events`
  ADD PRIMARY KEY (`id`),
  ADD KEY `events_category_id_foreign` (`category_id`);

--
-- Indexes for table `events_photographies`
--
ALTER TABLE `events_photographies`
  ADD PRIMARY KEY (`id`);

--
-- Indexes for table `facility_details`
--
ALTER TABLE `facility_details`
  ADD PRIMARY KEY (`id`);

--
-- Indexes for table `faqs`
--
ALTER TABLE `faqs`
  ADD PRIMARY KEY (`id`);

--
-- Indexes for table `functions`
--
ALTER TABLE `functions`
  ADD PRIMARY KEY (`id`),
  ADD KEY `functions_unit_id_foreign` (`unit_id`);

--
-- Indexes for table `function_mods`
--
ALTER TABLE `function_mods`
  ADD PRIMARY KEY (`id`),
  ADD KEY `function_mods_unit_id_foreign` (`unit_id`),
  ADD KEY `function_mods_function_owner_foreign` (`function_owner`);

--
-- Indexes for table `function_modules`
--
ALTER TABLE `function_modules`
  ADD PRIMARY KEY (`id`),
  ADD KEY `function_modules_unit_id_foreign` (`unit_id`),
  ADD KEY `function_modules_function_owner_foreign` (`function_owner`);

--
-- Indexes for table `governances`
--
ALTER TABLE `governances`
  ADD PRIMARY KEY (`id`);

--
-- Indexes for table `helps`
--
ALTER TABLE `helps`
  ADD PRIMARY KEY (`id`);

--
-- Indexes for table `hk_dept_heads`
--
ALTER TABLE `hk_dept_heads`
  ADD PRIMARY KEY (`id`),
  ADD KEY `hk_dept_heads_allocation_id_foreign` (`allocation_id`),
  ADD KEY `hk_dept_heads_assign_user_foreign` (`assign_user`);

--
-- Indexes for table `hk_section_heads`
--
ALTER TABLE `hk_section_heads`
  ADD PRIMARY KEY (`id`),
  ADD KEY `hk_section_heads_allocation_id_foreign` (`allocation_id`),
  ADD KEY `hk_section_heads_assign_user_foreign` (`assign_user`);

--
-- Indexes for table `hk_supervisor_heads`
--
ALTER TABLE `hk_supervisor_heads`
  ADD PRIMARY KEY (`id`),
  ADD KEY `hk_supervisor_heads_allocation_id_foreign` (`allocation_id`),
  ADD KEY `hk_supervisor_heads_assign_user_foreign` (`assign_user`);

--
-- Indexes for table `hoshin_kanris`
--
ALTER TABLE `hoshin_kanris`
  ADD PRIMARY KEY (`id`),
  ADD KEY `hoshin_kanris_dept_id_foreign` (`dept_id`),
  ADD KEY `hoshin_kanris_str_obj_id_foreign` (`str_obj_id`),
  ADD KEY `hoshin_kanris_initiatives_id_foreign` (`initiatives_id`),
  ADD KEY `hoshin_kanris_action_plan_id_foreign` (`action_plan_id`),
  ADD KEY `hoshin_kanris_area_manager_foreign` (`area_manager`),
  ADD KEY `hoshin_kanris_dept_head_foreign` (`dept_head`),
  ADD KEY `hoshin_kanris_unit_id_foreign` (`unit_id`);

--
-- Indexes for table `infrastructures`
--
ALTER TABLE `infrastructures`
  ADD PRIMARY KEY (`id`);

--
-- Indexes for table `initiatives`
--
ALTER TABLE `initiatives`
  ADD PRIMARY KEY (`id`),
  ADD KEY `initiatives_s_o_id_foreign` (`s_o_id`),
  ADD KEY `initiatives_dept_name_foreign` (`dept_id`),
  ADD KEY `initiatives_section_name_foreign` (`section_id`),
  ADD KEY `initiatives_user_id_foreign` (`user_id`),
  ADD KEY `initiatives_unit_id_foreign` (`unit_id`);

--
-- Indexes for table `initiatives_statuses`
--
ALTER TABLE `initiatives_statuses`
  ADD PRIMARY KEY (`id`),
  ADD KEY `initiatives_statuses_initiative_id_foreign` (`initiative_id`),
  ADD KEY `initiatives_statuses_status_id_foreign` (`status_id`);

--
-- Indexes for table `initiative_datas`
--
ALTER TABLE `initiative_datas`
  ADD PRIMARY KEY (`id`);

--
-- Indexes for table `initiat_edit_comments`
--
ALTER TABLE `initiat_edit_comments`
  ADD PRIMARY KEY (`id`),
  ADD KEY `initiat_edit_comments_user_id_foreign` (`user_id`),
  ADD KEY `initiat_edit_comments_initiatives_id_foreign` (`initiatives_id`);

--
-- Indexes for table `kpi_actioonplan_relation`
--
ALTER TABLE `kpi_actioonplan_relation`
  ADD UNIQUE KEY `kap_unique` (`kpi_id`,`action_plan_id`);

--
-- Indexes for table `kpi_actuals`
--
ALTER TABLE `kpi_actuals`
  ADD PRIMARY KEY (`id`),
  ADD KEY `kpi_actuals_kpi_id_foreign` (`kpi_id`);

--
-- Indexes for table `kpi_comments`
--
ALTER TABLE `kpi_comments`
  ADD PRIMARY KEY (`id`);

--
-- Indexes for table `kpi_dashes`
--
ALTER TABLE `kpi_dashes`
  ADD PRIMARY KEY (`id`);

--
-- Indexes for table `kpi_datas`
--
ALTER TABLE `kpi_datas`
  ADD PRIMARY KEY (`id`);

--
-- Indexes for table `kpi_performance_dashes`
--
ALTER TABLE `kpi_performance_dashes`
  ADD PRIMARY KEY (`id`);

--
-- Indexes for table `kpi_targets`
--
ALTER TABLE `kpi_targets`
  ADD PRIMARY KEY (`id`),
  ADD KEY `kpi_targets_kip_id_foreign` (`kpi_id`);

--
-- Indexes for table `kpi_trackers`
--
ALTER TABLE `kpi_trackers`
  ADD PRIMARY KEY (`id`);

--
-- Indexes for table `layouts`
--
ALTER TABLE `layouts`
  ADD PRIMARY KEY (`id`);

--
-- Indexes for table `la_configs`
--
ALTER TABLE `la_configs`
  ADD PRIMARY KEY (`id`);

--
-- Indexes for table `la_menus`
--
ALTER TABLE `la_menus`
  ADD PRIMARY KEY (`id`);

--
-- Indexes for table `lead_kpis`
--
ALTER TABLE `lead_kpis`
  ADD PRIMARY KEY (`id`);

--
-- Indexes for table `locations`
--
ALTER TABLE `locations`
  ADD PRIMARY KEY (`id`);

--
-- Indexes for table `login_access_tokens`
--
ALTER TABLE `login_access_tokens`
  ADD PRIMARY KEY (`id`),
  ADD UNIQUE KEY `login_access_tokens_access_token_unique` (`access_token`);

--
-- Indexes for table `machine_equipments`
--
ALTER TABLE `machine_equipments`
  ADD PRIMARY KEY (`id`);

--
-- Indexes for table `managementreports`
--
ALTER TABLE `managementreports`
  ADD PRIMARY KEY (`id`);

--
-- Indexes for table `media_photographies`
--
ALTER TABLE `media_photographies`
  ADD PRIMARY KEY (`id`);

--
-- Indexes for table `modules`
--
ALTER TABLE `modules`
  ADD PRIMARY KEY (`id`);

--
-- Indexes for table `module_fields`
--
ALTER TABLE `module_fields`
  ADD PRIMARY KEY (`id`),
  ADD KEY `module_fields_module_foreign` (`module`),
  ADD KEY `module_fields_field_type_foreign` (`field_type`);

--
-- Indexes for table `module_field_types`
--
ALTER TABLE `module_field_types`
  ADD PRIMARY KEY (`id`);

--
-- Indexes for table `opportunities`
--
ALTER TABLE `opportunities`
  ADD PRIMARY KEY (`id`);

--
-- Indexes for table `organizations`
--
ALTER TABLE `organizations`
  ADD PRIMARY KEY (`id`),
  ADD UNIQUE KEY `organizations_name_unique` (`name`),
  ADD UNIQUE KEY `organizations_email_unique` (`email`),
  ADD KEY `organizations_assigned_to_foreign` (`assigned_to`);

--
-- Indexes for table `password_resets`
--
ALTER TABLE `password_resets`
  ADD KEY `password_resets_email_index` (`email`),
  ADD KEY `password_resets_token_index` (`token`);

--
-- Indexes for table `performance_reports`
--
ALTER TABLE `performance_reports`
  ADD PRIMARY KEY (`id`);

--
-- Indexes for table `permissions`
--
ALTER TABLE `permissions`
  ADD PRIMARY KEY (`id`),
  ADD UNIQUE KEY `permissions_name_unique` (`name`);

--
-- Indexes for table `permission_role`
--
ALTER TABLE `permission_role`
  ADD PRIMARY KEY (`permission_id`,`role_id`),
  ADD KEY `permission_role_role_id_foreign` (`role_id`);

--
-- Indexes for table `photographs`
--
ALTER TABLE `photographs`
  ADD PRIMARY KEY (`id`);

--
-- Indexes for table `photos`
--
ALTER TABLE `photos`
  ADD PRIMARY KEY (`id`);

--
-- Indexes for table `presentations`
--
ALTER TABLE `presentations`
  ADD PRIMARY KEY (`id`);

--
-- Indexes for table `prima_pluse_navs`
--
ALTER TABLE `prima_pluse_navs`
  ADD PRIMARY KEY (`id`);

--
-- Indexes for table `prima_processes`
--
ALTER TABLE `prima_processes`
  ADD PRIMARY KEY (`id`);

--
-- Indexes for table `priorities`
--
ALTER TABLE `priorities`
  ADD PRIMARY KEY (`id`);

--
-- Indexes for table `procedure_hrs`
--
ALTER TABLE `procedure_hrs`
  ADD PRIMARY KEY (`id`);

--
-- Indexes for table `procedure_operations`
--
ALTER TABLE `procedure_operations`
  ADD PRIMARY KEY (`id`);

--
-- Indexes for table `procedure_rds`
--
ALTER TABLE `procedure_rds`
  ADD PRIMARY KEY (`id`);

--
-- Indexes for table `procedure_temps`
--
ALTER TABLE `procedure_temps`
  ADD PRIMARY KEY (`id`);

--
-- Indexes for table `products_services`
--
ALTER TABLE `products_services`
  ADD PRIMARY KEY (`id`);

--
-- Indexes for table `product_developments`
--
ALTER TABLE `product_developments`
  ADD PRIMARY KEY (`id`);

--
-- Indexes for table `projects`
--
ALTER TABLE `projects`
  ADD PRIMARY KEY (`id`),
  ADD KEY `projects_unit_id_foreign` (`unit_id`),
  ADD KEY `projects_department_id_foreign` (`department_id`),
  ADD KEY `projects_event_id_foreign` (`event_id`),
  ADD KEY `projects_category_id_foreign` (`category_id`),
  ADD KEY `projects_status_id_foreign` (`status_id`),
  ADD KEY `projects_business_init_id_foreign` (`business_init_id`),
  ADD KEY `projects_user_id_foreign` (`user_id`);

--
-- Indexes for table `project_files`
--
ALTER TABLE `project_files`
  ADD PRIMARY KEY (`id`),
  ADD KEY `project_files_project_id_foreign` (`project_id`),
  ADD KEY `project_files_project_remark_id_foreign` (`project_remark_id`);

--
-- Indexes for table `project_histories`
--
ALTER TABLE `project_histories`
  ADD PRIMARY KEY (`id`),
  ADD KEY `project_histories_project_id_foreign` (`project_id`),
  ADD KEY `project_histories_status_id_foreign` (`status_id`),
  ADD KEY `project_histories_logedin_user_id_foreign` (`logedin_user_id`);

--
-- Indexes for table `project_trackers`
--
ALTER TABLE `project_trackers`
  ADD PRIMARY KEY (`id`);

--
-- Indexes for table `quartupdatmanufacturs`
--
ALTER TABLE `quartupdatmanufacturs`
  ADD PRIMARY KEY (`id`);

--
-- Indexes for table `reflection_past_years`
--
ALTER TABLE `reflection_past_years`
  ADD PRIMARY KEY (`id`);

--
-- Indexes for table `roles`
--
ALTER TABLE `roles`
  ADD PRIMARY KEY (`id`),
  ADD UNIQUE KEY `roles_name_unique` (`name`),
  ADD KEY `roles_parent_foreign` (`parent`),
  ADD KEY `roles_dept_foreign` (`dept`);

--
-- Indexes for table `role_module`
--
ALTER TABLE `role_module`
  ADD PRIMARY KEY (`id`),
  ADD KEY `role_module_role_id_foreign` (`role_id`),
  ADD KEY `role_module_module_id_foreign` (`module_id`);

--
-- Indexes for table `role_module_fields`
--
ALTER TABLE `role_module_fields`
  ADD PRIMARY KEY (`id`),
  ADD KEY `role_module_fields_role_id_foreign` (`role_id`),
  ADD KEY `role_module_fields_field_id_foreign` (`field_id`);

--
-- Indexes for table `role_user`
--
ALTER TABLE `role_user`
  ADD PRIMARY KEY (`id`),
  ADD KEY `role_user_role_id_foreign` (`role_id`),
  ADD KEY `role_user_user_id_foreign` (`user_id`);

--
-- Indexes for table `sections`
--
ALTER TABLE `sections`
  ADD PRIMARY KEY (`id`),
  ADD KEY `sections_dept_id_foreign` (`dept_id`);

--
-- Indexes for table `settings`
--
ALTER TABLE `settings`
  ADD PRIMARY KEY (`id`);

--
-- Indexes for table `set_business_plans`
--
ALTER TABLE `set_business_plans`
  ADD PRIMARY KEY (`id`);

--
-- Indexes for table `software_developments`
--
ALTER TABLE `software_developments`
  ADD PRIMARY KEY (`id`);

--
-- Indexes for table `statuses`
--
ALTER TABLE `statuses`
  ADD PRIMARY KEY (`id`);

--
-- Indexes for table `status_strategic_objs`
--
ALTER TABLE `status_strategic_objs`
  ADD PRIMARY KEY (`id`);

--
-- Indexes for table `strategic_objectives`
--
ALTER TABLE `strategic_objectives`
  ADD PRIMARY KEY (`id`),
  ADD KEY `strategic_objectives_unit_id_foreign` (`unit_id`),
  ADD KEY `strategic_objectives_functions_is_foreign` (`functions_id`),
  ADD KEY `strategic_objectives_user_id_foreign` (`user_id`),
  ADD KEY `strategic_objectives_unit_of_measurement_foreign` (`unit_of_measurement`);

--
-- Indexes for table `strategic_obj_statuses`
--
ALTER TABLE `strategic_obj_statuses`
  ADD PRIMARY KEY (`id`),
  ADD KEY `strategic_obj_statuses_s_o_id_foreign` (`s_o_id`),
  ADD KEY `strategic_obj_statuses_status_id_foreign` (`status_id`);

--
-- Indexes for table `strengths`
--
ALTER TABLE `strengths`
  ADD PRIMARY KEY (`id`);

--
-- Indexes for table `str_object_gards`
--
ALTER TABLE `str_object_gards`
  ADD PRIMARY KEY (`id`);

--
-- Indexes for table `str_obj_edit_comments`
--
ALTER TABLE `str_obj_edit_comments`
  ADD PRIMARY KEY (`id`),
  ADD KEY `str_obj_edit_comments_user_id_foreign` (`user_id`),
  ADD KEY `str_obj_edit_comments_str_obj_id_foreign` (`str_obj_id`);

--
-- Indexes for table `str_obj_statuses`
--
ALTER TABLE `str_obj_statuses`
  ADD PRIMARY KEY (`id`);

--
-- Indexes for table `swot_analyses`
--
ALTER TABLE `swot_analyses`
  ADD PRIMARY KEY (`id`);

--
-- Indexes for table `tasks`
--
ALTER TABLE `tasks`
  ADD PRIMARY KEY (`id`),
  ADD KEY `tasks_event_id_foreign` (`event_id`),
  ADD KEY `tasks_project_id_foreign` (`project_id`),
  ADD KEY `tasks_department_master_id_foreign` (`department_master_id`),
  ADD KEY `tasks_unit_id_foreign` (`unit_id`),
  ADD KEY `tasks_status_id_foreign` (`status_id`),
  ADD KEY `tasks_task_owner_foreign` (`task_owner_id`),
  ADD KEY `tasks_user_id_foreign` (`user_id`),
  ADD KEY `tasks_priority_id_foreign` (`priority_id`);

--
-- Indexes for table `tasks_files`
--
ALTER TABLE `tasks_files`
  ADD PRIMARY KEY (`id`),
  ADD KEY `tasks_files_task_id_foreign` (`task_id`),
  ADD KEY `tasks_files_logedin_user_id_foreign` (`logedin_user_id`);

--
-- Indexes for table `task_assigns`
--
ALTER TABLE `task_assigns`
  ADD PRIMARY KEY (`id`),
  ADD KEY `task_assigns_task_id_foreign` (`task_id`),
  ADD KEY `task_assigns_user_id_foreign` (`user_id`);

--
-- Indexes for table `task_dashes`
--
ALTER TABLE `task_dashes`
  ADD PRIMARY KEY (`id`);

--
-- Indexes for table `task_histories`
--
ALTER TABLE `task_histories`
  ADD PRIMARY KEY (`id`),
  ADD KEY `task_histories_task_id_foreign` (`task_id`),
  ADD KEY `task_histories_status_id_foreign` (`status_id`),
  ADD KEY `task_histories_logedin_user_id_foreign` (`logedin_user_id`);

--
-- Indexes for table `task_trackers`
--
ALTER TABLE `task_trackers`
  ADD PRIMARY KEY (`id`);

--
-- Indexes for table `tests`
--
ALTER TABLE `tests`
  ADD PRIMARY KEY (`id`);

--
-- Indexes for table `threats`
--
ALTER TABLE `threats`
  ADD PRIMARY KEY (`id`);

--
-- Indexes for table `units`
--
ALTER TABLE `units`
  ADD PRIMARY KEY (`id`),
  ADD KEY `units_company_id_foreign` (`company_id`);

--
-- Indexes for table `uploads`
--
ALTER TABLE `uploads`
  ADD PRIMARY KEY (`id`),
  ADD KEY `uploads_user_id_foreign` (`user_id`);

--
-- Indexes for table `users`
--
ALTER TABLE `users`
  ADD PRIMARY KEY (`id`),
  ADD UNIQUE KEY `users_email_unique` (`email`);

--
-- Indexes for table `u_o_ms`
--
ALTER TABLE `u_o_ms`
  ADD PRIMARY KEY (`id`);

--
-- Indexes for table `weaknesses`
--
ALTER TABLE `weaknesses`
  ADD PRIMARY KEY (`id`);

--
-- AUTO_INCREMENT for dumped tables
--

--
-- AUTO_INCREMENT for table `actionp_edit_comments`
--
ALTER TABLE `actionp_edit_comments`
  MODIFY `id` int(10) UNSIGNED NOT NULL AUTO_INCREMENT, AUTO_INCREMENT=185;
--
-- AUTO_INCREMENT for table `action_plans`
--
ALTER TABLE `action_plans`
  MODIFY `id` int(10) UNSIGNED NOT NULL AUTO_INCREMENT, AUTO_INCREMENT=170;
--
-- AUTO_INCREMENT for table `action_plan_assigns`
--
ALTER TABLE `action_plan_assigns`
  MODIFY `id` int(10) UNSIGNED NOT NULL AUTO_INCREMENT, AUTO_INCREMENT=856;
--
-- AUTO_INCREMENT for table `action_plan_schedules`
--
ALTER TABLE `action_plan_schedules`
  MODIFY `id` int(10) UNSIGNED NOT NULL AUTO_INCREMENT, AUTO_INCREMENT=48;
--
-- AUTO_INCREMENT for table `action_plan_statuses`
--
ALTER TABLE `action_plan_statuses`
  MODIFY `id` int(10) UNSIGNED NOT NULL AUTO_INCREMENT, AUTO_INCREMENT=161;
--
-- AUTO_INCREMENT for table `add_kpis`
--
ALTER TABLE `add_kpis`
  MODIFY `id` int(10) UNSIGNED NOT NULL AUTO_INCREMENT, AUTO_INCREMENT=128;
--
-- AUTO_INCREMENT for table `administrations`
--
ALTER TABLE `administrations`
  MODIFY `id` int(10) UNSIGNED NOT NULL AUTO_INCREMENT;
--
-- AUTO_INCREMENT for table `backups`
--
ALTER TABLE `backups`
  MODIFY `id` int(10) UNSIGNED NOT NULL AUTO_INCREMENT;
--
-- AUTO_INCREMENT for table `big_data_services`
--
ALTER TABLE `big_data_services`
  MODIFY `id` int(10) UNSIGNED NOT NULL AUTO_INCREMENT;
--
-- AUTO_INCREMENT for table `business_initiatives`
--
ALTER TABLE `business_initiatives`
  MODIFY `id` int(10) UNSIGNED NOT NULL AUTO_INCREMENT, AUTO_INCREMENT=7;
--
-- AUTO_INCREMENT for table `business_menuses`
--
ALTER TABLE `business_menuses`
  MODIFY `id` int(10) UNSIGNED NOT NULL AUTO_INCREMENT;
--
-- AUTO_INCREMENT for table `business_objectives`
--
ALTER TABLE `business_objectives`
  MODIFY `id` int(10) UNSIGNED NOT NULL AUTO_INCREMENT, AUTO_INCREMENT=5;
--
-- AUTO_INCREMENT for table `business_plans`
--
ALTER TABLE `business_plans`
  MODIFY `id` int(10) UNSIGNED NOT NULL AUTO_INCREMENT, AUTO_INCREMENT=2;
--
-- AUTO_INCREMENT for table `business_plan_dashes`
--
ALTER TABLE `business_plan_dashes`
  MODIFY `id` int(10) UNSIGNED NOT NULL AUTO_INCREMENT;
--
-- AUTO_INCREMENT for table `business_priorities`
--
ALTER TABLE `business_priorities`
  MODIFY `id` int(10) UNSIGNED NOT NULL AUTO_INCREMENT, AUTO_INCREMENT=7;
--
-- AUTO_INCREMENT for table `business_vitals`
--
ALTER TABLE `business_vitals`
  MODIFY `id` int(10) UNSIGNED NOT NULL AUTO_INCREMENT;
--
-- AUTO_INCREMENT for table `categories`
--
ALTER TABLE `categories`
  MODIFY `id` int(10) UNSIGNED NOT NULL AUTO_INCREMENT, AUTO_INCREMENT=10;
--
-- AUTO_INCREMENT for table `celebrations`
--
ALTER TABLE `celebrations`
  MODIFY `id` int(10) UNSIGNED NOT NULL AUTO_INCREMENT;
--
-- AUTO_INCREMENT for table `company_performances`
--
ALTER TABLE `company_performances`
  MODIFY `id` int(10) UNSIGNED NOT NULL AUTO_INCREMENT;
--
-- AUTO_INCREMENT for table `company_profiles`
--
ALTER TABLE `company_profiles`
  MODIFY `id` int(10) UNSIGNED NOT NULL AUTO_INCREMENT, AUTO_INCREMENT=11;
--
-- AUTO_INCREMENT for table `company_settings`
--
ALTER TABLE `company_settings`
  MODIFY `id` int(10) UNSIGNED NOT NULL AUTO_INCREMENT, AUTO_INCREMENT=2;
--
-- AUTO_INCREMENT for table `dashboard_projects`
--
ALTER TABLE `dashboard_projects`
  MODIFY `id` int(10) UNSIGNED NOT NULL AUTO_INCREMENT;
--
-- AUTO_INCREMENT for table `demos`
--
ALTER TABLE `demos`
  MODIFY `id` int(10) UNSIGNED NOT NULL AUTO_INCREMENT;
--
-- AUTO_INCREMENT for table `departments`
--
ALTER TABLE `departments`
  MODIFY `id` int(10) UNSIGNED NOT NULL AUTO_INCREMENT, AUTO_INCREMENT=2;
--
-- AUTO_INCREMENT for table `department_masters`
--
ALTER TABLE `department_masters`
  MODIFY `id` int(10) UNSIGNED NOT NULL AUTO_INCREMENT, AUTO_INCREMENT=58;
--
-- AUTO_INCREMENT for table `employees`
--
ALTER TABLE `employees`
  MODIFY `id` int(10) UNSIGNED NOT NULL AUTO_INCREMENT, AUTO_INCREMENT=2;
--
-- AUTO_INCREMENT for table `employers`
--
ALTER TABLE `employers`
  MODIFY `id` int(10) UNSIGNED NOT NULL AUTO_INCREMENT, AUTO_INCREMENT=66;
--
-- AUTO_INCREMENT for table `events`
--
ALTER TABLE `events`
  MODIFY `id` int(10) UNSIGNED NOT NULL AUTO_INCREMENT, AUTO_INCREMENT=5;
--
-- AUTO_INCREMENT for table `events_photographies`
--
ALTER TABLE `events_photographies`
  MODIFY `id` int(10) UNSIGNED NOT NULL AUTO_INCREMENT;
--
-- AUTO_INCREMENT for table `facility_details`
--
ALTER TABLE `facility_details`
  MODIFY `id` int(10) UNSIGNED NOT NULL AUTO_INCREMENT;
--
-- AUTO_INCREMENT for table `faqs`
--
ALTER TABLE `faqs`
  MODIFY `id` int(10) UNSIGNED NOT NULL AUTO_INCREMENT, AUTO_INCREMENT=11;
--
-- AUTO_INCREMENT for table `functions`
--
ALTER TABLE `functions`
  MODIFY `id` int(10) UNSIGNED NOT NULL AUTO_INCREMENT;
--
-- AUTO_INCREMENT for table `function_mods`
--
ALTER TABLE `function_mods`
  MODIFY `id` int(10) UNSIGNED NOT NULL AUTO_INCREMENT, AUTO_INCREMENT=2;
--
-- AUTO_INCREMENT for table `function_modules`
--
ALTER TABLE `function_modules`
  MODIFY `id` int(10) UNSIGNED NOT NULL AUTO_INCREMENT, AUTO_INCREMENT=2;
--
-- AUTO_INCREMENT for table `governances`
--
ALTER TABLE `governances`
  MODIFY `id` int(10) UNSIGNED NOT NULL AUTO_INCREMENT;
--
-- AUTO_INCREMENT for table `helps`
--
ALTER TABLE `helps`
  MODIFY `id` int(10) UNSIGNED NOT NULL AUTO_INCREMENT;
--
-- AUTO_INCREMENT for table `hk_dept_heads`
--
ALTER TABLE `hk_dept_heads`
  MODIFY `id` int(10) UNSIGNED NOT NULL AUTO_INCREMENT, AUTO_INCREMENT=7;
--
-- AUTO_INCREMENT for table `hk_section_heads`
--
ALTER TABLE `hk_section_heads`
  MODIFY `id` int(10) UNSIGNED NOT NULL AUTO_INCREMENT, AUTO_INCREMENT=4;
--
-- AUTO_INCREMENT for table `hk_supervisor_heads`
--
ALTER TABLE `hk_supervisor_heads`
  MODIFY `id` int(10) UNSIGNED NOT NULL AUTO_INCREMENT, AUTO_INCREMENT=5;
--
-- AUTO_INCREMENT for table `hoshin_kanris`
--
ALTER TABLE `hoshin_kanris`
  MODIFY `id` int(10) UNSIGNED NOT NULL AUTO_INCREMENT, AUTO_INCREMENT=6;
--
-- AUTO_INCREMENT for table `infrastructures`
--
ALTER TABLE `infrastructures`
  MODIFY `id` int(10) UNSIGNED NOT NULL AUTO_INCREMENT;
--
-- AUTO_INCREMENT for table `initiatives`
--
ALTER TABLE `initiatives`
  MODIFY `id` int(10) UNSIGNED NOT NULL AUTO_INCREMENT, AUTO_INCREMENT=131;
--
-- AUTO_INCREMENT for table `initiatives_statuses`
--
ALTER TABLE `initiatives_statuses`
  MODIFY `id` int(10) UNSIGNED NOT NULL AUTO_INCREMENT, AUTO_INCREMENT=97;
--
-- AUTO_INCREMENT for table `initiative_datas`
--
ALTER TABLE `initiative_datas`
  MODIFY `id` int(10) UNSIGNED NOT NULL AUTO_INCREMENT;
--
-- AUTO_INCREMENT for table `initiat_edit_comments`
--
ALTER TABLE `initiat_edit_comments`
  MODIFY `id` int(10) UNSIGNED NOT NULL AUTO_INCREMENT, AUTO_INCREMENT=87;
--
-- AUTO_INCREMENT for table `kpi_actuals`
--
ALTER TABLE `kpi_actuals`
  MODIFY `id` int(10) UNSIGNED NOT NULL AUTO_INCREMENT, AUTO_INCREMENT=142;
--
-- AUTO_INCREMENT for table `kpi_comments`
--
ALTER TABLE `kpi_comments`
  MODIFY `id` int(10) UNSIGNED NOT NULL AUTO_INCREMENT, AUTO_INCREMENT=37;
--
-- AUTO_INCREMENT for table `kpi_dashes`
--
ALTER TABLE `kpi_dashes`
  MODIFY `id` int(10) UNSIGNED NOT NULL AUTO_INCREMENT;
--
-- AUTO_INCREMENT for table `kpi_datas`
--
ALTER TABLE `kpi_datas`
  MODIFY `id` int(10) UNSIGNED NOT NULL AUTO_INCREMENT;
--
-- AUTO_INCREMENT for table `kpi_performance_dashes`
--
ALTER TABLE `kpi_performance_dashes`
  MODIFY `id` int(10) UNSIGNED NOT NULL AUTO_INCREMENT, AUTO_INCREMENT=18;
--
-- AUTO_INCREMENT for table `kpi_targets`
--
ALTER TABLE `kpi_targets`
  MODIFY `id` int(10) UNSIGNED NOT NULL AUTO_INCREMENT, AUTO_INCREMENT=123;
--
-- AUTO_INCREMENT for table `kpi_trackers`
--
ALTER TABLE `kpi_trackers`
  MODIFY `id` int(10) UNSIGNED NOT NULL AUTO_INCREMENT;
--
-- AUTO_INCREMENT for table `layouts`
--
ALTER TABLE `layouts`
  MODIFY `id` int(10) UNSIGNED NOT NULL AUTO_INCREMENT;
--
-- AUTO_INCREMENT for table `la_configs`
--
ALTER TABLE `la_configs`
  MODIFY `id` int(10) UNSIGNED NOT NULL AUTO_INCREMENT, AUTO_INCREMENT=14;
--
-- AUTO_INCREMENT for table `la_menus`
--
ALTER TABLE `la_menus`
  MODIFY `id` int(10) UNSIGNED NOT NULL AUTO_INCREMENT, AUTO_INCREMENT=245;
--
-- AUTO_INCREMENT for table `lead_kpis`
--
ALTER TABLE `lead_kpis`
  MODIFY `id` int(10) UNSIGNED NOT NULL AUTO_INCREMENT;
--
-- AUTO_INCREMENT for table `locations`
--
ALTER TABLE `locations`
  MODIFY `id` int(10) UNSIGNED NOT NULL AUTO_INCREMENT;
--
-- AUTO_INCREMENT for table `login_access_tokens`
--
ALTER TABLE `login_access_tokens`
  MODIFY `id` int(10) UNSIGNED NOT NULL AUTO_INCREMENT, AUTO_INCREMENT=2124;
--
-- AUTO_INCREMENT for table `machine_equipments`
--
ALTER TABLE `machine_equipments`
  MODIFY `id` int(10) UNSIGNED NOT NULL AUTO_INCREMENT;
--
-- AUTO_INCREMENT for table `managementreports`
--
ALTER TABLE `managementreports`
  MODIFY `id` int(10) UNSIGNED NOT NULL AUTO_INCREMENT;
--
-- AUTO_INCREMENT for table `media_photographies`
--
ALTER TABLE `media_photographies`
  MODIFY `id` int(10) UNSIGNED NOT NULL AUTO_INCREMENT;
--
-- AUTO_INCREMENT for table `modules`
--
ALTER TABLE `modules`
  MODIFY `id` int(10) UNSIGNED NOT NULL AUTO_INCREMENT, AUTO_INCREMENT=124;
--
-- AUTO_INCREMENT for table `module_fields`
--
ALTER TABLE `module_fields`
  MODIFY `id` int(10) UNSIGNED NOT NULL AUTO_INCREMENT, AUTO_INCREMENT=430;
--
-- AUTO_INCREMENT for table `module_field_types`
--
ALTER TABLE `module_field_types`
  MODIFY `id` int(10) UNSIGNED NOT NULL AUTO_INCREMENT, AUTO_INCREMENT=25;
--
-- AUTO_INCREMENT for table `opportunities`
--
ALTER TABLE `opportunities`
  MODIFY `id` int(10) UNSIGNED NOT NULL AUTO_INCREMENT, AUTO_INCREMENT=8;
--
-- AUTO_INCREMENT for table `organizations`
--
ALTER TABLE `organizations`
  MODIFY `id` int(10) UNSIGNED NOT NULL AUTO_INCREMENT;
--
-- AUTO_INCREMENT for table `performance_reports`
--
ALTER TABLE `performance_reports`
  MODIFY `id` int(10) UNSIGNED NOT NULL AUTO_INCREMENT;
--
-- AUTO_INCREMENT for table `permissions`
--
ALTER TABLE `permissions`
  MODIFY `id` int(10) UNSIGNED NOT NULL AUTO_INCREMENT, AUTO_INCREMENT=2;
--
-- AUTO_INCREMENT for table `photographs`
--
ALTER TABLE `photographs`
  MODIFY `id` int(10) UNSIGNED NOT NULL AUTO_INCREMENT;
--
-- AUTO_INCREMENT for table `photos`
--
ALTER TABLE `photos`
  MODIFY `id` int(10) UNSIGNED NOT NULL AUTO_INCREMENT;
--
-- AUTO_INCREMENT for table `presentations`
--
ALTER TABLE `presentations`
  MODIFY `id` int(10) UNSIGNED NOT NULL AUTO_INCREMENT;
--
-- AUTO_INCREMENT for table `prima_pluse_navs`
--
ALTER TABLE `prima_pluse_navs`
  MODIFY `id` int(10) UNSIGNED NOT NULL AUTO_INCREMENT;
--
-- AUTO_INCREMENT for table `prima_processes`
--
ALTER TABLE `prima_processes`
  MODIFY `id` int(10) UNSIGNED NOT NULL AUTO_INCREMENT;
--
-- AUTO_INCREMENT for table `priorities`
--
ALTER TABLE `priorities`
  MODIFY `id` int(10) UNSIGNED NOT NULL AUTO_INCREMENT, AUTO_INCREMENT=10;
--
-- AUTO_INCREMENT for table `procedure_hrs`
--
ALTER TABLE `procedure_hrs`
  MODIFY `id` int(10) UNSIGNED NOT NULL AUTO_INCREMENT;
--
-- AUTO_INCREMENT for table `procedure_operations`
--
ALTER TABLE `procedure_operations`
  MODIFY `id` int(10) UNSIGNED NOT NULL AUTO_INCREMENT;
--
-- AUTO_INCREMENT for table `procedure_rds`
--
ALTER TABLE `procedure_rds`
  MODIFY `id` int(10) UNSIGNED NOT NULL AUTO_INCREMENT;
--
-- AUTO_INCREMENT for table `procedure_temps`
--
ALTER TABLE `procedure_temps`
  MODIFY `id` int(10) UNSIGNED NOT NULL AUTO_INCREMENT;
--
-- AUTO_INCREMENT for table `products_services`
--
ALTER TABLE `products_services`
  MODIFY `id` int(10) UNSIGNED NOT NULL AUTO_INCREMENT;
--
-- AUTO_INCREMENT for table `product_developments`
--
ALTER TABLE `product_developments`
  MODIFY `id` int(10) UNSIGNED NOT NULL AUTO_INCREMENT;
--
-- AUTO_INCREMENT for table `projects`
--
ALTER TABLE `projects`
  MODIFY `id` int(10) UNSIGNED NOT NULL AUTO_INCREMENT, AUTO_INCREMENT=32;
--
-- AUTO_INCREMENT for table `project_files`
--
ALTER TABLE `project_files`
  MODIFY `id` int(10) UNSIGNED NOT NULL AUTO_INCREMENT, AUTO_INCREMENT=38;
--
-- AUTO_INCREMENT for table `project_histories`
--
ALTER TABLE `project_histories`
  MODIFY `id` int(10) UNSIGNED NOT NULL AUTO_INCREMENT, AUTO_INCREMENT=86;
--
-- AUTO_INCREMENT for table `project_trackers`
--
ALTER TABLE `project_trackers`
  MODIFY `id` int(10) UNSIGNED NOT NULL AUTO_INCREMENT;
--
-- AUTO_INCREMENT for table `quartupdatmanufacturs`
--
ALTER TABLE `quartupdatmanufacturs`
  MODIFY `id` int(10) UNSIGNED NOT NULL AUTO_INCREMENT, AUTO_INCREMENT=124;
--
-- AUTO_INCREMENT for table `reflection_past_years`
--
ALTER TABLE `reflection_past_years`
  MODIFY `id` int(10) UNSIGNED NOT NULL AUTO_INCREMENT;
--
-- AUTO_INCREMENT for table `roles`
--
ALTER TABLE `roles`
  MODIFY `id` int(10) UNSIGNED NOT NULL AUTO_INCREMENT, AUTO_INCREMENT=8;
--
-- AUTO_INCREMENT for table `role_module`
--
ALTER TABLE `role_module`
  MODIFY `id` int(10) UNSIGNED NOT NULL AUTO_INCREMENT, AUTO_INCREMENT=726;
--
-- AUTO_INCREMENT for table `role_module_fields`
--
ALTER TABLE `role_module_fields`
  MODIFY `id` int(10) UNSIGNED NOT NULL AUTO_INCREMENT, AUTO_INCREMENT=2561;
--
-- AUTO_INCREMENT for table `role_user`
--
ALTER TABLE `role_user`
  MODIFY `id` int(10) UNSIGNED NOT NULL AUTO_INCREMENT, AUTO_INCREMENT=57;
--
-- AUTO_INCREMENT for table `sections`
--
ALTER TABLE `sections`
  MODIFY `id` int(10) UNSIGNED NOT NULL AUTO_INCREMENT, AUTO_INCREMENT=67;
--
-- AUTO_INCREMENT for table `settings`
--
ALTER TABLE `settings`
  MODIFY `id` int(10) UNSIGNED NOT NULL AUTO_INCREMENT;
--
-- AUTO_INCREMENT for table `set_business_plans`
--
ALTER TABLE `set_business_plans`
  MODIFY `id` int(10) UNSIGNED NOT NULL AUTO_INCREMENT;
--
-- AUTO_INCREMENT for table `software_developments`
--
ALTER TABLE `software_developments`
  MODIFY `id` int(10) UNSIGNED NOT NULL AUTO_INCREMENT;
--
-- AUTO_INCREMENT for table `statuses`
--
ALTER TABLE `statuses`
  MODIFY `id` int(10) UNSIGNED NOT NULL AUTO_INCREMENT, AUTO_INCREMENT=6;
--
-- AUTO_INCREMENT for table `status_strategic_objs`
--
ALTER TABLE `status_strategic_objs`
  MODIFY `id` int(10) UNSIGNED NOT NULL AUTO_INCREMENT;
--
-- AUTO_INCREMENT for table `strategic_objectives`
--
ALTER TABLE `strategic_objectives`
  MODIFY `id` int(10) UNSIGNED NOT NULL AUTO_INCREMENT, AUTO_INCREMENT=134;
--
-- AUTO_INCREMENT for table `strategic_obj_statuses`
--
ALTER TABLE `strategic_obj_statuses`
  MODIFY `id` int(10) UNSIGNED NOT NULL AUTO_INCREMENT, AUTO_INCREMENT=81;
--
-- AUTO_INCREMENT for table `strengths`
--
ALTER TABLE `strengths`
  MODIFY `id` int(10) UNSIGNED NOT NULL AUTO_INCREMENT, AUTO_INCREMENT=8;
--
-- AUTO_INCREMENT for table `str_object_gards`
--
ALTER TABLE `str_object_gards`
  MODIFY `id` int(10) UNSIGNED NOT NULL AUTO_INCREMENT;
--
-- AUTO_INCREMENT for table `str_obj_edit_comments`
--
ALTER TABLE `str_obj_edit_comments`
  MODIFY `id` int(10) UNSIGNED NOT NULL AUTO_INCREMENT, AUTO_INCREMENT=100;
--
-- AUTO_INCREMENT for table `str_obj_statuses`
--
ALTER TABLE `str_obj_statuses`
  MODIFY `id` int(10) UNSIGNED NOT NULL AUTO_INCREMENT, AUTO_INCREMENT=7;
--
-- AUTO_INCREMENT for table `swot_analyses`
--
ALTER TABLE `swot_analyses`
  MODIFY `id` int(10) UNSIGNED NOT NULL AUTO_INCREMENT;
--
-- AUTO_INCREMENT for table `tasks`
--
ALTER TABLE `tasks`
  MODIFY `id` int(10) UNSIGNED NOT NULL AUTO_INCREMENT, AUTO_INCREMENT=98;
--
-- AUTO_INCREMENT for table `tasks_files`
--
ALTER TABLE `tasks_files`
  MODIFY `id` int(10) UNSIGNED NOT NULL AUTO_INCREMENT, AUTO_INCREMENT=45;
--
-- AUTO_INCREMENT for table `task_assigns`
--
ALTER TABLE `task_assigns`
  MODIFY `id` int(10) UNSIGNED NOT NULL AUTO_INCREMENT, AUTO_INCREMENT=313;
--
-- AUTO_INCREMENT for table `task_dashes`
--
ALTER TABLE `task_dashes`
  MODIFY `id` int(10) UNSIGNED NOT NULL AUTO_INCREMENT;
--
-- AUTO_INCREMENT for table `task_histories`
--
ALTER TABLE `task_histories`
  MODIFY `id` int(10) UNSIGNED NOT NULL AUTO_INCREMENT, AUTO_INCREMENT=114;
--
-- AUTO_INCREMENT for table `task_trackers`
--
ALTER TABLE `task_trackers`
  MODIFY `id` int(10) UNSIGNED NOT NULL AUTO_INCREMENT;
--
-- AUTO_INCREMENT for table `tests`
--
ALTER TABLE `tests`
  MODIFY `id` int(10) UNSIGNED NOT NULL AUTO_INCREMENT, AUTO_INCREMENT=3;
--
-- AUTO_INCREMENT for table `threats`
--
ALTER TABLE `threats`
  MODIFY `id` int(10) UNSIGNED NOT NULL AUTO_INCREMENT, AUTO_INCREMENT=7;
--
-- AUTO_INCREMENT for table `units`
--
ALTER TABLE `units`
  MODIFY `id` int(10) UNSIGNED NOT NULL AUTO_INCREMENT, AUTO_INCREMENT=24;
--
-- AUTO_INCREMENT for table `uploads`
--
ALTER TABLE `uploads`
  MODIFY `id` int(10) UNSIGNED NOT NULL AUTO_INCREMENT, AUTO_INCREMENT=257;
--
-- AUTO_INCREMENT for table `users`
--
ALTER TABLE `users`
  MODIFY `id` int(10) UNSIGNED NOT NULL AUTO_INCREMENT, AUTO_INCREMENT=66;
--
-- AUTO_INCREMENT for table `u_o_ms`
--
ALTER TABLE `u_o_ms`
  MODIFY `id` int(10) UNSIGNED NOT NULL AUTO_INCREMENT, AUTO_INCREMENT=17;
--
-- AUTO_INCREMENT for table `weaknesses`
--
ALTER TABLE `weaknesses`
  MODIFY `id` int(10) UNSIGNED NOT NULL AUTO_INCREMENT, AUTO_INCREMENT=5;
--
-- Constraints for dumped tables
--

--
-- Constraints for table `actionp_edit_comments`
--
ALTER TABLE `actionp_edit_comments`
  ADD CONSTRAINT `actionp_edit_comments_action_plan_id_foreign` FOREIGN KEY (`action_plan_id`) REFERENCES `action_plans` (`id`),
  ADD CONSTRAINT `actionp_edit_comments_user_id_foreign` FOREIGN KEY (`user_id`) REFERENCES `users` (`id`);

--
-- Constraints for table `action_plans`
--
ALTER TABLE `action_plans`
  ADD CONSTRAINT `action_plans_dept_id_foreign` FOREIGN KEY (`dept_id`) REFERENCES `department_masters` (`id`),
  ADD CONSTRAINT `action_plans_initiatives_id_foreign` FOREIGN KEY (`initiatives_id`) REFERENCES `initiatives` (`id`),
  ADD CONSTRAINT `action_plans_owner_foreign` FOREIGN KEY (`owner`) REFERENCES `users` (`id`),
  ADD CONSTRAINT `action_plans_unit_id_foreign` FOREIGN KEY (`unit_id`) REFERENCES `units` (`id`),
  ADD CONSTRAINT `action_plans_user_id_foreign` FOREIGN KEY (`user_id`) REFERENCES `users` (`id`);

--
-- Constraints for table `action_plan_assigns`
--
ALTER TABLE `action_plan_assigns`
  ADD CONSTRAINT `action_plan_assigns_action_plan_id_foreign` FOREIGN KEY (`action_plan_id`) REFERENCES `action_plans` (`id`),
  ADD CONSTRAINT `action_plan_assigns_co_owner_id_foreign` FOREIGN KEY (`co_owner_id`) REFERENCES `users` (`id`);

--
-- Constraints for table `action_plan_schedules`
--
ALTER TABLE `action_plan_schedules`
  ADD CONSTRAINT `action_plan_schedules_action_plan_id_foreign` FOREIGN KEY (`action_plan_id`) REFERENCES `action_plans` (`id`);

--
-- Constraints for table `action_plan_statuses`
--
ALTER TABLE `action_plan_statuses`
  ADD CONSTRAINT `action_plan_statuses_action_plan_id_foreign` FOREIGN KEY (`action_plan_id`) REFERENCES `action_plans` (`id`),
  ADD CONSTRAINT `action_plan_statuses_status_id_foreign` FOREIGN KEY (`status_id`) REFERENCES `str_obj_statuses` (`id`);

--
-- Constraints for table `add_kpis`
--
ALTER TABLE `add_kpis`
  ADD CONSTRAINT `add_kpis_function_module_id_foreign` FOREIGN KEY (`department_id`) REFERENCES `department_masters` (`id`),
  ADD CONSTRAINT `add_kpis_section_id_foreign` FOREIGN KEY (`section_id`) REFERENCES `sections` (`id`),
  ADD CONSTRAINT `add_kpis_unit_id_foreign` FOREIGN KEY (`unit_id`) REFERENCES `units` (`id`),
  ADD CONSTRAINT `add_kpis_user_id_foreign` FOREIGN KEY (`user_id`) REFERENCES `users` (`id`);

--
-- Constraints for table `department_masters`
--
ALTER TABLE `department_masters`
  ADD CONSTRAINT `department_masters_unit_id_foreign` FOREIGN KEY (`unit_id`) REFERENCES `units` (`id`);

--
-- Constraints for table `employees`
--
ALTER TABLE `employees`
  ADD CONSTRAINT `employees_dept_foreign` FOREIGN KEY (`dept`) REFERENCES `departments` (`id`);

--
-- Constraints for table `employers`
--
ALTER TABLE `employers`
  ADD CONSTRAINT `employers_dept_master_id_foreign` FOREIGN KEY (`dept_master_id`) REFERENCES `department_masters` (`id`),
  ADD CONSTRAINT `employers_role_id_foreign` FOREIGN KEY (`role_id`) REFERENCES `roles` (`id`),
  ADD CONSTRAINT `employers_section_id_foreign` FOREIGN KEY (`section_id`) REFERENCES `sections` (`id`),
  ADD CONSTRAINT `employers_unit_id_foreign` FOREIGN KEY (`unit_id`) REFERENCES `units` (`id`),
  ADD CONSTRAINT `employers_user_id_foreign` FOREIGN KEY (`user_id`) REFERENCES `users` (`id`);

--
-- Constraints for table `events`
--
ALTER TABLE `events`
  ADD CONSTRAINT `events_category_id_foreign` FOREIGN KEY (`category_id`) REFERENCES `categories` (`id`);

--
-- Constraints for table `functions`
--
ALTER TABLE `functions`
  ADD CONSTRAINT `functions_unit_id_foreign` FOREIGN KEY (`unit_id`) REFERENCES `units` (`id`);

--
-- Constraints for table `function_mods`
--
ALTER TABLE `function_mods`
  ADD CONSTRAINT `function_mods_function_owner_foreign` FOREIGN KEY (`function_owner`) REFERENCES `employers` (`id`),
  ADD CONSTRAINT `function_mods_unit_id_foreign` FOREIGN KEY (`unit_id`) REFERENCES `units` (`id`);

--
-- Constraints for table `function_modules`
--
ALTER TABLE `function_modules`
  ADD CONSTRAINT `function_modules_unit_id_foreign` FOREIGN KEY (`unit_id`) REFERENCES `units` (`id`);

--
-- Constraints for table `hk_dept_heads`
--
ALTER TABLE `hk_dept_heads`
  ADD CONSTRAINT `hk_dept_heads_allocation_id_foreign` FOREIGN KEY (`allocation_id`) REFERENCES `users` (`id`),
  ADD CONSTRAINT `hk_dept_heads_assign_user_foreign` FOREIGN KEY (`assign_user`) REFERENCES `users` (`id`);

--
-- Constraints for table `hk_section_heads`
--
ALTER TABLE `hk_section_heads`
  ADD CONSTRAINT `hk_section_heads_allocation_id_foreign` FOREIGN KEY (`allocation_id`) REFERENCES `users` (`id`),
  ADD CONSTRAINT `hk_section_heads_assign_user_foreign` FOREIGN KEY (`assign_user`) REFERENCES `users` (`id`);

--
-- Constraints for table `hk_supervisor_heads`
--
ALTER TABLE `hk_supervisor_heads`
  ADD CONSTRAINT `hk_supervisor_heads_allocation_id_foreign` FOREIGN KEY (`allocation_id`) REFERENCES `users` (`id`),
  ADD CONSTRAINT `hk_supervisor_heads_assign_user_foreign` FOREIGN KEY (`assign_user`) REFERENCES `users` (`id`);

--
-- Constraints for table `hoshin_kanris`
--
ALTER TABLE `hoshin_kanris`
  ADD CONSTRAINT `hoshin_kanris_action_plan_id_foreign` FOREIGN KEY (`action_plan_id`) REFERENCES `action_plans` (`id`),
  ADD CONSTRAINT `hoshin_kanris_area_manager_foreign` FOREIGN KEY (`area_manager`) REFERENCES `users` (`id`),
  ADD CONSTRAINT `hoshin_kanris_dept_head_foreign` FOREIGN KEY (`dept_head`) REFERENCES `users` (`id`),
  ADD CONSTRAINT `hoshin_kanris_dept_id_foreign` FOREIGN KEY (`dept_id`) REFERENCES `department_masters` (`id`),
  ADD CONSTRAINT `hoshin_kanris_initiatives_id_foreign` FOREIGN KEY (`initiatives_id`) REFERENCES `initiatives` (`id`),
  ADD CONSTRAINT `hoshin_kanris_str_obj_id_foreign` FOREIGN KEY (`str_obj_id`) REFERENCES `strategic_objectives` (`id`),
  ADD CONSTRAINT `hoshin_kanris_unit_id_foreign` FOREIGN KEY (`unit_id`) REFERENCES `units` (`id`);

--
-- Constraints for table `initiatives`
--
ALTER TABLE `initiatives`
  ADD CONSTRAINT `initiatives_dept_name_foreign` FOREIGN KEY (`dept_id`) REFERENCES `department_masters` (`id`),
  ADD CONSTRAINT `initiatives_s_o_id_foreign` FOREIGN KEY (`s_o_id`) REFERENCES `strategic_objectives` (`id`),
  ADD CONSTRAINT `initiatives_section_name_foreign` FOREIGN KEY (`section_id`) REFERENCES `sections` (`id`),
  ADD CONSTRAINT `initiatives_unit_id_foreign` FOREIGN KEY (`unit_id`) REFERENCES `units` (`id`),
  ADD CONSTRAINT `initiatives_user_id_foreign` FOREIGN KEY (`user_id`) REFERENCES `users` (`id`);

--
-- Constraints for table `initiatives_statuses`
--
ALTER TABLE `initiatives_statuses`
  ADD CONSTRAINT `initiatives_statuses_initiative_id_foreign` FOREIGN KEY (`initiative_id`) REFERENCES `initiatives` (`id`),
  ADD CONSTRAINT `initiatives_statuses_status_id_foreign` FOREIGN KEY (`status_id`) REFERENCES `str_obj_statuses` (`id`);

--
-- Constraints for table `initiat_edit_comments`
--
ALTER TABLE `initiat_edit_comments`
  ADD CONSTRAINT `initiat_edit_comments_initiatives_id_foreign` FOREIGN KEY (`initiatives_id`) REFERENCES `initiatives` (`id`),
  ADD CONSTRAINT `initiat_edit_comments_user_id_foreign` FOREIGN KEY (`user_id`) REFERENCES `users` (`id`);

--
-- Constraints for table `kpi_actuals`
--
ALTER TABLE `kpi_actuals`
  ADD CONSTRAINT `kpi_actuals_kpi_id_foreign` FOREIGN KEY (`kpi_id`) REFERENCES `add_kpis` (`id`);

--
-- Constraints for table `kpi_targets`
--
ALTER TABLE `kpi_targets`
  ADD CONSTRAINT `kpi_targets_kip_id_foreign` FOREIGN KEY (`kpi_id`) REFERENCES `add_kpis` (`id`);

--
-- Constraints for table `module_fields`
--
ALTER TABLE `module_fields`
  ADD CONSTRAINT `module_fields_field_type_foreign` FOREIGN KEY (`field_type`) REFERENCES `module_field_types` (`id`) ON DELETE CASCADE ON UPDATE CASCADE,
  ADD CONSTRAINT `module_fields_module_foreign` FOREIGN KEY (`module`) REFERENCES `modules` (`id`) ON DELETE CASCADE ON UPDATE CASCADE;

--
-- Constraints for table `organizations`
--
ALTER TABLE `organizations`
  ADD CONSTRAINT `organizations_assigned_to_foreign` FOREIGN KEY (`assigned_to`) REFERENCES `employees` (`id`);

--
-- Constraints for table `permission_role`
--
ALTER TABLE `permission_role`
  ADD CONSTRAINT `permission_role_permission_id_foreign` FOREIGN KEY (`permission_id`) REFERENCES `permissions` (`id`) ON DELETE CASCADE ON UPDATE CASCADE,
  ADD CONSTRAINT `permission_role_role_id_foreign` FOREIGN KEY (`role_id`) REFERENCES `roles` (`id`) ON DELETE CASCADE ON UPDATE CASCADE;

--
-- Constraints for table `projects`
--
ALTER TABLE `projects`
  ADD CONSTRAINT `projects_business_init_id_foreign` FOREIGN KEY (`business_init_id`) REFERENCES `business_initiatives` (`id`),
  ADD CONSTRAINT `projects_category_id_foreign` FOREIGN KEY (`category_id`) REFERENCES `categories` (`id`),
  ADD CONSTRAINT `projects_department_id_foreign` FOREIGN KEY (`department_id`) REFERENCES `department_masters` (`id`),
  ADD CONSTRAINT `projects_event_id_foreign` FOREIGN KEY (`event_id`) REFERENCES `events` (`id`),
  ADD CONSTRAINT `projects_status_id_foreign` FOREIGN KEY (`status_id`) REFERENCES `statuses` (`id`),
  ADD CONSTRAINT `projects_unit_id_foreign` FOREIGN KEY (`unit_id`) REFERENCES `units` (`id`),
  ADD CONSTRAINT `projects_user_id_foreign` FOREIGN KEY (`user_id`) REFERENCES `users` (`id`);

--
-- Constraints for table `project_files`
--
ALTER TABLE `project_files`
  ADD CONSTRAINT `project_files_project_id_foreign` FOREIGN KEY (`project_id`) REFERENCES `projects` (`id`),
  ADD CONSTRAINT `project_files_project_remark_id_foreign` FOREIGN KEY (`project_remark_id`) REFERENCES `project_histories` (`id`);

--
-- Constraints for table `project_histories`
--
ALTER TABLE `project_histories`
  ADD CONSTRAINT `project_histories_logedin_user_id_foreign` FOREIGN KEY (`logedin_user_id`) REFERENCES `users` (`id`),
  ADD CONSTRAINT `project_histories_project_id_foreign` FOREIGN KEY (`project_id`) REFERENCES `projects` (`id`),
  ADD CONSTRAINT `project_histories_status_id_foreign` FOREIGN KEY (`status_id`) REFERENCES `statuses` (`id`);

--
-- Constraints for table `roles`
--
ALTER TABLE `roles`
  ADD CONSTRAINT `roles_dept_foreign` FOREIGN KEY (`dept`) REFERENCES `departments` (`id`),
  ADD CONSTRAINT `roles_parent_foreign` FOREIGN KEY (`parent`) REFERENCES `roles` (`id`);

--
-- Constraints for table `role_module`
--
ALTER TABLE `role_module`
  ADD CONSTRAINT `role_module_module_id_foreign` FOREIGN KEY (`module_id`) REFERENCES `modules` (`id`) ON DELETE CASCADE ON UPDATE CASCADE,
  ADD CONSTRAINT `role_module_role_id_foreign` FOREIGN KEY (`role_id`) REFERENCES `roles` (`id`) ON DELETE CASCADE ON UPDATE CASCADE;

--
-- Constraints for table `role_module_fields`
--
ALTER TABLE `role_module_fields`
  ADD CONSTRAINT `role_module_fields_field_id_foreign` FOREIGN KEY (`field_id`) REFERENCES `module_fields` (`id`) ON DELETE CASCADE ON UPDATE CASCADE,
  ADD CONSTRAINT `role_module_fields_role_id_foreign` FOREIGN KEY (`role_id`) REFERENCES `roles` (`id`) ON DELETE CASCADE ON UPDATE CASCADE;

--
-- Constraints for table `role_user`
--
ALTER TABLE `role_user`
  ADD CONSTRAINT `role_user_role_id_foreign` FOREIGN KEY (`role_id`) REFERENCES `roles` (`id`) ON DELETE CASCADE ON UPDATE CASCADE,
  ADD CONSTRAINT `role_user_user_id_foreign` FOREIGN KEY (`user_id`) REFERENCES `users` (`id`) ON DELETE CASCADE ON UPDATE CASCADE;

--
-- Constraints for table `sections`
--
ALTER TABLE `sections`
  ADD CONSTRAINT `sections_dept_id_foreign` FOREIGN KEY (`dept_id`) REFERENCES `department_masters` (`id`);

--
-- Constraints for table `strategic_objectives`
--
ALTER TABLE `strategic_objectives`
  ADD CONSTRAINT `strategic_objectives_functions_is_foreign` FOREIGN KEY (`functions_id`) REFERENCES `function_mods` (`id`),
  ADD CONSTRAINT `strategic_objectives_unit_id_foreign` FOREIGN KEY (`unit_id`) REFERENCES `units` (`id`),
  ADD CONSTRAINT `strategic_objectives_unit_of_measurement_foreign` FOREIGN KEY (`unit_of_measurement`) REFERENCES `u_o_ms` (`id`),
  ADD CONSTRAINT `strategic_objectives_user_id_foreign` FOREIGN KEY (`user_id`) REFERENCES `users` (`id`);

--
-- Constraints for table `strategic_obj_statuses`
--
ALTER TABLE `strategic_obj_statuses`
  ADD CONSTRAINT `strategic_obj_statuses_s_o_id_foreign` FOREIGN KEY (`s_o_id`) REFERENCES `strategic_objectives` (`id`),
  ADD CONSTRAINT `strategic_obj_statuses_status_id_foreign` FOREIGN KEY (`status_id`) REFERENCES `str_obj_statuses` (`id`);

--
-- Constraints for table `str_obj_edit_comments`
--
ALTER TABLE `str_obj_edit_comments`
  ADD CONSTRAINT `str_obj_edit_comments_str_obj_id_foreign` FOREIGN KEY (`str_obj_id`) REFERENCES `strategic_objectives` (`id`),
  ADD CONSTRAINT `str_obj_edit_comments_user_id_foreign` FOREIGN KEY (`user_id`) REFERENCES `users` (`id`);

--
-- Constraints for table `tasks`
--
ALTER TABLE `tasks`
  ADD CONSTRAINT `tasks_department_master_id_foreign` FOREIGN KEY (`department_master_id`) REFERENCES `department_masters` (`id`),
  ADD CONSTRAINT `tasks_event_id_foreign` FOREIGN KEY (`event_id`) REFERENCES `events` (`id`),
  ADD CONSTRAINT `tasks_priority_id_foreign` FOREIGN KEY (`priority_id`) REFERENCES `priorities` (`id`),
  ADD CONSTRAINT `tasks_project_id_foreign` FOREIGN KEY (`project_id`) REFERENCES `projects` (`id`),
  ADD CONSTRAINT `tasks_status_id_foreign` FOREIGN KEY (`status_id`) REFERENCES `statuses` (`id`),
  ADD CONSTRAINT `tasks_task_owner_foreign` FOREIGN KEY (`task_owner_id`) REFERENCES `users` (`id`),
  ADD CONSTRAINT `tasks_unit_id_foreign` FOREIGN KEY (`unit_id`) REFERENCES `units` (`id`),
  ADD CONSTRAINT `tasks_user_id_foreign` FOREIGN KEY (`user_id`) REFERENCES `users` (`id`);

--
-- Constraints for table `tasks_files`
--
ALTER TABLE `tasks_files`
  ADD CONSTRAINT `tasks_files_logedin_user_id_foreign` FOREIGN KEY (`logedin_user_id`) REFERENCES `users` (`id`),
  ADD CONSTRAINT `tasks_files_task_id_foreign` FOREIGN KEY (`task_id`) REFERENCES `tasks` (`id`);

--
-- Constraints for table `task_assigns`
--
ALTER TABLE `task_assigns`
  ADD CONSTRAINT `task_assigns_task_id_foreign` FOREIGN KEY (`task_id`) REFERENCES `tasks` (`id`);

--
-- Constraints for table `task_histories`
--
ALTER TABLE `task_histories`
  ADD CONSTRAINT `task_histories_logedin_user_id_foreign` FOREIGN KEY (`logedin_user_id`) REFERENCES `users` (`id`),
  ADD CONSTRAINT `task_histories_status_id_foreign` FOREIGN KEY (`status_id`) REFERENCES `statuses` (`id`),
  ADD CONSTRAINT `task_histories_task_id_foreign` FOREIGN KEY (`task_id`) REFERENCES `tasks` (`id`);

--
-- Constraints for table `units`
--
ALTER TABLE `units`
  ADD CONSTRAINT `units_company_id_foreign` FOREIGN KEY (`company_id`) REFERENCES `company_profiles` (`id`);

--
-- Constraints for table `uploads`
--
ALTER TABLE `uploads`
  ADD CONSTRAINT `uploads_user_id_foreign` FOREIGN KEY (`user_id`) REFERENCES `users` (`id`);

/*!40101 SET CHARACTER_SET_CLIENT=@OLD_CHARACTER_SET_CLIENT */;
/*!40101 SET CHARACTER_SET_RESULTS=@OLD_CHARACTER_SET_RESULTS */;
/*!40101 SET COLLATION_CONNECTION=@OLD_COLLATION_CONNECTION */;
